lead_id,company,industry,employees,source,title_level,web_visits,pricing_views,email_open_rate,demo_requested,days_since_activity,message,converted
L1299,Manufacturing Corp 372,manufacturing,61.0,paid,0.0,1,2,0.03,0,21.0,need pricing; compare vendors; request demo,0
L0591,Retail Corp 347,retail,66.0,webinar,0.0,8,4,0.18,1,24.0,need pricing; request demo; ready to buy,0
L1319,Education Corp 173,education,8.0,paid,3.0,5,3,0.19,0,4.0,budget approved; general information; student project,0
L1067,Fintech Corp 126,fintech,168.0,paid,1.0,1,1,0.12,0,22.0,ready to buy; newsletter; send brochure,0
L0029,Fintech Corp 285,fintech,36.0,webinar,0.0,4,0,0.47,0,38.0,implement this quarter; budget approved; ready to buy,0
L1058,Retail Corp 258,retail,116.0,webinar,1.0,8,2,0.29,0,22.0,send brochure; curious about ai; budget approved,0
L0712,Education Corp 358,education,70.0,organic,1.0,3,3,0.41,0,4.0,ready to buy; compare vendors; need pricing,0
L0453,Logistics Corp 76,logistics,5.0,paid,1.0,3,2,0.72,0,13.0,request demo; budget approved; curious about ai,0
L1647,Education Corp 309,education,16.0,webinar,0.0,4,4,0.54,0,15.0,general information; newsletter; curious about ai,1
L0757,Healthcare Corp 353,healthcare,90.0,organic,1.0,2,2,0.77,0,2.0,request demo; student project; general information,1
L0941,Education Corp 6,education,355.0,referral,0.0,4,3,0.33,0,3.0,budget approved; need pricing; request demo,1
L0834,Fintech Corp 369,fintech,55.0,organic,2.0,4,3,0.83,0,6.0,implement this quarter; need pricing; general information,0
L0829,Manufacturing Corp 256,manufacturing,164.0,organic,1.0,2,2,0.58,0,46.0,newsletter; general information; curious about ai,0
L0233,Retail Corp 276,retail,1359.0,paid,1.0,3,1,0.47,0,41.0,just browsing; general information; newsletter,0
L0788,Education Corp 42,education,,referral,,6,2,0.5,0,32.0,ready to buy; send brochure; newsletter,0
L0706,Education Corp 215,education,40.0,organic,0.0,3,0,0.41,0,15.0,send brochure; student project; budget approved,0
L0070,Logistics Corp 233,logistics,15.0,organic,0.0,5,0,0.2,0,15.0,ready to buy; curious about ai; student project,0
L1121,Logistics Corp 20,logistics,98.0,paid,1.0,0,1,0.17,0,4.0,student project; curious about ai; send brochure,0
L0128,Logistics Corp 270,logistics,122.0,cold_list,1.0,2,2,0.65,1,42.0,student project; compare vendors; just browsing,0
L1537,Fintech Corp 347,fintech,69.0,organic,0.0,3,1,0.09,0,31.0,student project; newsletter; request demo,0
L0056,Retail Corp 195,retail,1003.0,referral,3.0,4,2,0.54,0,28.0,just browsing; newsletter; general information,1
L1514,Healthcare Corp 341,healthcare,336.0,webinar,1.0,4,1,0.57,1,9.0,student project; implement this quarter; budget approved,1
L0619,Logistics Corp 49,logistics,90.0,cold_list,0.0,3,2,0.33,0,0.0,curious about ai; compare vendors; just browsing,1
L1646,Manufacturing Corp 305,manufacturing,2306.0,webinar,1.0,3,4,0.71,0,7.0,need pricing; ready to buy; general information,1
L1676,Fintech Corp 16,fintech,,cold_list,1.0,4,5,0.48,0,11.0,need pricing; student project; ready to buy,0
L0416,Logistics Corp 128,logistics,73.0,webinar,2.0,2,1,0.2,0,12.0,student project; curious about ai; general information,0
L0985,Healthcare Corp 335,healthcare,842.0,paid,0.0,3,2,0.16,0,11.0,general information; send brochure; compare vendors,0
L0874,Fintech Corp 313,fintech,2546.0,cold_list,1.0,3,3,0.51,0,1.0,just browsing; request demo; compare vendors,0
L1083,Education Corp 28,education,34.0,webinar,0.0,4,0,0.5,0,5.0,curious about ai; newsletter; send brochure,0
L1094,Retail Corp 93,retail,633.0,cold_list,0.0,3,1,0.46,0,3.0,ready to buy; general information; implement this quarter,1
L1041,Fintech Corp 61,fintech,21.0,organic,1.0,5,1,0.2,0,6.0,newsletter; need pricing; curious about ai,0
L1310,Manufacturing Corp 286,manufacturing,166.0,paid,1.0,9,6,0.47,1,5.0,compare vendors; budget approved; need pricing,1
L1006,Healthcare Corp 292,healthcare,96.0,webinar,1.0,7,0,0.56,0,30.0,student project; implement this quarter; newsletter,0
L1826,Retail Corp 284,retail,9.0,organic,,4,3,0.29,0,48.0,just browsing; ready to buy; general information,0
L1022,Healthcare Corp 357,healthcare,85.0,organic,0.0,2,1,0.72,1,2.0,implement this quarter; just browsing; ready to buy,0
L1687,Retail Corp 109,retail,88.0,paid,2.0,2,0,0.27,0,3.0,send brochure; newsletter; curious about ai,0
L1703,Fintech Corp 89,fintech,31.0,paid,3.0,1,1,0.35,0,27.0,just browsing; general information; implement this quarter,0
L0342,Education Corp 340,education,38.0,paid,1.0,6,3,0.34,0,56.0,budget approved; newsletter; compare vendors,0
L1813,Manufacturing Corp 84,manufacturing,332.0,paid,0.0,3,1,0.11,0,6.0,student project; send brochure; general information,0
L0450,Logistics Corp 19,logistics,12.0,paid,1.0,3,5,0.35,1,47.0,need pricing; implement this quarter; compare vendors,0
L1505,Retail Corp 377,retail,114.0,paid,,3,0,0.34,0,0.0,general information; student project; newsletter,1
L1779,Retail Corp 95,retail,109.0,organic,2.0,0,2,0.61,0,6.0,newsletter; general information; request demo,0
L1433,Logistics Corp 51,logistics,13.0,organic,1.0,5,0,0.46,0,50.0,compare vendors; need pricing; implement this quarter,0
L0220,Manufacturing Corp 333,manufacturing,106.0,paid,0.0,2,1,0.3,0,21.0,newsletter; student project; compare vendors,0
L0211,Retail Corp 4,retail,3852.0,cold_list,2.0,8,1,0.65,0,7.0,send brochure; newsletter; budget approved,1
L0464,Retail Corp 27,retail,,webinar,2.0,7,3,0.17,0,3.0,student project; ready to buy; implement this quarter,0
L0111,Logistics Corp 204,logistics,349.0,organic,1.0,6,0,0.31,1,1.0,student project; newsletter; send brochure,0
L1829,Retail Corp 330,retail,1067.0,paid,3.0,8,4,0.62,0,50.0,general information; request demo; curious about ai,0
L1317,Logistics Corp 317,logistics,79.0,organic,0.0,5,4,0.15,1,4.0,compare vendors; ready to buy; request demo,1
D0011,retail corporation 386,retail,,referral,0.0,4,4,0.16,0,4.0,implement this quarter; ready to buy; compare vendors,0
L0289,Logistics Corp 396,logistics,189.0,organic,0.0,2,2,0.48,0,3.0,send brochure; newsletter; student project,0
L0611,Fintech Corp 119,fintech,129.0,paid,0.0,2,1,0.32,1,6.0,curious about ai; send brochure; implement this quarter,0
L1332,Retail Corp 251,retail,402.0,paid,1.0,5,4,0.26,0,4.0,need pricing; budget approved; curious about ai,0
L0538,Logistics Corp 143,logistics,37.0,cold_list,3.0,4,1,0.3,0,7.0,student project; general information; newsletter,1
L0306,Manufacturing Corp 324,manufacturing,36.0,paid,1.0,4,0,0.4,0,20.0,just browsing; send brochure; budget approved,0
L0188,Fintech Corp 28,fintech,166.0,cold_list,1.0,3,0,0.06,0,77.0,student project; curious about ai; send brochure,0
L1425,Manufacturing Corp 281,manufacturing,133.0,paid,,2,0,0.57,1,3.0,curious about ai; newsletter; student project,1
L1490,Logistics Corp 379,logistics,65.0,referral,0.0,2,1,0.43,0,17.0,just browsing; budget approved; compare vendors,1
L0482,Retail Corp 163,retail,142.0,webinar,3.0,3,0,0.06,0,5.0,compare vendors; student project; just browsing,0
L1608,Retail Corp 353,retail,80.0,paid,,2,1,0.39,0,61.0,just browsing; budget approved; ready to buy,0
L0692,Manufacturing Corp 83,manufacturing,51.0,webinar,1.0,3,2,0.23,0,5.0,curious about ai; newsletter; compare vendors,1
L1557,Retail Corp 394,retail,44.0,referral,2.0,6,4,0.29,1,24.0,request demo; newsletter; budget approved,1
L0530,Fintech Corp 108,fintech,86.0,referral,3.0,4,1,0.1,0,29.0,ready to buy; newsletter; just browsing,0
L1791,Manufacturing Corp 239,manufacturing,11.0,organic,2.0,2,1,0.32,0,9.0,send brochure; student project; curious about ai,0
L1293,Manufacturing Corp 357,manufacturing,309.0,cold_list,2.0,2,3,0.33,0,24.0,send brochure; request demo; general information,0
L1378,Fintech Corp 40,fintech,59.0,paid,0.0,3,1,0.57,0,3.0,student project; curious about ai; newsletter,0
L0535,Logistics Corp 297,logistics,287.0,paid,1.0,3,3,0.26,0,2.0,student project; general information; newsletter,1
L1575,Manufacturing Corp 177,manufacturing,757.0,referral,1.0,3,2,0.12,0,1.0,implement this quarter; curious about ai; need pricing,0
L1318,Fintech Corp 393,fintech,61.0,paid,2.0,2,1,0.03,0,2.0,newsletter; ready to buy; student project,0
L1283,Fintech Corp 379,fintech,324.0,webinar,1.0,3,3,0.71,1,33.0,request demo; ready to buy; implement this quarter,0
L0239,Logistics Corp 208,logistics,125.0,cold_list,0.0,8,2,0.32,0,12.0,curious about ai; just browsing; general information,0
L0367,Fintech Corp 115,fintech,,organic,1.0,3,0,0.74,0,53.0,newsletter; curious about ai; student project,0
L1720,Logistics Corp 9,logistics,1294.0,paid,1.0,5,3,0.32,0,46.0,send brochure; request demo; just browsing,0
L1812,Fintech Corp 319,fintech,178.0,referral,,4,2,0.13,0,9.0,send brochure; newsletter; request demo,0
L0721,Retail Corp 343,retail,762.0,paid,0.0,5,2,0.18,0,31.0,curious about ai; student project; send brochure,0
L1914,Logistics Corp 110,logistics,207.0,webinar,2.0,10,4,0.45,0,19.0,newsletter; need pricing; general information,1
L1333,Healthcare Corp 175,healthcare,59.0,paid,3.0,5,0,0.5,0,4.0,newsletter; just browsing; curious about ai,0
L0599,Fintech Corp 286,fintech,165.0,webinar,,8,1,0.05,0,18.0,general information; need pricing; send brochure,1
L1368,Logistics Corp 13,logistics,274.0,cold_list,2.0,4,0,0.31,0,8.0,newsletter; student project; curious about ai,0
L1429,Retail Corp 73,retail,90.0,organic,1.0,3,1,0.49,1,3.0,implement this quarter; ready to buy; general information,0
L1629,Manufacturing Corp 38,manufacturing,149.0,paid,3.0,3,1,0.09,1,8.0,compare vendors; student project; implement this quarter,0
L0654,Education Corp 281,education,18.0,organic,0.0,1,0,0.24,0,4.0,newsletter; ready to buy; send brochure,0
L0532,Manufacturing Corp 62,manufacturing,300.0,paid,1.0,4,1,0.79,0,25.0,ready to buy; send brochure; student project,0
L0065,Retail Corp 72,retail,101.0,paid,1.0,4,1,0.49,0,10.0,newsletter; compare vendors; need pricing,1
L1983,Manufacturing Corp 367,manufacturing,109.0,webinar,1.0,7,3,0.34,0,43.0,compare vendors; need pricing; ready to buy,1
L0124,Logistics Corp 136,logistics,30.0,webinar,1.0,2,1,0.15,0,10.0,send brochure; need pricing; newsletter,0
L0100,Healthcare Corp 182,healthcare,,organic,2.0,3,0,0.3,0,1.0,just browsing; student project; send brochure,0
L0900,Retail Corp 70,retail,771.0,paid,2.0,5,2,0.39,0,34.0,general information; implement this quarter; student project,1
L0210,Fintech Corp 16,fintech,503.0,webinar,0.0,5,3,0.22,0,3.0,newsletter; send brochure; ready to buy,0
L1230,Logistics Corp 5,logistics,17.0,paid,2.0,8,5,0.46,0,15.0,student project; ready to buy; request demo,1
L1523,Education Corp 177,education,437.0,organic,0.0,3,0,0.14,0,33.0,send brochure; curious about ai; just browsing,0
L1181,Logistics Corp 16,logistics,516.0,paid,0.0,2,2,0.4,0,26.0,ready to buy; curious about ai; just browsing,0
L0905,Fintech Corp 264,fintech,15.0,webinar,2.0,4,3,0.18,0,10.0,general information; send brochure; just browsing,0
L0939,Logistics Corp 147,logistics,42.0,cold_list,,4,1,0.02,0,74.0,just browsing; curious about ai; implement this quarter,0
L1851,Healthcare Corp 237,healthcare,34.0,paid,1.0,4,1,0.32,0,2.0,ready to buy; student project; curious about ai,0
L1978,Fintech Corp 171,fintech,415.0,referral,2.0,9,2,0.22,0,42.0,ready to buy; curious about ai; just browsing,0
L0519,Education Corp 96,education,31.0,organic,1.0,6,1,0.07,0,6.0,newsletter; need pricing; send brochure,0
L0471,Retail Corp 29,retail,1539.0,referral,3.0,2,3,0.33,0,33.0,general information; need pricing; just browsing,0
L0705,Retail Corp 43,retail,27.0,cold_list,1.0,7,4,0.12,0,9.0,budget approved; compare vendors; need pricing,0
L1493,Education Corp 301,education,,organic,1.0,4,2,0.11,0,13.0,send brochure; request demo; budget approved,0
L0746,Manufacturing Corp 117,manufacturing,23.0,webinar,1.0,2,1,0.14,0,27.0,implement this quarter; just browsing; send brochure,0
L0196,Retail Corp 385,retail,257.0,webinar,0.0,1,0,0.18,0,4.0,just browsing; request demo; send brochure,0
L0630,Healthcare Corp 154,healthcare,362.0,cold_list,1.0,2,1,0.39,0,6.0,budget approved; just browsing; send brochure,0
L0184,Education Corp 276,education,511.0,paid,0.0,3,0,0.24,0,2.0,newsletter; general information; student project,0
L0486,Retail Corp 393,retail,209.0,referral,0.0,1,1,0.23,0,52.0,newsletter; general information; compare vendors,0
L0297,Education Corp 146,education,239.0,paid,3.0,5,3,0.25,0,8.0,curious about ai; newsletter; general information,0
L1954,Healthcare Corp 189,healthcare,14.0,webinar,0.0,3,2,0.28,0,5.0,need pricing; just browsing; student project,0
L1785,Education Corp 120,education,13.0,organic,1.0,2,2,0.23,0,5.0,general information; request demo; need pricing,0
L1758,Healthcare Corp 246,healthcare,110.0,paid,0.0,4,3,0.13,0,2.0,implement this quarter; budget approved; request demo,0
L1820,Healthcare Corp 181,healthcare,29.0,webinar,,3,5,0.35,1,4.0,need pricing; compare vendors; ready to buy,1
L0485,Manufacturing Corp 371,manufacturing,109.0,organic,1.0,2,3,0.12,0,22.0,budget approved; need pricing; request demo,0
L1385,Logistics Corp 21,logistics,63.0,paid,,5,3,0.14,0,22.0,curious about ai; newsletter; send brochure,1
L1262,Manufacturing Corp 332,manufacturing,479.0,webinar,0.0,3,3,0.37,1,3.0,just browsing; curious about ai; need pricing,1
L1677,Retail Corp 2,retail,43.0,paid,0.0,4,3,0.63,1,15.0,ready to buy; compare vendors; curious about ai,0
L0411,Fintech Corp 363,fintech,426.0,organic,0.0,6,5,0.48,0,26.0,ready to buy; need pricing; budget approved,1
L0495,Retail Corp 301,retail,50.0,organic,0.0,8,3,0.4,1,21.0,compare vendors; ready to buy; budget approved,0
L0720,Retail Corp 339,retail,160.0,paid,1.0,4,2,0.1,0,18.0,budget approved; send brochure; implement this quarter,0
L0316,Manufacturing Corp 365,manufacturing,24.0,referral,1.0,4,1,0.15,0,33.0,student project; general information; just browsing,0
L0759,Retail Corp 122,retail,83.0,organic,1.0,8,1,0.11,0,6.0,send brochure; request demo; just browsing,1
L1222,Healthcare Corp 346,healthcare,125.0,cold_list,3.0,6,1,0.61,1,21.0,implement this quarter; budget approved; request demo,1
L0807,Logistics Corp 160,logistics,50.0,organic,0.0,7,2,0.4,0,13.0,newsletter; just browsing; general information,0
L0069,Retail Corp 158,retail,18.0,webinar,2.0,2,0,0.06,0,11.0,send brochure; student project; newsletter,0
L0212,Logistics Corp 151,logistics,11.0,cold_list,0.0,4,1,0.23,1,15.0,need pricing; student project; compare vendors,0
L1702,Manufacturing Corp 368,manufacturing,1200.0,organic,0.0,1,2,0.13,1,23.0,just browsing; newsletter; send brochure,0
D0008,retail corporation 72,retail,101.0,paid,1.0,4,1,0.49,0,10.0,newsletter; compare vendors; need pricing,1
L0529,Manufacturing Corp 218,manufacturing,87.0,organic,3.0,9,2,0.17,1,29.0,budget approved; request demo; just browsing,1
L1322,Logistics Corp 190,logistics,6.0,cold_list,2.0,3,2,0.26,0,27.0,curious about ai; need pricing; just browsing,0
L1671,Fintech Corp 133,fintech,,paid,,6,1,0.42,0,27.0,budget approved; send brochure; compare vendors,0
L0382,Education Corp 376,education,294.0,cold_list,,4,4,0.38,0,1.0,implement this quarter; need pricing; budget approved,0
L0099,Healthcare Corp 349,healthcare,160.0,organic,,8,2,0.14,0,25.0,implement this quarter; general information; just browsing,0
L0832,Manufacturing Corp 2,manufacturing,92.0,organic,1.0,7,5,0.3,1,12.0,compare vendors; request demo; need pricing,1
L0247,Manufacturing Corp 20,manufacturing,112.0,organic,2.0,5,2,0.11,1,20.0,just browsing; request demo; budget approved,1
L1883,Fintech Corp 89,fintech,66.0,webinar,0.0,8,6,0.21,0,9.0,implement this quarter; budget approved; request demo,1
L1998,Education Corp 255,education,59.0,referral,,8,1,0.38,0,13.0,request demo; student project; curious about ai,0
D0017,logistics corporation 270,logistics,122.0,cold_list,1.0,2,2,0.65,1,42.0,student project; compare vendors; just browsing,0
L1270,Healthcare Corp 359,healthcare,46.0,organic,0.0,3,1,0.13,0,49.0,curious about ai; student project; just browsing,0
L1802,Logistics Corp 104,logistics,19.0,cold_list,2.0,3,3,0.67,0,30.0,newsletter; implement this quarter; curious about ai,0
D0002,healthcare corporation 175,healthcare,59.0,paid,3.0,5,0,0.5,0,4.0,newsletter; just browsing; curious about ai,0
L0949,Manufacturing Corp 115,manufacturing,58.0,organic,2.0,6,2,0.31,1,24.0,compare vendors; request demo; ready to buy,1
L0548,Fintech Corp 262,fintech,187.0,webinar,0.0,6,2,0.32,0,13.0,budget approved; compare vendors; need pricing,0
L0543,Healthcare Corp 23,healthcare,49.0,paid,,3,0,0.15,0,70.0,ready to buy; student project; curious about ai,0
L1412,Education Corp 65,education,69.0,referral,1.0,5,1,0.39,0,4.0,curious about ai; need pricing; implement this quarter,0
L0438,Fintech Corp 221,fintech,149.0,referral,1.0,4,1,0.22,0,28.0,newsletter; send brochure; just browsing,0
L1601,Logistics Corp 246,logistics,,cold_list,2.0,1,0,0.01,0,9.0,student project; just browsing; general information,0
L1284,Healthcare Corp 80,healthcare,,webinar,,3,0,0.19,0,22.0,general information; just browsing; send brochure,0
L0299,Fintech Corp 229,fintech,381.0,organic,1.0,2,2,0.04,1,6.0,budget approved; need pricing; request demo,1
L0962,Logistics Corp 365,logistics,1075.0,organic,,4,0,0.29,0,15.0,curious about ai; general information; student project,0
L0514,Manufacturing Corp 307,manufacturing,102.0,paid,3.0,5,1,0.16,0,37.0,newsletter; curious about ai; just browsing,1
L1335,Education Corp 288,education,75.0,webinar,0.0,5,2,0.47,0,0.0,just browsing; ready to buy; budget approved,0
L1285,Healthcare Corp 278,healthcare,423.0,organic,1.0,1,1,0.29,0,9.0,student project; send brochure; need pricing,0
L1078,Fintech Corp 164,fintech,158.0,webinar,1.0,1,3,0.45,0,12.0,curious about ai; compare vendors; ready to buy,0
L0429,Education Corp 193,education,,paid,0.0,4,2,0.38,0,2.0,just browsing; curious about ai; send brochure,1
L0321,Retail Corp 126,retail,,webinar,2.0,3,0,0.08,0,4.0,ready to buy; student project; budget approved,0
L0427,Education Corp 99,education,14.0,organic,2.0,4,0,0.41,0,12.0,just browsing; newsletter; curious about ai,0
L1316,Retail Corp 321,retail,65.0,cold_list,0.0,7,2,0.33,1,65.0,general information; send brochure; student project,0
L0812,Healthcare Corp 167,healthcare,971.0,cold_list,3.0,1,2,0.31,0,10.0,curious about ai; implement this quarter; compare vendors,0
L0940,Manufacturing Corp 52,manufacturing,21.0,referral,0.0,4,0,0.64,0,3.0,curious about ai; just browsing; student project,0
L1233,Fintech Corp 369,fintech,63.0,cold_list,,1,0,0.18,0,19.0,curious about ai; newsletter; general information,0
L0275,Manufacturing Corp 80,manufacturing,187.0,webinar,1.0,4,3,0.62,0,9.0,student project; curious about ai; send brochure,0
L0254,Manufacturing Corp 93,manufacturing,57.0,organic,0.0,1,1,0.68,0,22.0,just browsing; implement this quarter; general information,0
L1564,Education Corp 313,education,234.0,paid,1.0,6,3,0.58,0,9.0,compare vendors; budget approved; student project,0
L1054,Manufacturing Corp 148,manufacturing,260.0,paid,,0,0,0.13,0,30.0,student project; curious about ai; send brochure,0
L0922,Fintech Corp 58,fintech,49.0,referral,1.0,4,2,0.3,0,33.0,need pricing; curious about ai; ready to buy,0
L1769,Education Corp 268,education,87.0,organic,,3,0,0.4,0,6.0,curious about ai; student project; newsletter,0
L0964,Healthcare Corp 41,healthcare,326.0,paid,2.0,5,1,0.64,0,11.0,general information; student project; send brochure,0
L0432,Fintech Corp 219,fintech,237.0,paid,1.0,3,2,0.26,1,41.0,newsletter; compare vendors; ready to buy,0
L0937,Logistics Corp 390,logistics,,paid,1.0,6,4,0.13,0,12.0,student project; send brochure; general information,1
L0786,Education Corp 328,education,231.0,paid,0.0,2,4,0.52,0,43.0,need pricing; just browsing; curious about ai,0
L0693,Manufacturing Corp 285,manufacturing,145.0,paid,0.0,5,3,0.14,1,7.0,request demo; compare vendors; need pricing,0
L0849,Healthcare Corp 329,healthcare,33.0,cold_list,1.0,6,4,0.43,0,50.0,compare vendors; budget approved; need pricing,0
L0944,Retail Corp 366,retail,285.0,organic,1.0,3,1,0.12,1,10.0,send brochure; curious about ai; budget approved,0
L1619,Logistics Corp 88,logistics,45.0,paid,1.0,2,1,0.28,0,3.0,just browsing; need pricing; curious about ai,0
L0561,Manufacturing Corp 164,manufacturing,101.0,cold_list,2.0,7,1,0.24,1,19.0,just browsing; curious about ai; student project,0
L1144,Manufacturing Corp 54,manufacturing,215.0,paid,1.0,2,1,0.12,0,25.0,newsletter; send brochure; implement this quarter,0
L0305,Retail Corp 243,retail,5.0,cold_list,0.0,5,3,0.49,0,20.0,send brochure; newsletter; student project,0
L1187,Healthcare Corp 132,healthcare,74.0,webinar,1.0,2,1,0.56,0,21.0,curious about ai; general information; just browsing,0
L1566,Logistics Corp 340,logistics,105.0,webinar,,4,1,0.49,0,41.0,curious about ai; general information; compare vendors,0
L0607,Logistics Corp 365,logistics,559.0,cold_list,1.0,4,1,0.52,0,24.0,request demo; just browsing; curious about ai,0
L0115,Education Corp 340,education,64.0,paid,2.0,4,3,0.24,0,11.0,newsletter; just browsing; ready to buy,0
L1716,Manufacturing Corp 380,manufacturing,197.0,organic,0.0,1,0,0.39,1,52.0,curious about ai; student project; send brochure,0
L0231,Manufacturing Corp 84,manufacturing,85.0,referral,2.0,7,3,0.52,0,9.0,need pricing; request demo; curious about ai,1
L1878,Retail Corp 11,retail,36.0,paid,1.0,4,1,0.33,0,35.0,implement this quarter; student project; send brochure,0
L1831,Healthcare Corp 78,healthcare,65.0,webinar,0.0,3,3,0.61,0,31.0,implement this quarter; newsletter; compare vendors,0
L1724,Retail Corp 318,retail,110.0,organic,3.0,7,1,0.65,0,3.0,curious about ai; student project; need pricing,0
L0982,Fintech Corp 340,fintech,632.0,cold_list,0.0,3,4,0.51,1,13.0,ready to buy; budget approved; need pricing,0
L0752,Manufacturing Corp 216,manufacturing,5.0,webinar,1.0,3,2,0.6,0,75.0,just browsing; newsletter; student project,0
L0610,Retail Corp 132,retail,29.0,webinar,1.0,2,1,0.14,1,32.0,need pricing; send brochure; implement this quarter,0
L0534,Logistics Corp 3,logistics,99.0,cold_list,0.0,4,2,0.34,0,6.0,compare vendors; newsletter; budget approved,0
L1488,Healthcare Corp 173,healthcare,61.0,paid,2.0,4,1,0.45,0,4.0,curious about ai; request demo; student project,0
L0650,Manufacturing Corp 45,manufacturing,31.0,paid,1.0,0,1,0.44,0,37.0,student project; just browsing; newsletter,0
D0024,retail corporation 67,retail,151.0,referral,0.0,5,3,0.52,0,7.0,student project; compare vendors; just browsing,0
L0943,Manufacturing Corp 275,manufacturing,,paid,3.0,5,0,0.47,0,49.0,compare vendors; just browsing; curious about ai,0
L1302,Fintech Corp 346,fintech,844.0,paid,0.0,5,1,0.53,0,5.0,student project; send brochure; general information,0
L1775,Retail Corp 313,retail,38.0,organic,3.0,8,3,0.51,0,19.0,need pricing; ready to buy; budget approved,0
L0433,Education Corp 170,education,428.0,paid,2.0,0,0,0.38,0,4.0,student project; just browsing; general information,0
L0120,Retail Corp 3,retail,19.0,organic,1.0,3,4,0.42,0,4.0,ready to buy; budget approved; request demo,1
L1393,Logistics Corp 222,logistics,201.0,paid,2.0,5,5,0.49,0,17.0,just browsing; ready to buy; curious about ai,1
L1755,Retail Corp 299,retail,183.0,organic,0.0,2,1,0.58,0,7.0,send brochure; general information; need pricing,0
L1454,Manufacturing Corp 134,manufacturing,94.0,paid,1.0,2,0,0.34,0,4.0,send brochure; student project; just browsing,0
L1040,Logistics Corp 36,logistics,37.0,webinar,0.0,5,2,0.29,0,3.0,request demo; general information; compare vendors,0
L1476,Retail Corp 158,retail,,cold_list,0.0,6,5,0.49,1,0.0,ready to buy; budget approved; compare vendors,1
L1548,Manufacturing Corp 234,manufacturing,21.0,organic,2.0,2,0,0.7,1,30.0,general information; just browsing; compare vendors,0
L0135,Logistics Corp 37,logistics,128.0,cold_list,0.0,8,2,0.26,0,4.0,implement this quarter; just browsing; request demo,0
L1694,Fintech Corp 105,fintech,106.0,cold_list,3.0,3,0,0.61,0,0.0,student project; just browsing; send brochure,0
L0755,Manufacturing Corp 272,manufacturing,93.0,paid,2.0,6,0,0.3,0,1.0,implement this quarter; general information; newsletter,0
L0993,Logistics Corp 128,logistics,,webinar,0.0,7,4,0.52,0,1.0,request demo; implement this quarter; compare vendors,0
L0554,Logistics Corp 63,logistics,67.0,paid,,3,3,0.29,0,29.0,compare vendors; request demo; newsletter,0
L0694,Healthcare Corp 297,healthcare,2232.0,webinar,0.0,4,0,0.45,0,18.0,send brochure; student project; general information,0
L1193,Healthcare Corp 93,healthcare,1002.0,webinar,2.0,6,2,0.28,0,4.0,ready to buy; curious about ai; student project,0
L1741,Manufacturing Corp 297,manufacturing,40.0,paid,2.0,7,4,0.46,0,3.0,compare vendors; request demo; general information,1
L0886,Manufacturing Corp 260,manufacturing,414.0,webinar,2.0,2,1,0.05,0,10.0,implement this quarter; send brochure; newsletter,0
L0109,Healthcare Corp 268,healthcare,67.0,organic,,6,3,0.32,1,42.0,need pricing; implement this quarter; compare vendors,0
L1442,Logistics Corp 32,logistics,71.0,paid,3.0,2,0,0.22,0,0.0,budget approved; general information; newsletter,1
L1892,Retail Corp 38,retail,3503.0,organic,1.0,6,0,0.17,0,14.0,just browsing; newsletter; general information,0
L0756,Manufacturing Corp 234,manufacturing,,paid,2.0,3,4,0.09,0,22.0,request demo; need pricing; newsletter,1
L0588,Logistics Corp 287,logistics,277.0,paid,,6,1,0.24,1,11.0,compare vendors; general information; implement this quarter,1
L0237,Education Corp 315,education,27.0,cold_list,1.0,7,1,0.13,0,9.0,ready to buy; just browsing; newsletter,0
L1857,Manufacturing Corp 192,manufacturing,50.0,paid,1.0,0,2,0.2,0,3.0,request demo; just browsing; newsletter,0
L1160,Logistics Corp 211,logistics,263.0,referral,1.0,2,0,0.37,0,4.0,curious about ai; student project; just browsing,0
L0063,Education Corp 206,education,212.0,paid,0.0,6,3,0.8,0,23.0,compare vendors; implement this quarter; send brochure,0
D0028,manufacturing corporation 225,manufacturing,54.0,organic,3.0,4,3,0.36,0,5.0,send brochure; general information; compare vendors,1
L0909,Manufacturing Corp 310,manufacturing,24.0,organic,1.0,2,1,0.14,0,16.0,student project; just browsing; send brochure,0
L1953,Healthcare Corp 395,healthcare,26.0,organic,0.0,4,2,0.08,0,28.0,newsletter; implement this quarter; send brochure,0
L0281,Logistics Corp 343,logistics,95.0,referral,1.0,8,1,0.44,0,9.0,send brochure; curious about ai; newsletter,1
L0818,Fintech Corp 286,fintech,80.0,webinar,0.0,8,4,0.55,1,14.0,request demo; ready to buy; general information,1
L1599,Manufacturing Corp 210,manufacturing,,organic,0.0,7,3,0.37,0,50.0,curious about ai; ready to buy; compare vendors,1
L0990,Fintech Corp 161,fintech,134.0,paid,3.0,3,2,0.13,0,8.0,budget approved; student project; need pricing,1
L0324,Education Corp 372,education,8.0,webinar,,1,0,0.48,0,15.0,request demo; general information; just browsing,0
D0005,retail corporation 292,retail,221.0,cold_list,,2,0,0.12,0,5.0,budget approved; curious about ai; send brochure,0
L1177,Manufacturing Corp 106,manufacturing,106.0,webinar,0.0,4,2,0.22,1,59.0,general information; implement this quarter; newsletter,0
L1959,Fintech Corp 141,fintech,5.0,paid,2.0,4,2,0.37,0,11.0,implement this quarter; ready to buy; compare vendors,0
L1980,Education Corp 333,education,130.0,webinar,,3,0,0.67,0,51.0,general information; ready to buy; newsletter,0
L1483,Manufacturing Corp 201,manufacturing,69.0,organic,1.0,6,2,0.4,0,1.0,curious about ai; send brochure; compare vendors,0
L1370,Logistics Corp 47,logistics,144.0,organic,0.0,2,2,0.29,0,16.0,newsletter; budget approved; student project,0
L1352,Manufacturing Corp 198,manufacturing,,webinar,,4,2,0.1,0,107.0,implement this quarter; need pricing; request demo,0
L0251,Education Corp 68,education,55.0,organic,0.0,2,1,0.28,0,30.0,curious about ai; just browsing; send brochure,0
L1120,Fintech Corp 117,fintech,33.0,organic,0.0,3,0,0.43,0,5.0,newsletter; request demo; student project,0
L1618,Healthcare Corp 163,healthcare,91.0,cold_list,1.0,1,2,0.44,1,14.0,request demo; need pricing; ready to buy,0
L0614,Manufacturing Corp 38,manufacturing,183.0,referral,2.0,3,1,0.57,0,0.0,student project; send brochure; ready to buy,0
L0570,Manufacturing Corp 154,manufacturing,242.0,organic,0.0,1,2,0.2,0,15.0,need pricing; general information; request demo,0
D0052,education corporation 394,education,20.0,webinar,0.0,5,1,0.49,0,26.0,compare vendors; general information; implement this quarter,0
L1873,Healthcare Corp 292,healthcare,135.0,paid,2.0,3,0,0.6,0,74.0,curious about ai; implement this quarter; general information,0
L0298,Education Corp 75,education,5.0,cold_list,2.0,3,2,0.36,0,65.0,ready to buy; send brochure; implement this quarter,0
L0121,Fintech Corp 280,fintech,95.0,cold_list,3.0,3,0,0.07,0,33.0,send brochure; newsletter; just browsing,0
L1580,Healthcare Corp 235,healthcare,18.0,webinar,2.0,6,1,0.58,0,18.0,curious about ai; newsletter; request demo,0
L0023,Healthcare Corp 215,healthcare,771.0,organic,0.0,7,0,0.21,0,78.0,general information; curious about ai; newsletter,0
L0354,Retail Corp 45,retail,140.0,webinar,,6,4,0.55,0,22.0,just browsing; request demo; need pricing,0
L0857,Education Corp 232,education,58.0,cold_list,2.0,4,1,0.07,1,3.0,newsletter; curious about ai; implement this quarter,0
L1007,Manufacturing Corp 387,manufacturing,148.0,organic,2.0,0,3,0.39,0,6.0,newsletter; send brochure; just browsing,0
L1179,Logistics Corp 111,logistics,,webinar,0.0,6,1,0.3,0,25.0,newsletter; send brochure; budget approved,0
L0544,Logistics Corp 278,logistics,493.0,webinar,2.0,3,0,0.23,0,41.0,general information; student project; just browsing,0
L0572,Retail Corp 309,retail,61.0,cold_list,0.0,2,0,0.7,0,4.0,general information; newsletter; curious about ai,0
L0613,Healthcare Corp 244,healthcare,,organic,0.0,2,2,0.27,0,39.0,budget approved; request demo; just browsing,0
L0049,Logistics Corp 274,logistics,16.0,paid,1.0,4,3,0.28,1,14.0,ready to buy; compare vendors; request demo,0
L0173,Healthcare Corp 355,healthcare,172.0,organic,1.0,6,4,0.09,1,25.0,general information; request demo; student project,1
L1731,Logistics Corp 86,logistics,21.0,cold_list,2.0,2,1,0.44,0,6.0,student project; general information; need pricing,0
L0480,Manufacturing Corp 286,manufacturing,29.0,organic,0.0,3,4,0.38,0,7.0,implement this quarter; just browsing; newsletter,1
L0733,Manufacturing Corp 281,manufacturing,530.0,cold_list,1.0,4,0,0.39,0,94.0,newsletter; send brochure; just browsing,0
L1567,Logistics Corp 84,logistics,66.0,organic,0.0,4,2,0.53,0,7.0,implement this quarter; newsletter; just browsing,0
L0478,Fintech Corp 198,fintech,114.0,paid,0.0,4,4,0.62,0,3.0,send brochure; ready to buy; general information,0
L1164,Logistics Corp 23,logistics,,cold_list,1.0,5,0,0.08,0,3.0,send brochure; curious about ai; just browsing,0
L1380,Retail Corp 94,retail,69.0,paid,3.0,6,2,0.14,0,5.0,student project; curious about ai; send brochure,0
L1884,Manufacturing Corp 325,manufacturing,80.0,webinar,0.0,1,1,0.26,0,25.0,curious about ai; send brochure; budget approved,0
L1710,Education Corp 372,education,13.0,referral,1.0,2,3,0.24,0,24.0,just browsing; implement this quarter; newsletter,0
L1874,Healthcare Corp 188,healthcare,23.0,webinar,1.0,3,1,0.47,0,29.0,curious about ai; ready to buy; general information,0
L1699,Fintech Corp 294,fintech,224.0,cold_list,0.0,2,1,0.09,0,45.0,just browsing; curious about ai; student project,0
L0741,Logistics Corp 172,logistics,189.0,organic,1.0,6,1,0.34,0,20.0,just browsing; curious about ai; student project,0
L1917,Fintech Corp 102,fintech,53.0,paid,1.0,4,2,0.56,0,36.0,send brochure; just browsing; curious about ai,0
L1113,Healthcare Corp 161,healthcare,1480.0,webinar,1.0,3,1,0.23,0,6.0,just browsing; general information; newsletter,0
L0256,Education Corp 181,education,355.0,webinar,,6,5,0.21,0,0.0,ready to buy; implement this quarter; request demo,0
L0366,Education Corp 393,education,510.0,paid,0.0,4,3,0.12,0,40.0,budget approved; compare vendors; implement this quarter,0
L0368,Manufacturing Corp 363,manufacturing,,referral,0.0,4,3,0.26,1,58.0,just browsing; budget approved; request demo,0
L1817,Retail Corp 202,retail,172.0,paid,0.0,2,1,0.32,1,10.0,general information; request demo; need pricing,1
D0009,education corporation 240,education,37.0,referral,1.0,4,3,0.73,0,20.0,compare vendors; student project; newsletter,1
L1379,Retail Corp 172,retail,107.0,cold_list,1.0,6,0,0.14,0,16.0,just browsing; student project; curious about ai,0
L1988,Healthcare Corp 274,healthcare,,webinar,1.0,3,1,0.22,1,4.0,budget approved; compare vendors; ready to buy,1
L0838,Manufacturing Corp 67,manufacturing,51.0,paid,0.0,7,1,0.3,0,15.0,send brochure; general information; need pricing,0
D0010,retail corporation 195,retail,1003.0,referral,3.0,4,2,0.54,0,28.0,just browsing; newsletter; general information,1
L0307,Fintech Corp 200,fintech,119.0,cold_list,0.0,3,1,0.38,0,9.0,newsletter; general information; compare vendors,0
L0785,Manufacturing Corp 90,manufacturing,33.0,organic,1.0,4,3,0.28,1,12.0,implement this quarter; ready to buy; compare vendors,0
L1114,Healthcare Corp 317,healthcare,,organic,2.0,2,1,0.33,0,17.0,ready to buy; implement this quarter; need pricing,0
L1536,Education Corp 48,education,29.0,cold_list,1.0,4,1,0.22,0,1.0,just browsing; implement this quarter; general information,0
L1431,Fintech Corp 319,fintech,97.0,referral,1.0,5,3,0.25,0,35.0,just browsing; general information; ready to buy,0
L0893,Logistics Corp 47,logistics,276.0,organic,1.0,4,1,0.65,0,5.0,budget approved; implement this quarter; student project,0
L0270,Logistics Corp 196,logistics,135.0,organic,1.0,4,2,0.18,0,13.0,need pricing; send brochure; curious about ai,0
L1990,Logistics Corp 282,logistics,93.0,organic,2.0,4,1,0.42,0,20.0,ready to buy; budget approved; student project,1
L1467,Manufacturing Corp 374,manufacturing,397.0,webinar,2.0,4,3,0.38,0,1.0,student project; request demo; implement this quarter,0
L1507,Retail Corp 157,retail,18.0,webinar,0.0,3,1,0.52,0,25.0,request demo; just browsing; ready to buy,0
L1736,Healthcare Corp 203,healthcare,,paid,3.0,4,0,0.37,0,8.0,curious about ai; newsletter; send brochure,0
D0027,healthcare corporation 41,healthcare,326.0,paid,2.0,5,1,0.64,0,11.0,general information; student project; send brochure,0
L0025,Logistics Corp 365,logistics,124.0,referral,2.0,4,4,0.49,0,48.0,compare vendors; request demo; student project,1
L1498,Manufacturing Corp 103,manufacturing,254.0,paid,0.0,7,4,0.27,1,13.0,budget approved; implement this quarter; request demo,1
L0078,Retail Corp 189,retail,59.0,organic,0.0,10,5,0.47,0,17.0,request demo; compare vendors; ready to buy,0
L0976,Retail Corp 291,retail,308.0,paid,1.0,7,1,0.43,0,17.0,just browsing; budget approved; implement this quarter,0
L0032,Manufacturing Corp 295,manufacturing,37.0,webinar,0.0,6,1,0.54,0,20.0,send brochure; curious about ai; newsletter,0
L1234,Logistics Corp 159,logistics,17.0,organic,0.0,6,2,0.35,0,18.0,implement this quarter; need pricing; student project,0
L1063,Fintech Corp 186,fintech,163.0,paid,1.0,6,1,0.12,0,13.0,send brochure; compare vendors; newsletter,0
L0422,Logistics Corp 54,logistics,40.0,webinar,1.0,2,1,0.23,0,23.0,general information; curious about ai; newsletter,0
L0393,Fintech Corp 262,fintech,701.0,cold_list,2.0,4,1,0.3,0,13.0,student project; general information; compare vendors,0
L0163,Logistics Corp 180,logistics,132.0,organic,1.0,1,0,0.32,0,30.0,student project; general information; just browsing,0
L0203,Logistics Corp 362,logistics,240.0,webinar,1.0,3,0,0.47,0,0.0,newsletter; general information; just browsing,0
L0777,Logistics Corp 247,logistics,940.0,webinar,0.0,9,2,0.21,0,0.0,just browsing; budget approved; general information,1
L1326,Manufacturing Corp 389,manufacturing,270.0,paid,0.0,4,2,0.46,0,17.0,general information; curious about ai; send brochure,0
L0618,Logistics Corp 233,logistics,126.0,organic,1.0,6,4,0.46,0,1.0,budget approved; curious about ai; just browsing,1
L0974,Manufacturing Corp 186,manufacturing,66.0,paid,1.0,1,0,0.12,0,15.0,newsletter; need pricing; request demo,0
L0808,Retail Corp 263,retail,316.0,paid,0.0,3,1,0.17,1,40.0,send brochure; curious about ai; newsletter,0
L0420,Fintech Corp 59,fintech,5.0,webinar,2.0,4,2,0.55,0,3.0,newsletter; send brochure; need pricing,0
D0036,retail corporation 216,retail,599.0,webinar,0.0,2,3,0.06,0,2.0,general information; implement this quarter; newsletter,0
L1357,Retail Corp 381,retail,79.0,organic,,2,1,0.31,0,85.0,newsletter; just browsing; implement this quarter,0
L1778,Manufacturing Corp 26,manufacturing,61.0,webinar,0.0,7,2,0.41,0,4.0,student project; curious about ai; just browsing,1
L0774,Logistics Corp 352,logistics,19.0,paid,0.0,10,3,0.28,0,1.0,budget approved; just browsing; compare vendors,0
L1419,Healthcare Corp 334,healthcare,98.0,organic,2.0,2,1,0.22,0,8.0,newsletter; request demo; send brochure,0
L0218,Healthcare Corp 41,healthcare,20.0,paid,2.0,2,1,0.63,0,9.0,budget approved; student project; ready to buy,0
D0001,retail corporation 360,retail,533.0,referral,0.0,7,5,0.42,0,32.0,implement this quarter; just browsing; budget approved,0
L1690,Education Corp 317,education,15.0,organic,1.0,3,2,0.42,1,63.0,curious about ai; request demo; need pricing,0
L0925,Manufacturing Corp 110,manufacturing,148.0,organic,1.0,4,3,0.28,0,4.0,curious about ai; compare vendors; general information,0
L1259,Healthcare Corp 38,healthcare,373.0,webinar,0.0,2,1,0.31,0,45.0,send brochure; need pricing; compare vendors,0
L1897,Manufacturing Corp 343,manufacturing,17.0,referral,3.0,4,2,0.31,0,8.0,student project; compare vendors; send brochure,1
L0059,Logistics Corp 159,logistics,786.0,cold_list,,7,2,0.21,0,3.0,budget approved; request demo; newsletter,1
L1594,Education Corp 260,education,208.0,organic,2.0,12,5,0.39,0,36.0,budget approved; newsletter; need pricing,1
L0710,Healthcare Corp 339,healthcare,116.0,cold_list,0.0,4,0,0.52,0,4.0,send brochure; general information; budget approved,0
L1211,Education Corp 143,education,32.0,paid,,4,0,0.03,0,56.0,newsletter; general information; just browsing,0
L0073,Manufacturing Corp 88,manufacturing,130.0,cold_list,1.0,2,2,0.41,0,9.0,general information; newsletter; just browsing,0
L0162,Manufacturing Corp 302,manufacturing,114.0,organic,2.0,4,2,0.14,0,3.0,newsletter; implement this quarter; ready to buy,0
L0350,Fintech Corp 231,fintech,52.0,paid,2.0,5,1,0.07,0,65.0,send brochure; ready to buy; general information,0
L0555,Manufacturing Corp 36,manufacturing,46.0,paid,2.0,5,1,0.19,0,4.0,general information; ready to buy; compare vendors,0
L0585,Fintech Corp 86,fintech,186.0,paid,2.0,7,2,0.55,0,13.0,budget approved; general information; just browsing,0
D0030,retail corporation 61,retail,155.0,webinar,2.0,3,0,0.41,1,2.0,budget approved; general information; send brochure,0
L1301,Retail Corp 289,retail,43.0,cold_list,0.0,2,1,0.42,0,17.0,budget approved; send brochure; newsletter,0
L0351,Logistics Corp 146,logistics,1232.0,paid,0.0,2,2,0.53,0,15.0,general information; ready to buy; newsletter,0
L0045,Education Corp 82,education,55.0,webinar,3.0,6,2,0.32,0,27.0,budget approved; general information; newsletter,0
L1727,Education Corp 344,education,119.0,paid,0.0,3,1,0.71,0,23.0,general information; implement this quarter; curious about ai,0
L0381,Healthcare Corp 16,healthcare,3632.0,webinar,1.0,6,4,0.35,0,0.0,send brochure; just browsing; newsletter,1
L1118,Manufacturing Corp 275,manufacturing,271.0,paid,0.0,4,2,0.42,1,34.0,general information; send brochure; request demo,0
L0581,Retail Corp 207,retail,32.0,webinar,1.0,3,0,0.07,0,4.0,just browsing; compare vendors; curious about ai,0
L0076,Manufacturing Corp 201,manufacturing,52.0,webinar,0.0,5,1,0.64,0,20.0,implement this quarter; curious about ai; student project,0
L1986,Manufacturing Corp 351,manufacturing,,cold_list,,3,1,0.17,1,18.0,curious about ai; need pricing; send brochure,0
L1464,Fintech Corp 77,fintech,491.0,organic,1.0,5,0,0.45,0,4.0,just browsing; student project; general information,0
L1103,Education Corp 354,education,42.0,organic,3.0,3,3,0.15,0,25.0,curious about ai; compare vendors; ready to buy,1
L1005,Manufacturing Corp 219,manufacturing,19.0,paid,0.0,3,1,0.32,1,1.0,send brochure; compare vendors; request demo,0
D0021,healthcare corporation 193,healthcare,,paid,0.0,4,2,0.21,1,2.0,need pricing; curious about ai; general information,0
L1061,Fintech Corp 118,fintech,44.0,webinar,3.0,2,1,0.71,0,4.0,implement this quarter; general information; just browsing,0
L1964,Fintech Corp 388,fintech,166.0,paid,1.0,6,3,0.14,0,5.0,implement this quarter; budget approved; send brochure,0
L0030,Fintech Corp 203,fintech,68.0,organic,2.0,7,4,0.41,0,21.0,ready to buy; need pricing; newsletter,0
L1303,Manufacturing Corp 252,manufacturing,32.0,paid,3.0,4,1,0.29,0,23.0,general information; newsletter; just browsing,0
L1565,Retail Corp 357,retail,39.0,paid,1.0,6,4,0.19,0,5.0,ready to buy; need pricing; compare vendors,0
L0414,Logistics Corp 339,logistics,277.0,cold_list,0.0,5,2,0.32,1,7.0,compare vendors; request demo; ready to buy,1
L1292,Retail Corp 386,retail,,referral,0.0,4,4,0.16,0,4.0,implement this quarter; ready to buy; compare vendors,0
L1571,Retail Corp 307,retail,164.0,organic,0.0,5,5,0.25,0,36.0,request demo; implement this quarter; compare vendors,0
L1169,Logistics Corp 238,logistics,,webinar,0.0,7,5,0.39,0,42.0,compare vendors; need pricing; implement this quarter,1
L0986,Manufacturing Corp 350,manufacturing,515.0,webinar,1.0,2,1,0.26,0,42.0,send brochure; general information; curious about ai,0
L1683,Manufacturing Corp 40,manufacturing,135.0,paid,0.0,4,5,0.75,0,66.0,general information; student project; just browsing,0
L1620,Logistics Corp 277,logistics,8.0,paid,1.0,3,0,0.55,0,12.0,newsletter; send brochure; just browsing,0
L1708,Education Corp 225,education,150.0,organic,0.0,4,2,0.4,0,22.0,budget approved; student project; request demo,0
L1626,Manufacturing Corp 3,manufacturing,1438.0,cold_list,1.0,1,0,0.51,0,86.0,student project; curious about ai; general information,0
L0344,Education Corp 395,education,67.0,paid,0.0,3,2,0.3,0,11.0,student project; compare vendors; just browsing,0
L0044,Education Corp 223,education,1769.0,webinar,1.0,2,0,0.2,0,46.0,compare vendors; just browsing; student project,0
L0948,Education Corp 210,education,49.0,organic,1.0,4,4,0.36,1,12.0,request demo; budget approved; compare vendors,1
L0168,Manufacturing Corp 297,manufacturing,109.0,referral,1.0,5,1,0.29,1,3.0,budget approved; compare vendors; request demo,0
L0303,Retail Corp 191,retail,,paid,2.0,2,3,0.35,0,16.0,student project; general information; curious about ai,0
L0361,Logistics Corp 148,logistics,68.0,organic,0.0,4,0,0.21,0,24.0,curious about ai; just browsing; newsletter,0
L1334,Healthcare Corp 266,healthcare,,webinar,,3,2,0.39,0,21.0,student project; curious about ai; just browsing,0
L0352,Retail Corp 25,retail,101.0,paid,0.0,0,1,0.33,0,3.0,send brochure; student project; request demo,0
L1995,Fintech Corp 258,fintech,39.0,organic,,4,1,0.47,0,0.0,student project; send brochure; implement this quarter,0
L1138,Logistics Corp 14,logistics,36.0,organic,0.0,4,4,0.22,0,10.0,implement this quarter; request demo; send brochure,1
L1465,Fintech Corp 283,fintech,101.0,referral,2.0,2,2,0.6,0,12.0,general information; request demo; need pricing,0
L0704,Manufacturing Corp 129,manufacturing,179.0,organic,3.0,2,0,0.41,0,14.0,curious about ai; send brochure; newsletter,0
L1908,Education Corp 259,education,842.0,referral,0.0,4,3,0.28,0,12.0,curious about ai; need pricing; just browsing,0
L1336,Logistics Corp 76,logistics,143.0,paid,,9,3,0.36,1,51.0,need pricing; request demo; compare vendors,0
L0617,Manufacturing Corp 35,manufacturing,,paid,2.0,7,0,0.35,0,16.0,general information; ready to buy; curious about ai,1
L0707,Education Corp 169,education,,organic,2.0,5,2,0.68,0,25.0,newsletter; send brochure; budget approved,0
L0881,Fintech Corp 335,fintech,205.0,paid,0.0,6,1,0.48,0,16.0,curious about ai; send brochure; just browsing,0
L0374,Logistics Corp 82,logistics,365.0,webinar,2.0,4,2,0.28,0,39.0,general information; student project; implement this quarter,1
L0353,Retail Corp 360,retail,533.0,referral,0.0,7,5,0.42,0,32.0,implement this quarter; just browsing; budget approved,0
L0383,Retail Corp 248,retail,389.0,paid,0.0,1,0,0.28,0,18.0,general information; newsletter; curious about ai,0
L1112,Fintech Corp 296,fintech,175.0,cold_list,,3,1,0.58,0,35.0,newsletter; need pricing; send brochure,0
L0887,Logistics Corp 384,logistics,212.0,organic,3.0,6,5,0.56,0,45.0,newsletter; compare vendors; request demo,1
L0185,Fintech Corp 212,fintech,88.0,referral,1.0,2,0,0.35,0,9.0,student project; newsletter; curious about ai,0
L1075,Manufacturing Corp 54,manufacturing,87.0,organic,0.0,7,1,0.36,1,41.0,newsletter; general information; request demo,0
D0033,logistics corporation 195,logistics,36.0,cold_list,0.0,4,3,0.26,0,6.0,just browsing; student project; need pricing,0
L1516,Logistics Corp 258,logistics,67.0,webinar,2.0,5,2,0.07,0,11.0,general information; request demo; student project,1
L1244,Manufacturing Corp 130,manufacturing,,paid,0.0,5,4,0.12,0,12.0,ready to buy; compare vendors; request demo,0
L0300,Education Corp 10,education,21.0,paid,1.0,4,2,0.27,1,68.0,ready to buy; compare vendors; send brochure,0
L0930,Manufacturing Corp 203,manufacturing,148.0,cold_list,2.0,5,4,0.36,0,4.0,implement this quarter; ready to buy; compare vendors,1
L1867,Logistics Corp 65,logistics,92.0,paid,2.0,6,1,0.42,0,4.0,general information; need pricing; send brochure,1
L1190,Retail Corp 119,retail,161.0,organic,2.0,5,1,0.13,0,6.0,student project; newsletter; send brochure,0
L1653,Logistics Corp 49,logistics,277.0,referral,1.0,6,1,0.54,0,15.0,curious about ai; just browsing; general information,1
L1925,Logistics Corp 356,logistics,53.0,cold_list,2.0,3,0,0.38,0,11.0,general information; just browsing; curious about ai,0
D0003,fintech corporation 264,fintech,15.0,webinar,2.0,4,3,0.18,0,10.0,general information; send brochure; just browsing,0
L1981,Manufacturing Corp 334,manufacturing,473.0,organic,1.0,3,0,0.38,0,6.0,general information; newsletter; student project,0
L1280,Manufacturing Corp 189,manufacturing,,organic,1.0,8,6,0.34,0,2.0,curious about ai; need pricing; implement this quarter,1
L0175,Logistics Corp 18,logistics,113.0,webinar,1.0,5,2,0.25,0,6.0,newsletter; send brochure; implement this quarter,1
L0507,Education Corp 390,education,81.0,paid,2.0,4,1,0.55,1,12.0,student project; ready to buy; send brochure,1
L0873,Manufacturing Corp 268,manufacturing,11.0,webinar,1.0,9,8,0.27,0,12.0,need pricing; ready to buy; budget approved,1
L0730,Manufacturing Corp 390,manufacturing,120.0,paid,2.0,4,2,0.52,1,22.0,newsletter; request demo; need pricing,1
L1664,Healthcare Corp 193,healthcare,,paid,0.0,4,2,0.21,1,2.0,need pricing; curious about ai; general information,0
L0123,Manufacturing Corp 93,manufacturing,6.0,cold_list,1.0,4,1,0.47,0,13.0,compare vendors; implement this quarter; newsletter,0
L0620,Education Corp 344,education,163.0,webinar,2.0,4,3,0.44,0,14.0,student project; just browsing; request demo,0
L0394,Logistics Corp 278,logistics,264.0,cold_list,2.0,3,1,0.5,0,5.0,curious about ai; general information; just browsing,1
L0552,Logistics Corp 138,logistics,159.0,cold_list,0.0,4,1,0.39,0,1.0,curious about ai; just browsing; ready to buy,0
L1175,Fintech Corp 156,fintech,237.0,organic,1.0,5,2,0.17,0,6.0,send brochure; student project; budget approved,0
L0039,Fintech Corp 16,fintech,112.0,referral,0.0,4,2,0.6,0,9.0,newsletter; general information; just browsing,0
L1204,Logistics Corp 235,logistics,40.0,paid,1.0,6,2,0.07,0,57.0,newsletter; ready to buy; send brochure,0
L0527,Healthcare Corp 332,healthcare,132.0,paid,1.0,2,7,0.39,0,46.0,ready to buy; need pricing; curious about ai,1
L0331,Logistics Corp 155,logistics,246.0,organic,2.0,4,1,0.05,0,9.0,curious about ai; newsletter; send brochure,0
L0483,Manufacturing Corp 299,manufacturing,363.0,paid,2.0,5,2,0.44,1,3.0,implement this quarter; send brochure; budget approved,1
L0194,Logistics Corp 268,logistics,117.0,organic,2.0,3,2,0.11,0,17.0,student project; ready to buy; just browsing,0
L1033,Healthcare Corp 48,healthcare,133.0,organic,2.0,2,2,0.29,0,16.0,compare vendors; newsletter; curious about ai,0
L0674,Retail Corp 389,retail,94.0,paid,0.0,2,1,0.21,0,6.0,request demo; ready to buy; send brochure,0
L1952,Education Corp 258,education,25.0,referral,2.0,4,1,0.33,1,15.0,ready to buy; need pricing; student project,0
L0322,Manufacturing Corp 178,manufacturing,,referral,,3,0,0.36,0,20.0,student project; send brochure; just browsing,0
L1786,Manufacturing Corp 47,manufacturing,37.0,referral,0.0,3,2,0.18,0,11.0,budget approved; just browsing; need pricing,0
L0266,Manufacturing Corp 360,manufacturing,37.0,paid,,9,4,0.36,0,24.0,general information; student project; send brochure,0
L1133,Fintech Corp 236,fintech,122.0,referral,,4,0,0.08,0,31.0,implement this quarter; ready to buy; curious about ai,0
L1480,Retail Corp 93,retail,197.0,paid,0.0,3,1,0.52,0,8.0,budget approved; ready to buy; just browsing,0
L1839,Fintech Corp 231,fintech,15.0,paid,,3,2,0.25,0,50.0,just browsing; implement this quarter; curious about ai,0
L0067,Manufacturing Corp 194,manufacturing,118.0,organic,1.0,6,1,0.43,0,0.0,budget approved; just browsing; newsletter,1
L1009,Retail Corp 232,retail,103.0,paid,1.0,3,1,0.26,0,12.0,implement this quarter; compare vendors; curious about ai,0
L1764,Logistics Corp 335,logistics,143.0,paid,0.0,3,3,0.56,0,1.0,just browsing; send brochure; general information,0
L1972,Fintech Corp 239,fintech,16.0,cold_list,,3,2,0.39,0,19.0,newsletter; request demo; curious about ai,0
L1314,Logistics Corp 366,logistics,34.0,cold_list,2.0,3,2,0.29,0,39.0,budget approved; ready to buy; newsletter,0
L1538,Education Corp 92,education,136.0,webinar,,4,1,0.06,0,24.0,newsletter; student project; curious about ai,0
L1116,Logistics Corp 200,logistics,130.0,paid,1.0,7,4,0.25,0,25.0,budget approved; newsletter; just browsing,0
L1461,Retail Corp 230,retail,116.0,referral,1.0,5,1,0.3,1,35.0,student project; ready to buy; newsletter,1
L1047,Education Corp 140,education,1282.0,paid,1.0,1,2,0.4,0,35.0,need pricing; curious about ai; implement this quarter,0
L0579,Manufacturing Corp 186,manufacturing,79.0,webinar,0.0,4,2,0.11,1,45.0,student project; ready to buy; implement this quarter,0
L0942,Logistics Corp 259,logistics,110.0,cold_list,0.0,5,2,0.7,0,9.0,curious about ai; send brochure; newsletter,0
L1668,Logistics Corp 162,logistics,391.0,cold_list,2.0,5,2,0.46,0,32.0,compare vendors; newsletter; ready to buy,0
L1688,Retail Corp 227,retail,43.0,paid,1.0,3,0,0.2,0,22.0,curious about ai; send brochure; general information,0
L0736,Logistics Corp 123,logistics,26.0,cold_list,1.0,2,0,0.15,1,8.0,send brochure; student project; just browsing,0
L1558,Fintech Corp 19,fintech,403.0,organic,0.0,3,2,0.41,0,68.0,budget approved; need pricing; newsletter,0
L0966,Healthcare Corp 25,healthcare,133.0,webinar,,2,0,0.61,0,6.0,just browsing; newsletter; curious about ai,0
L0479,Manufacturing Corp 106,manufacturing,73.0,webinar,1.0,1,2,0.44,0,43.0,implement this quarter; need pricing; general information,0
L0988,Manufacturing Corp 209,manufacturing,68.0,webinar,2.0,4,0,0.12,0,14.0,just browsing; request demo; newsletter,0
L0651,Healthcare Corp 21,healthcare,27.0,cold_list,0.0,4,1,0.52,1,8.0,need pricing; student project; compare vendors,1
L1583,Manufacturing Corp 144,manufacturing,,organic,2.0,6,1,0.5,0,11.0,newsletter; curious about ai; need pricing,0
L1654,Healthcare Corp 373,healthcare,95.0,paid,,4,1,0.45,0,21.0,send brochure; just browsing; curious about ai,0
L1810,Manufacturing Corp 106,manufacturing,455.0,webinar,2.0,4,1,0.02,0,9.0,implement this quarter; just browsing; curious about ai,0
L1315,Fintech Corp 217,fintech,406.0,cold_list,,6,2,0.26,1,0.0,compare vendors; send brochure; need pricing,0
L1202,Education Corp 183,education,71.0,referral,1.0,5,7,0.39,0,14.0,compare vendors; need pricing; request demo,0
L0567,Logistics Corp 269,logistics,75.0,webinar,1.0,8,1,0.48,0,4.0,newsletter; curious about ai; general information,1
L1781,Education Corp 113,education,53.0,paid,3.0,5,3,0.19,0,16.0,implement this quarter; budget approved; request demo,0
L0950,Retail Corp 317,retail,105.0,paid,2.0,3,2,0.15,0,38.0,student project; ready to buy; newsletter,0
L0968,Retail Corp 35,retail,43.0,organic,0.0,4,3,0.36,1,22.0,curious about ai; general information; budget approved,0
L0261,Education Corp 112,education,101.0,organic,0.0,6,3,0.21,0,13.0,ready to buy; general information; newsletter,0
L1001,Retail Corp 388,retail,198.0,webinar,3.0,0,0,0.27,0,8.0,student project; newsletter; send brochure,0
L1100,Logistics Corp 289,logistics,23.0,webinar,,2,1,0.29,0,4.0,general information; curious about ai; compare vendors,0
L0240,Education Corp 264,education,9.0,paid,2.0,4,0,0.44,0,15.0,student project; general information; send brochure,0
L1073,Healthcare Corp 134,healthcare,,organic,3.0,3,1,0.26,0,29.0,newsletter; ready to buy; send brochure,0
L0906,Retail Corp 390,retail,226.0,webinar,1.0,7,1,0.03,0,9.0,need pricing; student project; just browsing,0
L1401,Logistics Corp 349,logistics,44.0,referral,0.0,1,0,0.5,0,16.0,general information; student project; curious about ai,0
L1053,Logistics Corp 306,logistics,70.0,referral,1.0,6,6,0.53,0,113.0,need pricing; budget approved; ready to buy,0
L1477,Healthcare Corp 256,healthcare,64.0,webinar,2.0,6,2,0.41,0,22.0,general information; curious about ai; just browsing,0
L0584,Healthcare Corp 339,healthcare,226.0,webinar,1.0,6,4,0.67,0,6.0,ready to buy; newsletter; send brochure,1
L0365,Manufacturing Corp 242,manufacturing,172.0,webinar,1.0,4,1,0.14,0,3.0,general information; curious about ai; newsletter,0
L1861,Healthcare Corp 238,healthcare,92.0,cold_list,3.0,2,0,0.2,1,2.0,compare vendors; implement this quarter; general information,1
L1281,Manufacturing Corp 303,manufacturing,414.0,paid,,4,3,0.02,0,10.0,ready to buy; request demo; need pricing,1
L1510,Logistics Corp 187,logistics,1455.0,webinar,2.0,4,1,0.18,0,83.0,just browsing; budget approved; curious about ai,0
L1460,Education Corp 274,education,108.0,organic,1.0,4,0,0.47,0,7.0,student project; request demo; just browsing,0
L0963,Logistics Corp 391,logistics,26.0,webinar,0.0,3,0,0.18,0,5.0,need pricing; student project; just browsing,0
L0859,Retail Corp 34,retail,100.0,paid,3.0,4,2,0.35,0,56.0,need pricing; compare vendors; budget approved,0
L0071,Manufacturing Corp 172,manufacturing,207.0,cold_list,0.0,7,4,0.19,0,21.0,implement this quarter; request demo; general information,0
L0679,Manufacturing Corp 202,manufacturing,438.0,paid,2.0,5,2,0.32,0,8.0,request demo; curious about ai; general information,0
L0259,Retail Corp 186,retail,32.0,cold_list,0.0,2,0,0.29,0,29.0,newsletter; just browsing; curious about ai,0
L0051,Logistics Corp 110,logistics,88.0,webinar,1.0,5,1,0.45,0,29.0,implement this quarter; newsletter; curious about ai,0
L0198,Logistics Corp 67,logistics,25.0,referral,,4,2,0.19,0,3.0,send brochure; ready to buy; just browsing,1
L1329,Logistics Corp 351,logistics,38.0,webinar,1.0,4,2,0.44,0,8.0,newsletter; request demo; just browsing,0
L1286,Manufacturing Corp 371,manufacturing,33.0,paid,3.0,4,1,0.07,1,0.0,request demo; implement this quarter; budget approved,1
L0332,Fintech Corp 2,fintech,1921.0,organic,2.0,2,2,0.31,0,32.0,request demo; compare vendors; send brochure,0
L1404,Logistics Corp 363,logistics,123.0,webinar,,4,3,0.23,0,2.0,request demo; ready to buy; budget approved,0
L1822,Retail Corp 24,retail,181.0,webinar,0.0,5,3,0.55,0,37.0,need pricing; newsletter; ready to buy,0
L0576,Healthcare Corp 302,healthcare,201.0,paid,3.0,4,2,0.18,1,1.0,ready to buy; general information; curious about ai,0
L0867,Education Corp 74,education,240.0,paid,0.0,6,0,0.27,1,13.0,student project; just browsing; budget approved,0
L1491,Education Corp 244,education,,cold_list,,3,5,0.34,0,24.0,compare vendors; need pricing; implement this quarter,0
L0583,Manufacturing Corp 362,manufacturing,221.0,organic,2.0,3,2,0.51,0,92.0,budget approved; send brochure; student project,0
L1669,Education Corp 109,education,92.0,referral,2.0,6,4,0.38,0,55.0,budget approved; compare vendors; send brochure,0
L1540,Education Corp 162,education,94.0,paid,1.0,2,2,0.41,0,9.0,newsletter; just browsing; general information,0
L1587,Retail Corp 117,retail,81.0,webinar,1.0,2,0,0.22,0,24.0,general information; student project; curious about ai,1
L0426,Manufacturing Corp 113,manufacturing,278.0,paid,0.0,5,0,0.36,0,5.0,curious about ai; just browsing; general information,0
L1604,Manufacturing Corp 119,manufacturing,34.0,organic,0.0,2,2,0.59,0,8.0,student project; implement this quarter; newsletter,0
L0494,Education Corp 342,education,289.0,organic,,3,1,0.07,1,21.0,compare vendors; newsletter; send brochure,0
L1607,Manufacturing Corp 125,manufacturing,,cold_list,2.0,4,1,0.31,0,21.0,curious about ai; implement this quarter; just browsing,0
L1034,Manufacturing Corp 391,manufacturing,601.0,referral,0.0,2,1,0.54,0,13.0,student project; general information; just browsing,0
L1667,Manufacturing Corp 176,manufacturing,32.0,paid,1.0,6,1,0.82,0,12.0,send brochure; newsletter; ready to buy,0
D0047,fintech corporation 168,fintech,42.0,paid,0.0,0,1,0.23,0,17.0,ready to buy; student project; request demo,1
L1355,Logistics Corp 252,logistics,52.0,organic,1.0,6,1,0.25,0,15.0,newsletter; implement this quarter; student project,0
L1933,Education Corp 359,education,71.0,paid,3.0,4,0,0.08,0,12.0,general information; just browsing; student project,0
L0398,Retail Corp 332,retail,129.0,organic,1.0,7,3,0.24,0,81.0,send brochure; ready to buy; budget approved,0
L1744,Fintech Corp 240,fintech,20.0,referral,1.0,3,0,0.56,0,41.0,student project; send brochure; just browsing,0
L0462,Healthcare Corp 69,healthcare,44.0,organic,0.0,6,2,0.58,0,57.0,newsletter; general information; send brochure,0
L0436,Logistics Corp 11,logistics,249.0,webinar,2.0,2,0,0.53,0,10.0,compare vendors; general information; newsletter,0
L0192,Logistics Corp 193,logistics,336.0,paid,0.0,7,1,0.2,0,0.0,just browsing; general information; student project,0
L1894,Manufacturing Corp 166,manufacturing,35.0,paid,1.0,4,1,0.62,0,32.0,student project; newsletter; curious about ai,0
L1858,Manufacturing Corp 264,manufacturing,,paid,2.0,3,1,0.6,0,14.0,just browsing; implement this quarter; need pricing,0
L0292,Healthcare Corp 97,healthcare,38.0,webinar,3.0,7,4,0.38,0,71.0,student project; ready to buy; need pricing,0
L0445,Fintech Corp 196,fintech,56.0,webinar,2.0,1,1,0.26,0,18.0,send brochure; newsletter; just browsing,0
L1652,Manufacturing Corp 75,manufacturing,671.0,referral,1.0,4,1,0.06,0,45.0,curious about ai; general information; need pricing,0
L1790,Education Corp 26,education,62.0,webinar,0.0,5,1,0.18,1,20.0,curious about ai; student project; implement this quarter,0
L0637,Fintech Corp 205,fintech,183.0,webinar,3.0,3,0,0.46,0,11.0,newsletter; send brochure; just browsing,0
L1517,Healthcare Corp 112,healthcare,413.0,paid,0.0,2,1,0.27,0,2.0,send brochure; request demo; general information,0
L1546,Manufacturing Corp 34,manufacturing,555.0,paid,2.0,4,3,0.24,0,14.0,compare vendors; implement this quarter; ready to buy,0
L0141,Retail Corp 397,retail,309.0,referral,2.0,2,1,0.34,0,2.0,send brochure; curious about ai; budget approved,0
L0999,Manufacturing Corp 168,manufacturing,6.0,webinar,1.0,0,1,0.52,0,9.0,newsletter; implement this quarter; curious about ai,0
L0002,Education Corp 4,education,21.0,paid,,2,0,0.13,0,35.0,newsletter; student project; just browsing,0
L1102,Education Corp 14,education,54.0,referral,2.0,4,2,0.39,0,23.0,budget approved; just browsing; compare vendors,0
L0590,Healthcare Corp 240,healthcare,53.0,webinar,1.0,7,3,0.39,1,14.0,send brochure; student project; request demo,0
L1937,Fintech Corp 120,fintech,5.0,referral,3.0,5,1,0.28,0,1.0,send brochure; general information; just browsing,0
L1198,Manufacturing Corp 214,manufacturing,84.0,webinar,0.0,1,1,0.36,0,35.0,request demo; student project; send brochure,0
L0339,Healthcare Corp 181,healthcare,452.0,paid,3.0,4,0,0.05,0,17.0,budget approved; implement this quarter; just browsing,0
L0670,Logistics Corp 325,logistics,81.0,webinar,,1,1,0.35,0,6.0,just browsing; implement this quarter; compare vendors,1
L0408,Logistics Corp 47,logistics,186.0,organic,2.0,6,2,0.33,0,12.0,request demo; newsletter; need pricing,0
L1274,Logistics Corp 366,logistics,15.0,referral,3.0,6,6,0.56,0,2.0,implement this quarter; need pricing; ready to buy,1
L0265,Logistics Corp 18,logistics,112.0,referral,1.0,6,2,0.34,1,17.0,need pricing; budget approved; curious about ai,1
L0376,Healthcare Corp 112,healthcare,13.0,organic,0.0,4,1,0.16,0,8.0,send brochure; student project; general information,0
L1402,Healthcare Corp 260,healthcare,50.0,organic,0.0,5,2,0.33,0,2.0,curious about ai; ready to buy; newsletter,0
L0439,Fintech Corp 265,fintech,,webinar,0.0,4,7,0.2,1,95.0,compare vendors; need pricing; ready to buy,0
L0271,Logistics Corp 64,logistics,121.0,paid,0.0,5,1,0.16,0,20.0,student project; curious about ai; send brochure,0
L0244,Fintech Corp 100,fintech,35.0,organic,3.0,4,2,0.41,0,9.0,just browsing; send brochure; curious about ai,0
L0998,Healthcare Corp 323,healthcare,5.0,paid,0.0,3,2,0.31,1,4.0,budget approved; request demo; compare vendors,0
L1852,Retail Corp 54,retail,122.0,referral,1.0,3,0,0.62,0,21.0,just browsing; ready to buy; newsletter,0
L0680,Logistics Corp 308,logistics,478.0,organic,,1,0,0.39,0,7.0,newsletter; student project; ready to buy,0
L1935,Logistics Corp 118,logistics,20.0,paid,2.0,5,3,0.32,0,3.0,curious about ai; compare vendors; general information,1
L0415,Manufacturing Corp 272,manufacturing,24.0,webinar,1.0,2,1,0.25,0,18.0,budget approved; implement this quarter; need pricing,1
L0273,Retail Corp 240,retail,1706.0,paid,2.0,6,1,0.17,0,18.0,compare vendors; general information; just browsing,0
L0771,Retail Corp 325,retail,31.0,paid,1.0,2,2,0.34,0,19.0,compare vendors; general information; send brochure,0
L0250,Fintech Corp 225,fintech,68.0,paid,3.0,3,1,0.61,0,18.0,just browsing; general information; budget approved,0
L0413,Healthcare Corp 43,healthcare,32.0,organic,2.0,4,0,0.32,0,14.0,newsletter; implement this quarter; student project,0
L1351,Education Corp 86,education,187.0,paid,1.0,3,1,0.16,0,2.0,curious about ai; just browsing; general information,0
L0310,Retail Corp 275,retail,278.0,paid,,3,1,0.59,0,9.0,implement this quarter; curious about ai; need pricing,1
L1625,Fintech Corp 24,fintech,230.0,organic,1.0,9,3,0.52,0,36.0,newsletter; student project; ready to buy,0
L0593,Retail Corp 252,retail,10.0,organic,0.0,5,2,0.18,0,9.0,ready to buy; need pricing; implement this quarter,0
L0425,Education Corp 320,education,70.0,organic,0.0,4,2,0.11,0,3.0,newsletter; implement this quarter; need pricing,0
L1942,Manufacturing Corp 333,manufacturing,1021.0,paid,3.0,2,1,0.88,0,27.0,curious about ai; student project; send brochure,1
L1611,Education Corp 374,education,,organic,1.0,8,4,0.23,0,6.0,compare vendors; budget approved; request demo,0
L1366,Logistics Corp 266,logistics,66.0,organic,2.0,2,0,0.7,1,2.0,just browsing; need pricing; ready to buy,0
L1833,Logistics Corp 306,logistics,1008.0,paid,0.0,3,0,0.49,0,25.0,newsletter; curious about ai; general information,0
L1389,Logistics Corp 24,logistics,15.0,cold_list,0.0,4,1,0.37,1,7.0,ready to buy; budget approved; newsletter,0
L1374,Healthcare Corp 67,healthcare,71.0,referral,1.0,6,0,0.2,0,14.0,general information; student project; send brochure,0
L0582,Logistics Corp 238,logistics,12.0,organic,0.0,3,2,0.11,0,14.0,budget approved; student project; compare vendors,0
L0526,Healthcare Corp 393,healthcare,32.0,webinar,1.0,2,2,0.52,1,29.0,send brochure; compare vendors; budget approved,0
L1356,Retail Corp 266,retail,231.0,paid,0.0,4,0,0.09,0,78.0,send brochure; general information; implement this quarter,0
L0889,Fintech Corp 168,fintech,42.0,paid,0.0,0,1,0.23,0,17.0,ready to buy; student project; request demo,1
L0182,Retail Corp 397,retail,299.0,referral,,5,1,0.49,0,25.0,student project; general information; budget approved,0
L0170,Manufacturing Corp 270,manufacturing,128.0,paid,1.0,5,2,0.26,1,4.0,general information; send brochure; implement this quarter,0
L0596,Fintech Corp 11,fintech,86.0,cold_list,0.0,6,2,0.49,0,64.0,just browsing; implement this quarter; request demo,0
L1506,Fintech Corp 146,fintech,16.0,cold_list,3.0,0,1,0.44,0,10.0,curious about ai; need pricing; request demo,0
L1944,Education Corp 139,education,,cold_list,,4,1,0.31,0,11.0,general information; student project; newsletter,0
L1782,Manufacturing Corp 239,manufacturing,741.0,webinar,1.0,1,2,0.52,0,51.0,newsletter; need pricing; just browsing,0
L0903,Retail Corp 268,retail,64.0,webinar,0.0,2,4,0.08,0,8.0,need pricing; send brochure; budget approved,0
L1278,Education Corp 239,education,308.0,cold_list,1.0,4,0,0.19,0,59.0,curious about ai; just browsing; student project,0
L0272,Logistics Corp 240,logistics,211.0,organic,1.0,6,4,0.68,0,53.0,request demo; send brochure; ready to buy,0
L1602,Fintech Corp 359,fintech,169.0,organic,0.0,1,1,0.17,0,39.0,newsletter; general information; curious about ai,0
L1263,Healthcare Corp 280,healthcare,1816.0,organic,1.0,4,2,0.64,0,1.0,request demo; compare vendors; general information,0
L1492,Fintech Corp 37,fintech,355.0,organic,1.0,4,2,0.23,0,1.0,curious about ai; student project; budget approved,0
L0371,Manufacturing Corp 335,manufacturing,6.0,webinar,0.0,7,0,0.23,0,15.0,just browsing; student project; general information,0
L0222,Fintech Corp 72,fintech,192.0,organic,0.0,6,3,0.42,0,6.0,budget approved; general information; send brochure,0
L1473,Retail Corp 383,retail,1142.0,organic,1.0,3,1,0.07,0,0.0,curious about ai; send brochure; compare vendors,0
L1013,Healthcare Corp 259,healthcare,1395.0,webinar,0.0,1,0,0.31,1,3.0,just browsing; general information; newsletter,0
L1090,Manufacturing Corp 382,manufacturing,61.0,paid,0.0,4,1,0.3,0,79.0,newsletter; student project; budget approved,0
L0518,Logistics Corp 114,logistics,213.0,referral,1.0,6,1,0.52,1,20.0,compare vendors; budget approved; implement this quarter,1
L0334,Logistics Corp 51,logistics,13.0,organic,,4,2,0.3,1,16.0,need pricing; budget approved; request demo,0
L0772,Retail Corp 24,retail,80.0,webinar,3.0,3,2,0.09,0,11.0,general information; newsletter; just browsing,0
L1206,Fintech Corp 216,fintech,202.0,cold_list,0.0,3,0,0.15,0,5.0,budget approved; request demo; send brochure,0
L1089,Retail Corp 248,retail,,webinar,,3,2,0.08,0,93.0,general information; send brochure; compare vendors,0
L1737,Logistics Corp 243,logistics,8.0,cold_list,1.0,5,5,0.24,1,18.0,ready to buy; need pricing; implement this quarter,1
L0015,Manufacturing Corp 129,manufacturing,73.0,referral,0.0,6,0,0.5,0,60.0,student project; general information; send brochure,0
L1994,Retail Corp 101,retail,94.0,cold_list,1.0,2,0,0.2,0,1.0,just browsing; budget approved; general information,0
L0892,Manufacturing Corp 63,manufacturing,44.0,referral,1.0,3,3,0.08,0,9.0,compare vendors; ready to buy; implement this quarter,1
L1592,Healthcare Corp 244,healthcare,,paid,,3,0,0.42,0,20.0,general information; just browsing; student project,0
L1743,Healthcare Corp 286,healthcare,25.0,webinar,0.0,1,0,0.06,0,2.0,student project; compare vendors; just browsing,0
L0743,Logistics Corp 25,logistics,166.0,webinar,2.0,2,1,0.27,0,19.0,implement this quarter; student project; newsletter,1
L1268,Retail Corp 261,retail,9.0,cold_list,3.0,2,4,0.03,0,30.0,implement this quarter; budget approved; need pricing,0
L0465,Fintech Corp 203,fintech,,referral,0.0,7,4,0.4,1,52.0,budget approved; compare vendors; just browsing,0
L0836,Fintech Corp 237,fintech,86.0,paid,3.0,1,2,0.02,0,70.0,newsletter; curious about ai; implement this quarter,0
L0199,Manufacturing Corp 340,manufacturing,133.0,webinar,1.0,7,6,0.36,0,33.0,student project; request demo; curious about ai,1
L1247,Logistics Corp 253,logistics,,cold_list,1.0,4,3,0.23,0,3.0,request demo; budget approved; implement this quarter,0
L1338,Education Corp 182,education,204.0,webinar,0.0,2,2,0.34,1,3.0,newsletter; request demo; budget approved,1
L1746,Fintech Corp 197,fintech,31.0,paid,2.0,7,3,0.39,0,8.0,student project; budget approved; newsletter,0
L1344,Healthcare Corp 57,healthcare,121.0,organic,2.0,4,3,0.61,1,30.0,implement this quarter; compare vendors; ready to buy,1
L1151,Education Corp 392,education,267.0,webinar,1.0,9,3,0.48,0,5.0,budget approved; just browsing; ready to buy,0
L0767,Logistics Corp 188,logistics,10.0,webinar,1.0,2,1,0.17,0,16.0,implement this quarter; general information; newsletter,0
L1448,Fintech Corp 161,fintech,390.0,webinar,1.0,1,1,0.09,0,5.0,student project; curious about ai; just browsing,0
L1463,Manufacturing Corp 297,manufacturing,119.0,organic,0.0,5,2,0.45,0,14.0,newsletter; need pricing; send brochure,0
L1574,Logistics Corp 260,logistics,86.0,paid,0.0,4,1,0.47,0,7.0,send brochure; curious about ai; student project,0
L1228,Healthcare Corp 73,healthcare,207.0,paid,1.0,3,2,0.26,0,28.0,curious about ai; budget approved; just browsing,0
L0602,Healthcare Corp 151,healthcare,296.0,paid,3.0,4,1,0.18,1,18.0,compare vendors; budget approved; send brochure,0
L0043,Manufacturing Corp 398,manufacturing,50.0,paid,1.0,6,0,0.32,1,11.0,general information; just browsing; send brochure,0
L0274,Fintech Corp 35,fintech,143.0,referral,0.0,4,3,0.65,1,17.0,just browsing; budget approved; need pricing,0
L1801,Fintech Corp 135,fintech,77.0,cold_list,1.0,0,0,0.31,0,47.0,student project; newsletter; curious about ai,0
L0101,Fintech Corp 364,fintech,52.0,webinar,2.0,2,1,0.48,0,2.0,newsletter; curious about ai; need pricing,0
L0923,Retail Corp 89,retail,34.0,webinar,0.0,5,4,0.2,0,4.0,ready to buy; student project; request demo,1
D0048,logistics corporation 233,logistics,15.0,organic,0.0,5,0,0.2,0,15.0,ready to buy; curious about ai; student project,0
L1018,Logistics Corp 145,logistics,47.0,organic,3.0,1,1,0.53,0,6.0,student project; just browsing; curious about ai,0
L0107,Manufacturing Corp 317,manufacturing,142.0,cold_list,1.0,3,1,0.29,1,14.0,student project; compare vendors; just browsing,0
L0727,Logistics Corp 346,logistics,363.0,organic,1.0,7,0,0.34,0,13.0,send brochure; just browsing; general information,0
L0497,Fintech Corp 207,fintech,,cold_list,0.0,4,4,0.39,0,6.0,need pricing; ready to buy; newsletter,1
D0050,retail corporation 12,retail,140.0,organic,2.0,6,1,0.14,0,4.0,send brochure; student project; need pricing,1
L0936,Healthcare Corp 199,healthcare,172.0,organic,1.0,2,0,0.44,0,9.0,general information; send brochure; curious about ai,0
L1339,Manufacturing Corp 344,manufacturing,47.0,organic,0.0,4,2,0.33,0,4.0,general information; newsletter; implement this quarter,1
L1844,Logistics Corp 84,logistics,93.0,paid,0.0,3,0,0.19,0,77.0,general information; student project; just browsing,0
L1146,Fintech Corp 325,fintech,50.0,cold_list,3.0,5,4,0.11,0,10.0,request demo; implement this quarter; need pricing,0
L1341,Education Corp 187,education,177.0,organic,0.0,4,1,0.27,0,2.0,compare vendors; ready to buy; send brochure,0
L1132,Logistics Corp 87,logistics,31.0,organic,,4,2,0.61,0,4.0,student project; just browsing; curious about ai,0
L0781,Healthcare Corp 10,healthcare,29.0,organic,1.0,3,2,0.25,0,0.0,general information; ready to buy; curious about ai,0
L0072,Education Corp 354,education,5.0,paid,,1,2,0.57,0,14.0,student project; newsletter; need pricing,0
L1848,Manufacturing Corp 263,manufacturing,147.0,paid,0.0,6,2,0.81,1,8.0,compare vendors; request demo; implement this quarter,1
L1255,Education Corp 220,education,,referral,1.0,4,1,0.11,0,3.0,just browsing; curious about ai; ready to buy,0
L1773,Healthcare Corp 257,healthcare,144.0,paid,0.0,2,0,0.06,0,1.0,curious about ai; student project; general information,0
L0765,Logistics Corp 317,logistics,125.0,organic,1.0,0,0,0.14,0,36.0,student project; just browsing; newsletter,0
L0481,Logistics Corp 243,logistics,28.0,paid,0.0,3,1,0.31,0,4.0,send brochure; newsletter; just browsing,1
L1106,Logistics Corp 164,logistics,,referral,2.0,4,1,0.43,0,23.0,student project; newsletter; compare vendors,1
L0506,Manufacturing Corp 243,manufacturing,18.0,paid,1.0,6,2,0.15,0,15.0,compare vendors; budget approved; ready to buy,0
L0715,Logistics Corp 348,logistics,244.0,organic,0.0,4,3,0.14,1,10.0,compare vendors; implement this quarter; need pricing,1
L0869,Logistics Corp 220,logistics,101.0,cold_list,0.0,4,2,0.27,0,30.0,just browsing; curious about ai; send brochure,0
D0054,manufacturing corporation 310,manufacturing,24.0,organic,1.0,2,1,0.14,0,16.0,student project; just browsing; send brochure,0
L0782,Retail Corp 169,retail,73.0,webinar,1.0,3,0,0.41,0,13.0,newsletter; compare vendors; curious about ai,0
L0701,Manufacturing Corp 188,manufacturing,141.0,webinar,0.0,6,1,0.29,0,31.0,need pricing; general information; student project,0
L0915,Healthcare Corp 126,healthcare,9.0,webinar,0.0,5,4,0.58,0,19.0,implement this quarter; need pricing; compare vendors,0
L0311,Manufacturing Corp 368,manufacturing,219.0,webinar,0.0,8,3,0.26,0,1.0,send brochure; just browsing; general information,0
L0879,Retail Corp 334,retail,189.0,paid,,5,1,0.23,0,12.0,student project; ready to buy; just browsing,0
L0405,Education Corp 264,education,766.0,organic,1.0,5,1,0.05,0,7.0,ready to buy; curious about ai; general information,0
L1208,Manufacturing Corp 193,manufacturing,240.0,organic,3.0,9,2,0.22,0,65.0,compare vendors; need pricing; send brochure,0
L1717,Fintech Corp 117,fintech,208.0,organic,2.0,5,3,0.6,0,11.0,curious about ai; send brochure; request demo,0
L0309,Logistics Corp 117,logistics,185.0,organic,1.0,2,3,0.22,1,11.0,need pricing; ready to buy; implement this quarter,1
L0226,Logistics Corp 385,logistics,,referral,2.0,3,3,0.3,0,16.0,just browsing; curious about ai; newsletter,1
L1869,Education Corp 96,education,65.0,cold_list,3.0,4,2,0.29,0,39.0,budget approved; just browsing; newsletter,0
L1362,Fintech Corp 38,fintech,42.0,paid,2.0,2,3,0.45,0,14.0,budget approved; need pricing; ready to buy,0
L1581,Manufacturing Corp 91,manufacturing,,organic,1.0,5,3,0.58,0,4.0,send brochure; compare vendors; student project,1
L1689,Manufacturing Corp 38,manufacturing,70.0,cold_list,,6,2,0.29,0,17.0,ready to buy; curious about ai; just browsing,0
L1941,Retail Corp 4,retail,17.0,referral,1.0,5,2,0.56,0,24.0,student project; send brochure; curious about ai,0
L0148,Retail Corp 201,retail,271.0,cold_list,0.0,5,1,0.31,0,0.0,send brochure; student project; just browsing,0
L1798,Retail Corp 54,retail,,webinar,0.0,4,1,0.29,0,15.0,student project; general information; newsletter,0
L1555,Education Corp 261,education,193.0,organic,2.0,5,3,0.21,0,2.0,just browsing; curious about ai; compare vendors,0
L1545,Manufacturing Corp 207,manufacturing,72.0,organic,1.0,3,3,0.42,0,30.0,student project; budget approved; just browsing,0
L1407,Logistics Corp 306,logistics,132.0,webinar,2.0,3,0,0.29,0,42.0,student project; general information; need pricing,0
L0888,Logistics Corp 327,logistics,258.0,paid,1.0,6,4,0.04,0,4.0,student project; ready to buy; implement this quarter,0
L0575,Retail Corp 260,retail,443.0,referral,0.0,7,4,0.1,0,4.0,just browsing; curious about ai; implement this quarter,1
L0557,Retail Corp 220,retail,132.0,cold_list,2.0,3,2,0.24,0,42.0,curious about ai; just browsing; student project,0
L1615,Logistics Corp 46,logistics,256.0,webinar,0.0,4,0,0.63,0,36.0,general information; newsletter; curious about ai,0
L1185,Education Corp 159,education,78.0,paid,,6,3,0.3,0,24.0,need pricing; implement this quarter; send brochure,0
L1639,Fintech Corp 345,fintech,61.0,paid,,1,0,0.6,0,10.0,compare vendors; need pricing; student project,0
L1391,Education Corp 98,education,139.0,webinar,2.0,6,4,0.26,0,10.0,just browsing; student project; need pricing,0
D0037,retail corporation 19,retail,154.0,webinar,3.0,6,3,0.23,0,34.0,implement this quarter; request demo; need pricing,0
L1526,Manufacturing Corp 86,manufacturing,316.0,webinar,3.0,4,6,0.11,0,24.0,implement this quarter; student project; request demo,1
L1023,Retail Corp 81,retail,45.0,organic,0.0,4,3,0.16,0,23.0,budget approved; ready to buy; compare vendors,0
L0286,Logistics Corp 167,logistics,35.0,referral,1.0,2,1,0.58,0,5.0,compare vendors; general information; student project,0
L1658,Manufacturing Corp 326,manufacturing,54.0,paid,1.0,6,2,0.43,0,27.0,newsletter; general information; just browsing,0
L0780,Manufacturing Corp 69,manufacturing,59.0,cold_list,2.0,6,5,0.28,1,15.0,implement this quarter; need pricing; budget approved,1
L0628,Retail Corp 61,retail,155.0,webinar,2.0,3,0,0.41,1,2.0,budget approved; general information; send brochure,0
L0598,Healthcare Corp 322,healthcare,7.0,webinar,0.0,5,1,0.36,0,1.0,request demo; student project; budget approved,0
L0987,Logistics Corp 398,logistics,103.0,cold_list,0.0,3,2,0.12,0,11.0,general information; compare vendors; implement this quarter,0
L1043,Fintech Corp 115,fintech,289.0,organic,2.0,4,2,0.18,0,16.0,send brochure; newsletter; curious about ai,0
L1691,Healthcare Corp 161,healthcare,633.0,paid,,1,0,0.06,0,5.0,general information; student project; newsletter,0
L1640,Fintech Corp 216,fintech,2542.0,cold_list,1.0,2,1,0.16,0,1.0,general information; newsletter; just browsing,0
L1200,Retail Corp 258,retail,36.0,paid,1.0,4,6,0.25,1,13.0,implement this quarter; compare vendors; ready to buy,1
L1271,Manufacturing Corp 142,manufacturing,30.0,referral,0.0,7,3,0.49,0,0.0,general information; curious about ai; send brochure,0
L0855,Retail Corp 231,retail,44.0,paid,1.0,2,0,0.03,0,28.0,general information; budget approved; request demo,0
L1651,Manufacturing Corp 244,manufacturing,12.0,paid,0.0,5,3,0.18,0,0.0,budget approved; student project; need pricing,0
L0678,Logistics Corp 73,logistics,100.0,webinar,,2,1,0.41,0,9.0,send brochure; compare vendors; general information,0
L1245,Manufacturing Corp 271,manufacturing,47.0,paid,1.0,8,2,0.38,0,2.0,student project; compare vendors; need pricing,0
L1087,Education Corp 356,education,31.0,referral,0.0,2,1,0.39,0,42.0,ready to buy; request demo; curious about ai,0
L0609,Retail Corp 397,retail,434.0,organic,2.0,7,1,0.36,0,20.0,curious about ai; send brochure; implement this quarter,1
L1340,Logistics Corp 151,logistics,223.0,cold_list,0.0,3,0,0.4,0,23.0,general information; newsletter; send brochure,0
L1027,Manufacturing Corp 345,manufacturing,77.0,organic,,1,2,0.16,0,15.0,curious about ai; send brochure; request demo,0
L1472,Logistics Corp 112,logistics,197.0,webinar,1.0,3,1,0.44,0,10.0,student project; implement this quarter; budget approved,0
L1847,Fintech Corp 78,fintech,75.0,referral,1.0,4,1,0.34,0,14.0,student project; compare vendors; just browsing,0
L0493,Manufacturing Corp 209,manufacturing,,cold_list,3.0,4,2,0.08,0,30.0,just browsing; implement this quarter; ready to buy,0
L1364,Retail Corp 50,retail,272.0,webinar,1.0,6,0,0.54,0,32.0,curious about ai; student project; implement this quarter,0
L0277,Retail Corp 145,retail,19.0,referral,2.0,3,3,0.14,0,38.0,budget approved; student project; send brochure,0
L1913,Retail Corp 213,retail,150.0,organic,1.0,1,0,0.06,0,5.0,just browsing; student project; general information,0
L0358,Retail Corp 368,retail,107.0,organic,0.0,3,2,0.29,0,54.0,ready to buy; send brochure; general information,0
L1525,Logistics Corp 288,logistics,,organic,0.0,4,1,0.42,1,10.0,implement this quarter; student project; ready to buy,0
L0236,Retail Corp 357,retail,30.0,webinar,1.0,4,4,0.02,0,11.0,send brochure; just browsing; ready to buy,0
L0551,Logistics Corp 272,logistics,719.0,paid,0.0,3,2,0.44,0,9.0,curious about ai; student project; send brochure,0
L1934,Fintech Corp 99,fintech,39.0,organic,3.0,4,4,0.22,0,30.0,budget approved; implement this quarter; compare vendors,1
L0952,Manufacturing Corp 206,manufacturing,102.0,paid,3.0,5,2,0.63,0,52.0,need pricing; send brochure; student project,1
L0208,Logistics Corp 239,logistics,227.0,organic,0.0,7,3,0.41,0,13.0,request demo; compare vendors; implement this quarter,1
L1823,Fintech Corp 148,fintech,91.0,referral,0.0,3,1,0.23,0,6.0,compare vendors; need pricing; implement this quarter,0
L1613,Manufacturing Corp 367,manufacturing,188.0,organic,1.0,1,3,0.57,0,33.0,general information; need pricing; send brochure,0
L0058,Logistics Corp 9,logistics,98.0,paid,0.0,1,0,0.37,0,12.0,just browsing; need pricing; budget approved,0
L0631,Education Corp 312,education,111.0,cold_list,1.0,4,3,0.09,0,24.0,ready to buy; send brochure; newsletter,0
L1637,Healthcare Corp 338,healthcare,1034.0,referral,,3,3,0.3,0,50.0,newsletter; implement this quarter; just browsing,0
L1926,Manufacturing Corp 377,manufacturing,619.0,webinar,2.0,2,0,0.31,0,41.0,curious about ai; send brochure; just browsing,0
L1630,Retail Corp 175,retail,1397.0,organic,3.0,6,1,0.6,0,73.0,request demo; general information; curious about ai,0
L0363,Logistics Corp 27,logistics,,paid,1.0,1,1,0.58,0,9.0,compare vendors; curious about ai; need pricing,0
L0505,Education Corp 35,education,,webinar,0.0,5,2,0.75,0,19.0,just browsing; send brochure; request demo,0
L1091,Fintech Corp 384,fintech,187.0,paid,1.0,3,1,0.17,0,36.0,request demo; budget approved; general information,0
L1161,Fintech Corp 294,fintech,42.0,organic,1.0,4,2,0.58,0,21.0,newsletter; send brochure; student project,0
L1657,Education Corp 176,education,,cold_list,0.0,3,2,0.32,0,7.0,ready to buy; compare vendors; student project,0
L1818,Retail Corp 102,retail,202.0,paid,0.0,3,0,0.2,1,3.0,ready to buy; just browsing; implement this quarter,0
L1320,Retail Corp 120,retail,23.0,webinar,3.0,2,2,0.24,1,67.0,budget approved; implement this quarter; ready to buy,1
L1036,Manufacturing Corp 163,manufacturing,825.0,organic,2.0,2,2,0.04,0,56.0,implement this quarter; need pricing; student project,0
L0865,Healthcare Corp 203,healthcare,13.0,organic,2.0,3,2,0.12,0,9.0,send brochure; curious about ai; budget approved,0
L0118,Retail Corp 308,retail,71.0,organic,1.0,4,1,0.71,0,6.0,just browsing; newsletter; general information,0
L1290,Retail Corp 19,retail,154.0,webinar,3.0,6,3,0.23,0,34.0,implement this quarter; request demo; need pricing,0
L0809,Healthcare Corp 316,healthcare,49.0,referral,0.0,4,2,0.22,0,91.0,curious about ai; student project; need pricing,0
L0522,Logistics Corp 84,logistics,131.0,cold_list,1.0,8,2,0.25,0,17.0,compare vendors; just browsing; need pricing,0
L0513,Manufacturing Corp 376,manufacturing,235.0,webinar,0.0,3,5,0.08,0,12.0,request demo; implement this quarter; need pricing,1
L0081,Manufacturing Corp 251,manufacturing,55.0,paid,0.0,5,1,0.32,0,7.0,need pricing; newsletter; implement this quarter,0
L1623,Logistics Corp 143,logistics,205.0,organic,3.0,3,0,0.17,0,16.0,ready to buy; general information; curious about ai,0
L0764,Healthcare Corp 110,healthcare,24.0,cold_list,0.0,2,2,0.06,0,89.0,general information; request demo; need pricing,0
L1672,Fintech Corp 180,fintech,30.0,referral,2.0,1,2,0.21,0,13.0,compare vendors; send brochure; request demo,0
L0380,Retail Corp 258,retail,111.0,referral,0.0,4,3,0.37,0,1.0,newsletter; ready to buy; just browsing,1
L1991,Fintech Corp 201,fintech,545.0,organic,0.0,4,0,0.33,0,8.0,send brochure; just browsing; general information,0
L1747,Retail Corp 22,retail,38.0,organic,0.0,4,1,0.29,0,7.0,curious about ai; just browsing; send brochure,0
L0084,Logistics Corp 118,logistics,146.0,organic,0.0,3,2,0.15,0,36.0,general information; need pricing; newsletter,0
L1735,Fintech Corp 143,fintech,253.0,webinar,1.0,10,1,0.27,0,2.0,just browsing; student project; curious about ai,0
L0672,Healthcare Corp 212,healthcare,669.0,organic,1.0,2,2,0.34,0,27.0,implement this quarter; student project; send brochure,0
L0329,Manufacturing Corp 206,manufacturing,181.0,cold_list,0.0,1,2,0.52,0,2.0,general information; student project; curious about ai,0
L0006,Education Corp 394,education,43.0,paid,0.0,4,1,0.55,1,14.0,budget approved; need pricing; send brochure,0
L0787,Manufacturing Corp 175,manufacturing,34.0,referral,0.0,2,1,0.26,0,37.0,newsletter; need pricing; implement this quarter,0
L1712,Healthcare Corp 299,healthcare,24.0,cold_list,3.0,8,1,0.29,0,0.0,newsletter; general information; send brochure,0
D0045,education corporation 144,education,27.0,organic,1.0,3,1,0.34,0,13.0,send brochure; general information; curious about ai,0
L1265,Education Corp 173,education,636.0,organic,0.0,3,2,0.47,0,3.0,need pricing; request demo; newsletter,0
L0451,Healthcare Corp 338,healthcare,145.0,referral,3.0,6,3,0.3,0,15.0,ready to buy; request demo; implement this quarter,1
L0490,Fintech Corp 174,fintech,2936.0,organic,2.0,3,0,0.37,0,5.0,just browsing; curious about ai; newsletter,0
L1804,Fintech Corp 2,fintech,10.0,webinar,1.0,5,2,0.43,1,7.0,need pricing; ready to buy; budget approved,1
L0287,Manufacturing Corp 177,manufacturing,16.0,referral,,4,2,0.31,0,15.0,compare vendors; send brochure; implement this quarter,0
L0965,Retail Corp 265,retail,39.0,webinar,0.0,4,5,0.08,1,16.0,compare vendors; curious about ai; ready to buy,1
L0087,Retail Corp 279,retail,1202.0,organic,3.0,5,3,0.29,0,30.0,ready to buy; newsletter; implement this quarter,1
L1414,Logistics Corp 56,logistics,117.0,paid,3.0,3,1,0.06,0,13.0,need pricing; budget approved; general information,1
L0806,Fintech Corp 52,fintech,,cold_list,0.0,5,0,0.22,0,37.0,need pricing; compare vendors; curious about ai,0
L0745,Retail Corp 311,retail,303.0,webinar,1.0,3,4,0.34,1,45.0,curious about ai; implement this quarter; student project,0
L1441,Logistics Corp 362,logistics,31.0,webinar,3.0,4,0,0.57,0,8.0,just browsing; send brochure; curious about ai,0
L1760,Manufacturing Corp 91,manufacturing,32.0,paid,0.0,6,4,0.07,1,3.0,budget approved; compare vendors; request demo,1
L0845,Healthcare Corp 301,healthcare,71.0,paid,0.0,1,1,0.57,0,23.0,curious about ai; newsletter; student project,0
L1606,Healthcare Corp 352,healthcare,115.0,webinar,2.0,0,2,0.4,0,10.0,curious about ai; general information; newsletter,0
D0025,healthcare corporation 349,healthcare,160.0,organic,,8,2,0.14,0,25.0,implement this quarter; general information; just browsing,0
L1550,Logistics Corp 66,logistics,848.0,organic,1.0,8,1,0.37,0,17.0,general information; newsletter; request demo,0
L1706,Logistics Corp 213,logistics,168.0,paid,3.0,6,4,0.26,0,2.0,ready to buy; send brochure; budget approved,0
L0327,Retail Corp 154,retail,418.0,paid,0.0,2,2,0.39,0,28.0,student project; request demo; general information,0
L0442,Fintech Corp 87,fintech,78.0,cold_list,1.0,4,4,0.31,1,3.0,request demo; implement this quarter; need pricing,1
L0819,Manufacturing Corp 182,manufacturing,57.0,organic,1.0,2,1,0.37,0,58.0,just browsing; student project; request demo,0
L1117,Education Corp 152,education,13.0,organic,2.0,2,0,0.22,1,37.0,newsletter; compare vendors; curious about ai,0
L0979,Logistics Corp 338,logistics,37.0,organic,1.0,6,2,0.12,0,7.0,general information; student project; need pricing,0
L0932,Manufacturing Corp 139,manufacturing,120.0,webinar,3.0,3,2,0.17,0,2.0,curious about ai; request demo; send brochure,0
L0177,Healthcare Corp 328,healthcare,61.0,paid,1.0,3,2,0.22,0,18.0,compare vendors; general information; request demo,0
L1911,Logistics Corp 100,logistics,171.0,referral,0.0,2,0,0.18,1,21.0,compare vendors; just browsing; newsletter,0
L0744,Retail Corp 177,retail,32.0,cold_list,1.0,2,3,0.45,0,3.0,newsletter; just browsing; general information,0
L0086,Fintech Corp 63,fintech,235.0,referral,0.0,4,1,0.58,1,18.0,curious about ai; implement this quarter; newsletter,0
L1502,Manufacturing Corp 140,manufacturing,29.0,referral,1.0,3,2,0.6,0,55.0,budget approved; student project; need pricing,0
L1968,Retail Corp 275,retail,236.0,paid,,9,3,0.7,0,16.0,curious about ai; ready to buy; student project,0
L0457,Retail Corp 26,retail,11.0,organic,3.0,8,0,0.23,0,54.0,compare vendors; curious about ai; student project,0
L1893,Logistics Corp 33,logistics,307.0,webinar,1.0,7,1,0.03,0,16.0,need pricing; ready to buy; request demo,0
L0054,Fintech Corp 79,fintech,224.0,webinar,2.0,6,1,0.4,0,11.0,general information; curious about ai; student project,0
L1554,Manufacturing Corp 185,manufacturing,26.0,cold_list,1.0,6,0,0.21,0,10.0,curious about ai; newsletter; student project,0
L0643,Manufacturing Corp 209,manufacturing,8.0,paid,,2,1,0.08,0,1.0,newsletter; curious about ai; send brochure,0
L0677,Retail Corp 260,retail,93.0,paid,0.0,1,3,0.14,0,113.0,ready to buy; newsletter; budget approved,0
L0221,Retail Corp 248,retail,186.0,cold_list,1.0,2,1,0.2,0,9.0,budget approved; student project; newsletter,0
L0113,Retail Corp 230,retail,198.0,cold_list,,2,2,0.4,0,2.0,curious about ai; request demo; newsletter,0
L1288,Retail Corp 239,retail,139.0,paid,1.0,3,1,0.35,0,9.0,student project; send brochure; general information,0
L1269,Retail Corp 265,retail,,organic,1.0,6,2,0.46,0,43.0,general information; request demo; student project,0
L1044,Logistics Corp 360,logistics,64.0,organic,2.0,2,0,0.38,0,7.0,student project; send brochure; general information,0
L0174,Logistics Corp 123,logistics,399.0,webinar,0.0,6,4,0.3,0,22.0,request demo; send brochure; compare vendors,0
L1239,Logistics Corp 317,logistics,86.0,webinar,1.0,5,2,0.25,0,8.0,send brochure; newsletter; just browsing,0
L0589,Logistics Corp 198,logistics,94.0,webinar,2.0,1,1,0.6,0,50.0,need pricing; request demo; send brochure,0
L1612,Education Corp 348,education,21.0,referral,3.0,6,2,0.48,0,37.0,need pricing; implement this quarter; request demo,0
L0018,Education Corp 380,education,903.0,paid,0.0,4,2,0.37,1,14.0,send brochure; ready to buy; need pricing,0
L0423,Logistics Corp 3,logistics,105.0,paid,3.0,3,0,0.16,0,9.0,student project; just browsing; send brochure,0
L1387,Manufacturing Corp 354,manufacturing,892.0,paid,0.0,5,1,0.15,0,40.0,newsletter; general information; student project,0
L0285,Manufacturing Corp 336,manufacturing,492.0,paid,2.0,5,2,0.22,0,6.0,send brochure; request demo; curious about ai,0
L1800,Fintech Corp 10,fintech,52.0,paid,2.0,5,3,0.51,1,20.0,compare vendors; newsletter; ready to buy,0
L0428,Logistics Corp 391,logistics,51.0,webinar,1.0,3,2,0.03,0,44.0,curious about ai; just browsing; compare vendors,0
L1562,Healthcare Corp 120,healthcare,92.0,paid,2.0,2,0,0.43,0,13.0,general information; newsletter; student project,0
L0792,Manufacturing Corp 225,manufacturing,54.0,organic,3.0,4,3,0.36,0,5.0,send brochure; general information; compare vendors,1
L0669,Manufacturing Corp 317,manufacturing,49.0,organic,1.0,5,4,0.36,0,21.0,budget approved; compare vendors; newsletter,0
L0031,Healthcare Corp 340,healthcare,129.0,organic,0.0,1,2,0.65,0,27.0,send brochure; general information; curious about ai,0
L0997,Logistics Corp 98,logistics,68.0,webinar,1.0,1,1,0.29,0,75.0,just browsing; need pricing; curious about ai,0
L0722,Logistics Corp 356,logistics,193.0,organic,1.0,4,2,0.16,0,8.0,request demo; student project; compare vendors,1
L1940,Manufacturing Corp 294,manufacturing,12.0,organic,2.0,4,1,0.17,0,46.0,send brochure; general information; newsletter,0
L0214,Fintech Corp 389,fintech,45.0,paid,2.0,3,0,0.41,1,36.0,request demo; student project; implement this quarter,0
L1745,Fintech Corp 355,fintech,93.0,paid,1.0,2,2,0.65,0,15.0,student project; curious about ai; send brochure,0
L1287,Manufacturing Corp 84,manufacturing,139.0,paid,1.0,7,5,0.05,0,22.0,budget approved; implement this quarter; request demo,1
L1621,Retail Corp 90,retail,155.0,paid,3.0,6,4,0.07,0,4.0,just browsing; curious about ai; send brochure,0
L0326,Education Corp 67,education,101.0,webinar,0.0,6,4,0.07,1,12.0,send brochure; compare vendors; request demo,0
L0560,Logistics Corp 341,logistics,46.0,cold_list,0.0,3,1,0.44,0,7.0,newsletter; send brochure; student project,0
L1932,Education Corp 399,education,58.0,organic,2.0,4,5,0.3,0,24.0,compare vendors; newsletter; request demo,0
L0700,Manufacturing Corp 179,manufacturing,46.0,referral,1.0,4,2,0.18,0,8.0,newsletter; request demo; curious about ai,0
L1466,Retail Corp 277,retail,86.0,cold_list,1.0,2,3,0.36,0,18.0,general information; send brochure; just browsing,0
L1229,Logistics Corp 112,logistics,244.0,webinar,1.0,8,4,0.17,0,4.0,budget approved; ready to buy; implement this quarter,0
L0341,Healthcare Corp 250,healthcare,2819.0,webinar,,5,1,0.09,0,2.0,student project; ready to buy; newsletter,0
L0629,Education Corp 117,education,181.0,referral,,3,4,0.83,0,34.0,newsletter; request demo; budget approved,0
L0147,Retail Corp 129,retail,39.0,referral,2.0,7,2,0.2,0,35.0,send brochure; general information; need pricing,0
L1237,Retail Corp 164,retail,111.0,paid,2.0,3,0,0.54,0,0.0,general information; student project; newsletter,0
L0360,Healthcare Corp 40,healthcare,160.0,webinar,0.0,1,2,0.32,0,4.0,student project; send brochure; general information,0
L0083,Logistics Corp 233,logistics,27.0,organic,,7,1,0.15,0,57.0,budget approved; newsletter; curious about ai,0
L0048,Fintech Corp 177,fintech,138.0,paid,1.0,4,2,0.04,0,11.0,student project; just browsing; need pricing,1
L0468,Logistics Corp 178,logistics,56.0,webinar,1.0,1,1,0.22,0,21.0,compare vendors; student project; request demo,0
L0155,Fintech Corp 362,fintech,165.0,paid,0.0,4,3,0.14,1,11.0,implement this quarter; ready to buy; need pricing,0
L0817,Retail Corp 115,retail,72.0,webinar,1.0,5,1,0.2,0,35.0,send brochure; just browsing; student project,0
L1068,Logistics Corp 55,logistics,37.0,paid,1.0,1,3,0.52,0,10.0,just browsing; general information; send brochure,0
L1890,Manufacturing Corp 144,manufacturing,5.0,paid,1.0,2,3,0.34,0,14.0,compare vendors; need pricing; ready to buy,1
L1455,Logistics Corp 26,logistics,6.0,cold_list,1.0,2,1,0.31,0,46.0,budget approved; student project; newsletter,0
L1447,Retail Corp 214,retail,39.0,cold_list,0.0,3,3,0.11,0,50.0,ready to buy; curious about ai; newsletter,0
L1684,Logistics Corp 386,logistics,17.0,cold_list,0.0,3,1,0.24,0,49.0,send brochure; request demo; just browsing,0
L0500,Fintech Corp 258,fintech,112.0,webinar,,5,3,0.06,0,23.0,compare vendors; student project; just browsing,0
L1825,Logistics Corp 165,logistics,162.0,webinar,1.0,3,3,0.32,0,1.0,compare vendors; budget approved; need pricing,1
L0179,Fintech Corp 133,fintech,35.0,organic,1.0,3,0,0.48,1,6.0,budget approved; request demo; need pricing,1
L1084,Healthcare Corp 363,healthcare,91.0,organic,1.0,6,1,0.3,0,28.0,implement this quarter; need pricing; request demo,0
L1816,Education Corp 248,education,17.0,organic,1.0,4,1,0.46,0,9.0,request demo; newsletter; curious about ai,0
L1235,Logistics Corp 8,logistics,16.0,webinar,3.0,4,2,0.71,0,53.0,request demo; implement this quarter; compare vendors,0
L0931,Manufacturing Corp 33,manufacturing,193.0,cold_list,,9,5,0.38,1,17.0,request demo; ready to buy; implement this quarter,1
L1196,Manufacturing Corp 325,manufacturing,31.0,paid,3.0,4,1,0.42,0,3.0,request demo; general information; curious about ai,0
L1673,Logistics Corp 388,logistics,490.0,referral,0.0,1,2,0.08,0,13.0,send brochure; just browsing; newsletter,1
L0528,Education Corp 226,education,95.0,referral,2.0,7,2,0.65,0,6.0,just browsing; send brochure; implement this quarter,0
L0346,Healthcare Corp 186,healthcare,31.0,organic,2.0,1,1,0.17,0,9.0,send brochure; compare vendors; general information,0
L1435,Healthcare Corp 375,healthcare,25.0,cold_list,0.0,5,1,0.22,0,74.0,curious about ai; budget approved; send brochure,0
D0031,retail corporation 366,retail,285.0,organic,1.0,3,1,0.12,1,10.0,send brochure; curious about ai; budget approved,0
L0861,Fintech Corp 81,fintech,15.0,webinar,2.0,4,1,0.49,0,7.0,send brochure; newsletter; request demo,0
D0043,fintech corporation 86,fintech,186.0,paid,2.0,7,2,0.55,0,13.0,budget approved; general information; just browsing,0
L0904,Healthcare Corp 352,healthcare,31.0,cold_list,1.0,3,1,0.43,0,9.0,send brochure; need pricing; implement this quarter,0
L1052,Manufacturing Corp 180,manufacturing,395.0,webinar,0.0,5,2,0.27,1,3.0,ready to buy; need pricing; general information,1
L0601,Education Corp 341,education,6.0,paid,1.0,3,1,0.6,0,1.0,curious about ai; send brochure; implement this quarter,0
L1929,Retail Corp 261,retail,37.0,webinar,3.0,7,3,0.22,1,3.0,budget approved; need pricing; compare vendors,0
L0243,Retail Corp 262,retail,75.0,referral,3.0,3,1,0.4,0,8.0,newsletter; budget approved; curious about ai,0
L0994,Healthcare Corp 292,healthcare,455.0,organic,0.0,7,4,0.29,0,43.0,curious about ai; ready to buy; send brochure,0
L0802,Healthcare Corp 44,healthcare,153.0,paid,1.0,4,0,0.32,0,0.0,curious about ai; budget approved; student project,0
L1105,Education Corp 255,education,460.0,referral,2.0,2,2,0.24,1,4.0,request demo; ready to buy; budget approved,1
L1864,Fintech Corp 308,fintech,,webinar,2.0,3,2,0.58,0,57.0,send brochure; student project; need pricing,0
L0312,Manufacturing Corp 395,manufacturing,75.0,organic,1.0,5,2,0.18,1,4.0,compare vendors; newsletter; implement this quarter,1
L0435,Logistics Corp 273,logistics,8.0,cold_list,3.0,5,2,0.4,0,86.0,implement this quarter; newsletter; request demo,0
L1967,Education Corp 9,education,24.0,webinar,2.0,3,3,0.64,0,1.0,ready to buy; general information; compare vendors,1
L1353,Manufacturing Corp 2,manufacturing,27.0,organic,0.0,1,1,0.45,0,9.0,curious about ai; general information; student project,0
L0308,Manufacturing Corp 142,manufacturing,,webinar,3.0,8,3,0.3,0,100.0,implement this quarter; compare vendors; budget approved,1
L0430,Healthcare Corp 10,healthcare,45.0,cold_list,,1,0,0.07,0,2.0,newsletter; send brochure; curious about ai,0
L0660,Manufacturing Corp 57,manufacturing,41.0,organic,0.0,3,2,0.35,0,15.0,need pricing; budget approved; request demo,1
L0370,Education Corp 43,education,195.0,organic,1.0,8,3,0.41,0,11.0,compare vendors; request demo; budget approved,1
L0566,Education Corp 43,education,1009.0,webinar,0.0,4,2,0.38,0,38.0,compare vendors; budget approved; general information,0
L1360,Fintech Corp 227,fintech,306.0,paid,0.0,7,0,0.43,0,2.0,student project; just browsing; send brochure,0
L0824,Education Corp 144,education,27.0,organic,1.0,3,1,0.34,0,13.0,send brochure; general information; curious about ai,0
L0181,Healthcare Corp 393,healthcare,137.0,cold_list,3.0,0,0,0.37,1,2.0,student project; compare vendors; general information,1
L0921,Education Corp 126,education,18.0,paid,2.0,3,4,0.45,0,15.0,implement this quarter; just browsing; need pricing,0
L0621,Retail Corp 207,retail,34.0,webinar,1.0,4,4,0.65,0,30.0,newsletter; curious about ai; budget approved,0
L1272,Manufacturing Corp 215,manufacturing,92.0,paid,0.0,2,1,0.43,0,9.0,ready to buy; implement this quarter; general information,0
L1232,Logistics Corp 299,logistics,39.0,webinar,0.0,4,1,0.1,0,4.0,general information; just browsing; newsletter,0
L1010,Fintech Corp 46,fintech,12.0,referral,1.0,7,3,0.45,1,31.0,compare vendors; ready to buy; general information,1
L0813,Retail Corp 237,retail,291.0,webinar,0.0,4,0,0.22,0,14.0,general information; send brochure; just browsing,0
L1471,Logistics Corp 384,logistics,163.0,organic,0.0,5,3,0.49,0,37.0,student project; ready to buy; send brochure,0
L1906,Retail Corp 206,retail,,paid,1.0,4,3,0.39,0,27.0,general information; budget approved; request demo,0
L1524,Fintech Corp 15,fintech,102.0,cold_list,1.0,1,1,0.11,0,6.0,just browsing; student project; curious about ai,0
L1111,Retail Corp 140,retail,,cold_list,1.0,4,2,0.32,0,15.0,budget approved; need pricing; general information,0
L0296,Healthcare Corp 43,healthcare,89.0,cold_list,,1,0,0.41,0,21.0,send brochure; curious about ai; newsletter,0
L1457,Retail Corp 261,retail,118.0,webinar,3.0,4,1,0.28,0,4.0,send brochure; student project; general information,0
L0461,Logistics Corp 119,logistics,38.0,organic,2.0,4,6,0.48,0,1.0,request demo; need pricing; ready to buy,1
L1609,Retail Corp 216,retail,599.0,webinar,0.0,2,3,0.06,0,2.0,general information; implement this quarter; newsletter,0
L1216,Manufacturing Corp 55,manufacturing,244.0,referral,,5,1,0.88,0,89.0,curious about ai; just browsing; general information,0
L0377,Retail Corp 33,retail,140.0,webinar,0.0,3,1,0.59,0,6.0,request demo; student project; just browsing,1
L0798,Fintech Corp 169,fintech,115.0,paid,1.0,3,2,0.19,0,5.0,curious about ai; send brochure; newsletter,1
L1249,Healthcare Corp 357,healthcare,174.0,webinar,,3,1,0.52,0,4.0,newsletter; implement this quarter; just browsing,0
L0105,Fintech Corp 329,fintech,15.0,organic,1.0,4,0,0.07,0,19.0,newsletter; budget approved; just browsing,0
L0126,Manufacturing Corp 119,manufacturing,165.0,organic,3.0,2,1,0.58,0,23.0,curious about ai; request demo; send brochure,1
L1225,Healthcare Corp 162,healthcare,28.0,organic,2.0,5,3,0.41,0,23.0,budget approved; need pricing; compare vendors,0
L1903,Logistics Corp 343,logistics,59.0,organic,2.0,2,0,0.45,1,60.0,send brochure; ready to buy; just browsing,0
L1170,Manufacturing Corp 83,manufacturing,205.0,webinar,0.0,5,5,0.2,0,23.0,budget approved; request demo; implement this quarter,0
L1879,Retail Corp 288,retail,639.0,cold_list,0.0,2,1,0.08,0,24.0,curious about ai; general information; just browsing,0
L0355,Retail Corp 290,retail,291.0,organic,0.0,2,2,0.46,0,5.0,just browsing; student project; need pricing,0
L1670,Manufacturing Corp 135,manufacturing,1378.0,referral,1.0,4,1,0.47,0,12.0,newsletter; student project; general information,0
L0682,Logistics Corp 59,logistics,75.0,cold_list,1.0,1,2,0.11,0,5.0,newsletter; compare vendors; implement this quarter,0
L0973,Healthcare Corp 172,healthcare,17.0,cold_list,0.0,7,1,0.28,0,56.0,newsletter; student project; general information,0
L0862,Education Corp 103,education,274.0,organic,1.0,5,3,0.14,0,6.0,general information; just browsing; ready to buy,0
L0926,Logistics Corp 358,logistics,318.0,organic,0.0,1,0,0.05,0,5.0,student project; just browsing; newsletter,0
L0209,Retail Corp 94,retail,218.0,cold_list,1.0,6,3,0.36,0,8.0,just browsing; budget approved; student project,0
L0938,Healthcare Corp 365,healthcare,42.0,webinar,0.0,6,4,0.29,0,0.0,request demo; newsletter; compare vendors,0
L0140,Retail Corp 277,retail,276.0,organic,1.0,7,1,0.19,0,5.0,request demo; curious about ai; send brochure,0
L1487,Retail Corp 153,retail,108.0,webinar,1.0,3,6,0.43,0,10.0,general information; curious about ai; newsletter,1
L1383,Healthcare Corp 50,healthcare,24.0,paid,2.0,4,3,0.38,0,24.0,budget approved; compare vendors; request demo,0
L1359,Logistics Corp 46,logistics,409.0,webinar,1.0,3,0,0.25,1,50.0,curious about ai; need pricing; request demo,0
L1627,Logistics Corp 64,logistics,110.0,webinar,0.0,5,4,0.18,1,5.0,budget approved; request demo; ready to buy,1
L1780,Logistics Corp 312,logistics,56.0,paid,0.0,6,2,0.3,0,23.0,just browsing; compare vendors; budget approved,0
L1586,Manufacturing Corp 267,manufacturing,,paid,0.0,3,0,0.17,0,28.0,curious about ai; send brochure; newsletter,0
L1226,Retail Corp 37,retail,14.0,paid,,2,0,0.17,0,1.0,curious about ai; student project; newsletter,0
L0711,Fintech Corp 103,fintech,59.0,organic,0.0,2,0,0.59,0,20.0,send brochure; just browsing; curious about ai,0
L1309,Healthcare Corp 139,healthcare,53.0,organic,0.0,4,2,0.31,1,65.0,implement this quarter; compare vendors; request demo,0
L1004,Fintech Corp 115,fintech,1257.0,webinar,1.0,2,4,0.57,0,102.0,send brochure; ready to buy; compare vendors,0
L1738,Retail Corp 31,retail,18.0,paid,2.0,5,0,0.34,0,17.0,just browsing; newsletter; curious about ai,0
L0907,Logistics Corp 195,logistics,36.0,cold_list,0.0,4,3,0.26,0,6.0,just browsing; student project; need pricing,0
L0914,Healthcare Corp 42,healthcare,209.0,webinar,,8,5,0.64,1,8.0,ready to buy; budget approved; student project,1
L0010,Manufacturing Corp 94,manufacturing,187.0,paid,2.0,4,1,0.44,0,15.0,student project; curious about ai; newsletter,0
L1753,Education Corp 275,education,83.0,paid,1.0,7,2,0.3,0,28.0,curious about ai; budget approved; student project,0
L1163,Logistics Corp 382,logistics,34.0,cold_list,1.0,1,1,0.49,1,65.0,request demo; ready to buy; compare vendors,0
L0282,Manufacturing Corp 324,manufacturing,88.0,cold_list,3.0,8,2,0.04,0,34.0,general information; student project; send brochure,0
L0810,Logistics Corp 183,logistics,40.0,webinar,0.0,3,2,0.6,0,42.0,just browsing; request demo; newsletter,0
D0057,logistics corporation 28,logistics,139.0,referral,1.0,3,0,0.29,0,51.0,implement this quarter; send brochure; just browsing,0
L0291,Logistics Corp 376,logistics,13.0,webinar,2.0,2,3,0.61,0,17.0,just browsing; general information; ready to buy,0
L0754,Fintech Corp 341,fintech,86.0,organic,1.0,9,6,0.3,1,0.0,compare vendors; implement this quarter; budget approved,1
L0626,Education Corp 104,education,350.0,webinar,0.0,5,2,0.32,0,12.0,send brochure; just browsing; need pricing,0
L1000,Logistics Corp 219,logistics,26.0,cold_list,0.0,2,1,0.21,0,22.0,just browsing; newsletter; student project,0
L0916,Logistics Corp 391,logistics,41.0,referral,1.0,4,2,0.3,0,5.0,ready to buy; need pricing; general information,1
L0129,Retail Corp 106,retail,376.0,paid,1.0,3,3,0.77,0,39.0,send brochure; general information; request demo,0
L1846,Manufacturing Corp 44,manufacturing,38.0,paid,1.0,4,2,0.16,0,7.0,student project; general information; newsletter,0
L0843,Manufacturing Corp 386,manufacturing,210.0,organic,,5,0,0.48,0,9.0,student project; just browsing; newsletter,0
L0323,Retail Corp 339,retail,,organic,3.0,4,2,0.02,0,2.0,curious about ai; send brochure; just browsing,0
L1128,Fintech Corp 2,fintech,50.0,referral,3.0,3,2,0.4,0,13.0,compare vendors; implement this quarter; student project,0
L1919,Healthcare Corp 252,healthcare,19.0,paid,0.0,4,0,0.1,1,43.0,ready to buy; request demo; budget approved,0
L1436,Logistics Corp 370,logistics,11.0,cold_list,,7,3,0.51,0,21.0,implement this quarter; compare vendors; request demo,1
L1931,Fintech Corp 333,fintech,28.0,organic,1.0,2,2,0.66,0,24.0,just browsing; general information; student project,0
L1591,Logistics Corp 31,logistics,802.0,organic,0.0,6,3,0.53,0,1.0,general information; ready to buy; student project,1
L1617,Retail Corp 214,retail,160.0,webinar,2.0,4,1,0.09,1,15.0,implement this quarter; student project; send brochure,1
L0695,Retail Corp 197,retail,25.0,referral,0.0,2,2,0.57,0,0.0,newsletter; compare vendors; need pricing,0
L0215,Fintech Corp 191,fintech,33.0,paid,1.0,4,2,0.42,0,26.0,ready to buy; budget approved; request demo,0
L1134,Healthcare Corp 189,healthcare,351.0,paid,1.0,8,4,0.54,1,27.0,need pricing; budget approved; general information,1
L1125,Retail Corp 299,retail,54.0,webinar,1.0,5,3,0.11,1,8.0,request demo; budget approved; implement this quarter,1
L1304,Education Corp 25,education,64.0,paid,,4,1,0.44,0,26.0,just browsing; newsletter; compare vendors,0
L0158,Fintech Corp 61,fintech,129.0,referral,0.0,3,1,0.3,0,19.0,newsletter; ready to buy; general information,0
L1131,Retail Corp 180,retail,22.0,paid,0.0,3,2,0.17,0,19.0,send brochure; just browsing; general information,0
L1518,Logistics Corp 255,logistics,203.0,webinar,1.0,2,2,0.16,0,2.0,need pricing; ready to buy; implement this quarter,0
L1381,Logistics Corp 78,logistics,72.0,organic,2.0,3,0,0.51,0,4.0,student project; newsletter; just browsing,0
L0841,Education Corp 373,education,206.0,webinar,1.0,2,5,0.41,0,7.0,budget approved; request demo; newsletter,0
L0634,Logistics Corp 149,logistics,224.0,paid,2.0,5,1,0.37,0,1.0,student project; general information; just browsing,0
L0516,Manufacturing Corp 26,manufacturing,57.0,paid,1.0,4,3,0.22,0,11.0,curious about ai; student project; general information,0
L1992,Manufacturing Corp 335,manufacturing,8.0,referral,1.0,3,3,0.7,0,39.0,general information; just browsing; send brochure,0
L1573,Education Corp 179,education,13.0,paid,,5,1,0.19,0,14.0,student project; general information; compare vendors,0
L0597,Fintech Corp 231,fintech,57.0,cold_list,0.0,4,0,0.13,0,30.0,request demo; need pricing; implement this quarter,0
L0195,Logistics Corp 29,logistics,92.0,paid,0.0,6,1,0.29,0,8.0,just browsing; student project; send brochure,0
L1697,Education Corp 295,education,302.0,webinar,1.0,4,1,0.21,1,33.0,student project; budget approved; request demo,0
L1261,Manufacturing Corp 164,manufacturing,18.0,organic,1.0,5,5,0.63,0,15.0,budget approved; request demo; ready to buy,0
L0410,Fintech Corp 26,fintech,681.0,paid,2.0,3,1,0.42,0,28.0,send brochure; student project; just browsing,0
L0096,Manufacturing Corp 25,manufacturing,20.0,webinar,1.0,6,1,0.25,0,21.0,general information; ready to buy; need pricing,0
L0440,Education Corp 152,education,22.0,organic,3.0,5,1,0.21,0,14.0,ready to buy; newsletter; general information,0
L1552,Manufacturing Corp 43,manufacturing,178.0,referral,3.0,4,2,0.42,0,5.0,just browsing; implement this quarter; budget approved,1
L0156,Manufacturing Corp 277,manufacturing,190.0,paid,1.0,2,0,0.45,0,42.0,send brochure; request demo; general information,0
L0419,Healthcare Corp 12,healthcare,63.0,cold_list,3.0,1,1,0.11,0,11.0,send brochure; curious about ai; compare vendors,0
L1866,Healthcare Corp 185,healthcare,494.0,organic,3.0,2,6,0.28,0,12.0,need pricing; implement this quarter; request demo,1
L0477,Fintech Corp 46,fintech,26.0,paid,0.0,1,0,0.16,0,37.0,need pricing; just browsing; request demo,0
L1922,Retail Corp 67,retail,151.0,referral,0.0,5,3,0.52,0,7.0,student project; compare vendors; just browsing,0
L0668,Manufacturing Corp 102,manufacturing,,organic,2.0,4,1,0.47,0,14.0,general information; curious about ai; request demo,0
L1553,Manufacturing Corp 230,manufacturing,202.0,cold_list,1.0,3,1,0.25,0,6.0,compare vendors; send brochure; newsletter,0
L1939,Logistics Corp 329,logistics,225.0,cold_list,1.0,4,3,0.24,1,4.0,request demo; need pricing; ready to buy,1
L1343,Retail Corp 316,retail,56.0,cold_list,0.0,1,0,0.46,0,10.0,curious about ai; newsletter; student project,0
L0447,Fintech Corp 366,fintech,143.0,organic,,5,1,0.26,0,55.0,newsletter; compare vendors; student project,0
L0553,Healthcare Corp 267,healthcare,323.0,cold_list,0.0,3,1,0.11,0,10.0,newsletter; general information; student project,0
L0178,Healthcare Corp 269,healthcare,152.0,webinar,,4,0,0.28,0,10.0,send brochure; implement this quarter; request demo,0
L0390,Fintech Corp 175,fintech,28.0,webinar,1.0,2,3,0.26,0,39.0,send brochure; general information; need pricing,0
L0578,Education Corp 73,education,120.0,organic,1.0,10,5,0.58,0,9.0,budget approved; compare vendors; ready to buy,0
L1050,Fintech Corp 195,fintech,55.0,cold_list,0.0,3,2,0.29,0,21.0,ready to buy; send brochure; need pricing,0
L1765,Logistics Corp 77,logistics,106.0,organic,1.0,3,1,0.64,1,10.0,general information; ready to buy; send brochure,1
L1330,Education Corp 131,education,369.0,paid,1.0,4,1,0.52,0,18.0,just browsing; need pricing; compare vendors,0
L1924,Manufacturing Corp 356,manufacturing,146.0,cold_list,0.0,6,5,0.1,0,5.0,compare vendors; request demo; curious about ai,0
L1358,Fintech Corp 238,fintech,119.0,webinar,1.0,2,2,0.45,0,8.0,newsletter; general information; student project,0
L0820,Logistics Corp 210,logistics,3057.0,paid,1.0,3,2,0.16,0,59.0,request demo; ready to buy; general information,0
L1889,Retail Corp 118,retail,111.0,paid,,5,0,0.33,0,14.0,curious about ai; request demo; newsletter,0
L1037,Manufacturing Corp 100,manufacturing,,paid,2.0,2,1,0.56,0,26.0,compare vendors; send brochure; implement this quarter,0
L1085,Fintech Corp 56,fintech,512.0,cold_list,0.0,6,5,0.18,0,36.0,ready to buy; implement this quarter; compare vendors,0
L0664,Manufacturing Corp 184,manufacturing,858.0,cold_list,1.0,5,0,0.78,0,20.0,need pricing; send brochure; curious about ai,0
L0142,Healthcare Corp 304,healthcare,35.0,paid,,3,3,0.07,1,18.0,implement this quarter; budget approved; ready to buy,1
L1569,Retail Corp 117,retail,30.0,paid,2.0,4,2,0.22,0,2.0,just browsing; general information; implement this quarter,0
L1824,Fintech Corp 44,fintech,9.0,webinar,0.0,4,1,0.26,0,3.0,compare vendors; send brochure; general information,0
L0864,Logistics Corp 301,logistics,298.0,cold_list,,6,2,0.72,0,26.0,compare vendors; newsletter; just browsing,1
L0421,Logistics Corp 42,logistics,192.0,cold_list,1.0,0,2,0.37,0,13.0,need pricing; implement this quarter; budget approved,0
L0636,Fintech Corp 109,fintech,1646.0,organic,1.0,2,1,0.19,1,1.0,curious about ai; budget approved; general information,1
L1456,Manufacturing Corp 84,manufacturing,7.0,organic,2.0,2,0,0.49,1,49.0,curious about ai; newsletter; send brochure,1
L0799,Fintech Corp 268,fintech,405.0,webinar,0.0,3,1,0.34,0,20.0,curious about ai; just browsing; student project,0
L1797,Manufacturing Corp 12,manufacturing,79.0,cold_list,1.0,2,2,0.52,0,0.0,implement this quarter; newsletter; just browsing,0
L0615,Fintech Corp 145,fintech,1910.0,organic,,4,1,0.14,0,15.0,send brochure; newsletter; student project,0
L0294,Education Corp 194,education,453.0,webinar,,5,1,0.16,0,13.0,general information; compare vendors; curious about ai,0
L0978,Retail Corp 209,retail,393.0,organic,0.0,1,0,0.07,1,54.0,general information; curious about ai; send brochure,0
L0984,Logistics Corp 181,logistics,37.0,organic,0.0,7,1,0.15,0,4.0,compare vendors; request demo; newsletter,0
L1971,Healthcare Corp 301,healthcare,278.0,cold_list,0.0,3,1,0.45,0,8.0,send brochure; student project; curious about ai,0
L0088,Logistics Corp 366,logistics,37.0,cold_list,0.0,5,1,0.14,0,13.0,newsletter; send brochure; just browsing,0
L0041,Education Corp 202,education,148.0,referral,,8,0,0.14,0,6.0,curious about ai; student project; just browsing,0
L1865,Education Corp 377,education,346.0,webinar,,4,1,0.06,0,22.0,student project; newsletter; budget approved,0
D0004,retail corporation 215,retail,187.0,paid,0.0,7,0,0.18,0,1.0,request demo; student project; send brochure,0
L0131,Healthcare Corp 29,healthcare,88.0,paid,0.0,1,0,0.11,0,12.0,request demo; general information; newsletter,0
L1666,Education Corp 214,education,44.0,webinar,0.0,5,5,0.03,0,9.0,ready to buy; compare vendors; budget approved,0
L0409,Healthcare Corp 98,healthcare,2674.0,referral,1.0,3,5,0.76,0,36.0,compare vendors; implement this quarter; budget approved,0
L1107,Manufacturing Corp 316,manufacturing,2473.0,organic,,7,0,0.32,0,23.0,just browsing; curious about ai; send brochure,1
L1921,Manufacturing Corp 69,manufacturing,23.0,organic,1.0,3,1,0.26,0,31.0,implement this quarter; send brochure; newsletter,0
L1662,Education Corp 101,education,40.0,organic,2.0,6,1,0.36,0,8.0,curious about ai; just browsing; student project,0
L1551,Retail Corp 156,retail,79.0,organic,,1,4,0.13,0,33.0,send brochure; student project; general information,0
L0164,Retail Corp 277,retail,272.0,referral,1.0,4,5,0.2,0,12.0,send brochure; compare vendors; budget approved,0
L0724,Logistics Corp 136,logistics,180.0,organic,3.0,7,1,0.34,0,22.0,curious about ai; need pricing; newsletter,0
L0290,Education Corp 64,education,44.0,paid,2.0,3,2,0.3,1,3.0,send brochure; compare vendors; budget approved,1
L1182,Logistics Corp 132,logistics,398.0,cold_list,,6,1,0.26,1,2.0,just browsing; need pricing; request demo,0
L1588,Manufacturing Corp 2,manufacturing,168.0,paid,3.0,4,4,0.35,0,112.0,send brochure; newsletter; just browsing,0
L1965,Logistics Corp 383,logistics,151.0,webinar,0.0,3,0,0.11,0,2.0,student project; send brochure; general information,0
L1057,Logistics Corp 116,logistics,,webinar,1.0,3,0,0.25,0,72.0,general information; curious about ai; just browsing,0
L1406,Healthcare Corp 118,healthcare,5.0,organic,1.0,7,4,0.16,1,0.0,implement this quarter; request demo; budget approved,0
L0778,Education Corp 242,education,55.0,organic,2.0,3,1,0.17,0,43.0,need pricing; ready to buy; newsletter,0
L0839,Retail Corp 62,retail,416.0,organic,,7,4,0.5,0,2.0,need pricing; general information; implement this quarter,1
L0348,Retail Corp 396,retail,57.0,paid,0.0,2,2,0.09,1,6.0,request demo; student project; ready to buy,0
D0015,manufacturing corporation 80,manufacturing,187.0,webinar,1.0,4,3,0.62,0,9.0,student project; curious about ai; send brochure,0
L0571,Education Corp 191,education,91.0,webinar,2.0,3,2,0.1,0,21.0,curious about ai; implement this quarter; newsletter,0
L0917,Logistics Corp 55,logistics,,organic,1.0,1,1,0.7,0,24.0,general information; curious about ai; newsletter,0
L1029,Manufacturing Corp 322,manufacturing,18.0,organic,0.0,4,2,0.13,1,3.0,need pricing; ready to buy; compare vendors,0
L1984,Fintech Corp 264,fintech,682.0,referral,,1,1,0.41,0,28.0,curious about ai; newsletter; general information,0
L1808,Manufacturing Corp 68,manufacturing,214.0,organic,0.0,5,3,0.35,0,40.0,ready to buy; budget approved; send brochure,0
L1644,Logistics Corp 258,logistics,611.0,cold_list,0.0,5,1,0.39,0,29.0,curious about ai; newsletter; student project,0
L1361,Manufacturing Corp 10,manufacturing,81.0,webinar,,4,1,0.3,0,32.0,send brochure; request demo; ready to buy,0
L1910,Logistics Corp 6,logistics,24.0,webinar,3.0,4,2,0.41,1,1.0,send brochure; curious about ai; general information,1
L0136,Healthcare Corp 324,healthcare,,paid,2.0,3,6,0.3,0,0.0,ready to buy; compare vendors; budget approved,1
L0458,Education Corp 382,education,15.0,webinar,0.0,4,5,0.64,0,3.0,implement this quarter; need pricing; compare vendors,0
L0375,Logistics Corp 268,logistics,31.0,organic,0.0,3,0,0.35,0,1.0,send brochure; budget approved; newsletter,0
L1386,Fintech Corp 76,fintech,269.0,referral,1.0,10,6,0.26,0,48.0,need pricing; compare vendors; ready to buy,0
L0333,Education Corp 93,education,,webinar,1.0,1,0,0.2,0,12.0,student project; newsletter; curious about ai,0
L1350,Education Corp 11,education,195.0,referral,2.0,1,1,0.18,0,4.0,ready to buy; budget approved; send brochure,0
L1596,Logistics Corp 78,logistics,21.0,webinar,0.0,4,0,0.29,0,95.0,just browsing; general information; student project,0
L1993,Logistics Corp 76,logistics,93.0,paid,,3,2,0.52,0,12.0,curious about ai; just browsing; send brochure,0
L1843,Healthcare Corp 99,healthcare,,organic,0.0,4,4,0.07,1,10.0,send brochure; newsletter; compare vendors,0
D0012,manufacturing corporation 275,manufacturing,271.0,paid,0.0,4,2,0.42,1,34.0,general information; send brochure; request demo,0
L0816,Healthcare Corp 360,healthcare,211.0,referral,1.0,4,2,0.23,0,13.0,implement this quarter; just browsing; student project,0
L1709,Manufacturing Corp 151,manufacturing,80.0,webinar,0.0,2,0,0.64,0,42.0,student project; newsletter; general information,0
L0605,Education Corp 138,education,159.0,organic,1.0,4,1,0.19,1,16.0,ready to buy; compare vendors; curious about ai,0
L1923,Manufacturing Corp 385,manufacturing,18.0,organic,1.0,6,4,0.2,0,11.0,budget approved; compare vendors; request demo,0
L0549,Retail Corp 327,retail,484.0,organic,0.0,4,1,0.36,0,11.0,curious about ai; need pricing; just browsing,0
L1055,Fintech Corp 24,fintech,2138.0,paid,0.0,11,4,0.21,0,2.0,general information; implement this quarter; just browsing,1
L0910,Education Corp 190,education,19.0,paid,3.0,9,2,0.6,0,27.0,compare vendors; just browsing; need pricing,0
L1289,Retail Corp 215,retail,187.0,paid,0.0,7,0,0.18,0,1.0,request demo; student project; send brochure,0
D0000,retail corporation 387,retail,38.0,webinar,1.0,3,1,0.25,1,14.0,general information; compare vendors; student project,1
L1165,Education Corp 173,education,153.0,organic,2.0,8,2,0.52,1,1.0,budget approved; ready to buy; compare vendors,1
L0328,Fintech Corp 23,fintech,143.0,webinar,2.0,2,2,0.31,0,34.0,student project; newsletter; send brochure,0
L1642,Retail Corp 58,retail,47.0,referral,1.0,8,2,0.12,0,1.0,general information; just browsing; student project,0
L0318,Manufacturing Corp 311,manufacturing,324.0,organic,0.0,10,2,0.61,0,6.0,budget approved; just browsing; ready to buy,0
L1582,Manufacturing Corp 272,manufacturing,64.0,webinar,,3,3,0.11,0,36.0,implement this quarter; curious about ai; newsletter,0
L1403,Manufacturing Corp 323,manufacturing,26.0,paid,1.0,3,4,0.16,1,3.0,budget approved; need pricing; implement this quarter,1
L1793,Fintech Corp 131,fintech,39.0,webinar,0.0,5,2,0.23,0,27.0,compare vendors; ready to buy; budget approved,0
L0167,Education Corp 261,education,35.0,paid,,2,2,0.37,0,9.0,student project; request demo; general information,0
L0012,Fintech Corp 91,fintech,89.0,paid,1.0,5,2,0.11,0,14.0,implement this quarter; budget approved; need pricing,0
L1997,Manufacturing Corp 110,manufacturing,91.0,organic,2.0,6,4,0.35,0,19.0,budget approved; need pricing; request demo,1
L0171,Retail Corp 393,retail,1752.0,webinar,1.0,4,2,0.16,0,1.0,send brochure; implement this quarter; compare vendors,0
L0649,Logistics Corp 250,logistics,461.0,organic,2.0,2,0,0.09,0,10.0,student project; curious about ai; general information,0
L1650,Manufacturing Corp 179,manufacturing,284.0,referral,1.0,7,0,0.49,0,7.0,curious about ai; send brochure; just browsing,0
L0260,Logistics Corp 341,logistics,101.0,paid,,6,1,0.23,0,56.0,send brochure; student project; newsletter,0
L1837,Retail Corp 102,retail,61.0,webinar,0.0,6,3,0.28,0,100.0,curious about ai; send brochure; need pricing,0
L1788,Education Corp 69,education,,organic,2.0,4,1,0.29,0,21.0,send brochure; general information; just browsing,0
L1459,Manufacturing Corp 357,manufacturing,24.0,paid,1.0,3,1,0.16,0,8.0,need pricing; compare vendors; newsletter,0
L0901,Manufacturing Corp 282,manufacturing,92.0,webinar,1.0,5,1,0.52,0,2.0,ready to buy; request demo; budget approved,0
L0258,Logistics Corp 42,logistics,1004.0,organic,2.0,6,1,0.12,0,3.0,send brochure; curious about ai; general information,0
L0844,Logistics Corp 245,logistics,43.0,webinar,0.0,3,2,0.13,1,9.0,request demo; ready to buy; need pricing,1
L0138,Education Corp 334,education,288.0,webinar,0.0,2,1,0.13,0,4.0,ready to buy; just browsing; compare vendors,0
L0319,Healthcare Corp 336,healthcare,117.0,webinar,1.0,5,2,0.38,0,11.0,compare vendors; newsletter; curious about ai,0
L1974,Logistics Corp 327,logistics,37.0,cold_list,1.0,5,4,0.54,1,14.0,compare vendors; need pricing; request demo,1
L1481,Logistics Corp 381,logistics,,organic,0.0,2,1,0.15,0,14.0,send brochure; newsletter; general information,0
L1347,Manufacturing Corp 82,manufacturing,337.0,webinar,1.0,2,2,0.42,0,17.0,request demo; need pricing; just browsing,1
L0558,Retail Corp 14,retail,283.0,webinar,0.0,4,1,0.06,0,38.0,implement this quarter; general information; just browsing,0
L0139,Logistics Corp 140,logistics,113.0,referral,1.0,5,3,0.55,1,4.0,compare vendors; need pricing; ready to buy,1
L1975,Logistics Corp 253,logistics,25.0,paid,0.0,6,3,0.55,1,7.0,need pricing; implement this quarter; compare vendors,1
L0531,Fintech Corp 60,fintech,114.0,paid,2.0,5,2,0.13,0,9.0,compare vendors; newsletter; ready to buy,0
L0224,Manufacturing Corp 101,manufacturing,61.0,cold_list,0.0,9,4,0.6,0,21.0,budget approved; implement this quarter; request demo,0
L0723,Healthcare Corp 332,healthcare,10.0,referral,1.0,4,1,0.1,0,3.0,send brochure; student project; just browsing,0
L1776,Fintech Corp 51,fintech,248.0,webinar,0.0,6,3,0.35,0,22.0,compare vendors; ready to buy; budget approved,1
L0325,Fintech Corp 67,fintech,496.0,organic,0.0,3,1,0.07,0,10.0,newsletter; compare vendors; general information,0
L1305,Healthcare Corp 380,healthcare,114.0,cold_list,1.0,3,0,0.16,0,27.0,newsletter; send brochure; curious about ai,0
L0714,Education Corp 156,education,42.0,organic,1.0,2,1,0.62,0,25.0,newsletter; curious about ai; just browsing,0
L0846,Manufacturing Corp 375,manufacturing,,organic,0.0,3,3,0.2,0,42.0,need pricing; general information; newsletter,0
L0193,Education Corp 366,education,62.0,organic,0.0,10,5,0.49,1,5.0,compare vendors; budget approved; request demo,1
L0573,Education Corp 176,education,406.0,paid,0.0,11,2,0.12,0,85.0,general information; just browsing; student project,0
L0946,Fintech Corp 110,fintech,16.0,webinar,2.0,2,4,0.07,1,10.0,request demo; ready to buy; need pricing,1
L0503,Retail Corp 286,retail,9.0,referral,2.0,2,4,0.25,1,12.0,request demo; budget approved; need pricing,1
L1511,Logistics Corp 255,logistics,585.0,cold_list,3.0,3,2,0.44,0,55.0,general information; just browsing; request demo,0
L1475,Retail Corp 281,retail,12.0,webinar,0.0,7,3,0.31,0,48.0,general information; just browsing; need pricing,0
L1849,Fintech Corp 140,fintech,357.0,organic,3.0,7,0,0.86,0,116.0,send brochure; curious about ai; general information,0
L0003,Fintech Corp 260,fintech,69.0,organic,2.0,6,3,0.05,1,47.0,need pricing; compare vendors; budget approved,1
L1189,Fintech Corp 257,fintech,59.0,organic,1.0,9,3,0.56,0,8.0,need pricing; send brochure; newsletter,0
L0467,Healthcare Corp 31,healthcare,746.0,organic,2.0,5,2,0.24,0,1.0,request demo; student project; just browsing,0
L0005,Healthcare Corp 303,healthcare,123.0,paid,0.0,5,1,0.16,0,31.0,send brochure; general information; just browsing,0
L1420,Fintech Corp 220,fintech,45.0,referral,1.0,4,4,0.5,0,5.0,compare vendors; general information; newsletter,0
L0547,Logistics Corp 99,logistics,369.0,organic,0.0,1,3,0.48,0,1.0,curious about ai; ready to buy; just browsing,1
L0228,Fintech Corp 310,fintech,27.0,cold_list,1.0,6,1,0.06,0,17.0,newsletter; general information; need pricing,0
L0542,Education Corp 361,education,6.0,organic,1.0,4,0,0.62,0,33.0,request demo; need pricing; student project,0
L0242,Manufacturing Corp 60,manufacturing,101.0,referral,3.0,6,1,0.42,0,12.0,curious about ai; just browsing; general information,1
L0898,Logistics Corp 12,logistics,137.0,paid,2.0,3,0,0.02,0,50.0,newsletter; student project; need pricing,0
L1173,Fintech Corp 169,fintech,39.0,referral,1.0,7,1,0.21,0,32.0,just browsing; curious about ai; student project,0
L1231,Retail Corp 9,retail,28.0,cold_list,2.0,3,0,0.22,0,9.0,just browsing; send brochure; newsletter,0
L1124,Retail Corp 152,retail,389.0,referral,1.0,5,2,0.15,0,4.0,implement this quarter; just browsing; ready to buy,0
L0842,Retail Corp 151,retail,71.0,webinar,0.0,2,2,0.3,0,30.0,ready to buy; newsletter; compare vendors,0
L1468,Fintech Corp 3,fintech,28.0,webinar,1.0,5,0,0.61,0,16.0,general information; curious about ai; just browsing,0
L1912,Healthcare Corp 28,healthcare,866.0,webinar,0.0,6,1,0.11,0,3.0,curious about ai; send brochure; newsletter,0
D0040,logistics corporation 136,logistics,30.0,webinar,1.0,2,1,0.15,0,10.0,send brochure; need pricing; newsletter,0
L0661,Healthcare Corp 310,healthcare,99.0,paid,0.0,6,4,0.35,1,23.0,compare vendors; implement this quarter; budget approved,0
L1251,Logistics Corp 53,logistics,186.0,organic,1.0,3,1,0.29,0,50.0,request demo; send brochure; student project,0
L0314,Manufacturing Corp 169,manufacturing,,cold_list,0.0,4,1,0.18,0,8.0,curious about ai; newsletter; just browsing,0
L0691,Healthcare Corp 363,healthcare,839.0,webinar,1.0,6,2,0.17,0,14.0,curious about ai; general information; send brochure,0
L1556,Healthcare Corp 138,healthcare,16.0,organic,3.0,2,3,0.42,0,7.0,need pricing; request demo; send brochure,0
L0424,Fintech Corp 134,fintech,89.0,referral,1.0,4,0,0.39,0,12.0,just browsing; student project; curious about ai,0
L0594,Logistics Corp 117,logistics,,referral,0.0,3,0,0.29,0,6.0,curious about ai; just browsing; student project,0
D0034,manufacturing corporation 325,manufacturing,187.0,cold_list,0.0,4,3,0.27,0,6.0,just browsing; compare vendors; curious about ai,0
L0622,Healthcare Corp 73,healthcare,28.0,webinar,0.0,0,0,0.2,0,26.0,general information; curious about ai; send brochure,0
L1210,Fintech Corp 321,fintech,155.0,webinar,0.0,3,0,0.66,0,59.0,student project; newsletter; general information,0
L1080,Manufacturing Corp 325,manufacturing,187.0,cold_list,0.0,4,3,0.27,0,6.0,just browsing; compare vendors; curious about ai,0
L0227,Retail Corp 69,retail,9.0,organic,0.0,3,0,0.25,0,2.0,general information; send brochure; curious about ai,0
L1157,Logistics Corp 195,logistics,,referral,1.0,6,4,0.16,0,22.0,just browsing; request demo; ready to buy,0
L1375,Logistics Corp 105,logistics,102.0,cold_list,2.0,2,3,0.5,0,33.0,implement this quarter; budget approved; request demo,0
L1137,Retail Corp 92,retail,,referral,0.0,1,2,0.21,0,29.0,curious about ai; student project; implement this quarter,0
L0066,Retail Corp 249,retail,36.0,webinar,2.0,5,2,0.37,1,4.0,ready to buy; curious about ai; request demo,1
L0024,Education Corp 2,education,188.0,webinar,0.0,4,2,0.67,0,1.0,compare vendors; student project; need pricing,1
L0144,Retail Corp 89,retail,740.0,paid,1.0,1,0,0.15,0,7.0,just browsing; send brochure; student project,0
L0536,Retail Corp 300,retail,40.0,paid,0.0,8,6,0.54,0,6.0,compare vendors; need pricing; budget approved,1
L0811,Logistics Corp 321,logistics,9.0,organic,0.0,6,0,0.11,0,9.0,implement this quarter; curious about ai; general information,0
L1159,Education Corp 50,education,145.0,referral,0.0,5,3,0.31,0,6.0,implement this quarter; ready to buy; newsletter,0
L0085,Logistics Corp 106,logistics,330.0,organic,0.0,0,2,0.47,1,55.0,implement this quarter; need pricing; request demo,0
L1376,Fintech Corp 198,fintech,95.0,paid,0.0,5,3,0.43,0,12.0,ready to buy; just browsing; general information,0
L1223,Fintech Corp 138,fintech,225.0,paid,0.0,10,4,0.61,0,4.0,compare vendors; request demo; need pricing,0
L1220,Logistics Corp 85,logistics,10.0,organic,1.0,9,6,0.46,1,0.0,request demo; ready to buy; compare vendors,1
L1868,Retail Corp 96,retail,76.0,paid,0.0,3,0,0.31,0,24.0,general information; student project; send brochure,0
L1882,Manufacturing Corp 144,manufacturing,83.0,webinar,1.0,4,2,0.08,0,6.0,request demo; send brochure; general information,0
L1418,Healthcare Corp 343,healthcare,47.0,webinar,0.0,6,2,0.36,1,16.0,send brochure; ready to buy; budget approved,0
L1616,Logistics Corp 51,logistics,276.0,paid,1.0,4,2,0.4,0,15.0,request demo; budget approved; just browsing,1
L0362,Logistics Corp 229,logistics,168.0,referral,2.0,3,1,0.27,1,9.0,compare vendors; newsletter; ready to buy,1
L1665,Education Corp 144,education,152.0,referral,0.0,3,3,0.23,0,13.0,request demo; send brochure; compare vendors,0
L1192,Education Corp 385,education,86.0,webinar,0.0,1,2,0.06,0,26.0,newsletter; budget approved; compare vendors,0
L1026,Healthcare Corp 12,healthcare,742.0,webinar,1.0,8,6,0.31,0,11.0,implement this quarter; budget approved; request demo,0
L1030,Retail Corp 94,retail,56.0,paid,3.0,3,5,0.44,1,3.0,need pricing; budget approved; ready to buy,1
L1258,Retail Corp 124,retail,26.0,webinar,,4,0,0.19,1,9.0,student project; ready to buy; budget approved,0
L1428,Education Corp 177,education,42.0,organic,0.0,2,1,0.33,1,11.0,request demo; budget approved; student project,0
L1110,Logistics Corp 392,logistics,100.0,webinar,0.0,4,2,0.37,0,29.0,implement this quarter; general information; need pricing,0
L0665,Fintech Corp 29,fintech,41.0,organic,1.0,4,2,0.42,0,4.0,just browsing; newsletter; general information,0
L0364,Fintech Corp 324,fintech,70.0,webinar,3.0,3,1,0.66,0,2.0,send brochure; implement this quarter; student project,0
L0077,Fintech Corp 70,fintech,234.0,organic,0.0,3,0,0.32,0,21.0,send brochure; student project; budget approved,0
L0027,Logistics Corp 186,logistics,104.0,paid,1.0,5,8,0.31,1,21.0,request demo; newsletter; ready to buy,1
L1486,Healthcare Corp 392,healthcare,106.0,paid,3.0,5,0,0.38,0,24.0,compare vendors; general information; just browsing,0
L0525,Manufacturing Corp 365,manufacturing,1055.0,paid,1.0,4,1,0.13,0,8.0,general information; send brochure; just browsing,0
D0018,manufacturing corporation 305,manufacturing,2306.0,webinar,1.0,3,4,0.71,0,7.0,need pricing; ready to buy; general information,1
L0055,Education Corp 216,education,19.0,cold_list,1.0,4,1,0.54,0,23.0,just browsing; request demo; newsletter,0
L0638,Education Corp 383,education,251.0,organic,2.0,4,2,0.15,1,45.0,student project; general information; ready to buy,0
L0302,Retail Corp 203,retail,137.0,referral,3.0,2,3,0.35,0,43.0,curious about ai; request demo; budget approved,0
L0718,Fintech Corp 310,fintech,187.0,organic,1.0,4,1,0.21,1,4.0,curious about ai; student project; ready to buy,1
L0624,Healthcare Corp 136,healthcare,592.0,webinar,1.0,3,4,0.5,0,34.0,general information; compare vendors; request demo,0
L0007,Education Corp 173,education,70.0,webinar,0.0,2,1,0.22,0,29.0,budget approved; general information; send brochure,0
L0803,Retail Corp 280,retail,264.0,paid,2.0,4,2,0.04,0,1.0,curious about ai; general information; compare vendors,0
L1049,Manufacturing Corp 103,manufacturing,70.0,paid,0.0,2,1,0.42,0,6.0,send brochure; curious about ai; just browsing,0
L0336,Logistics Corp 171,logistics,439.0,cold_list,2.0,3,3,0.34,0,3.0,just browsing; ready to buy; newsletter,0
L0047,Manufacturing Corp 304,manufacturing,175.0,organic,0.0,4,1,0.07,0,0.0,newsletter; just browsing; student project,0
L1532,Retail Corp 12,retail,140.0,organic,2.0,6,1,0.14,0,4.0,send brochure; student project; need pricing,1
L0106,Retail Corp 273,retail,934.0,referral,0.0,4,3,0.42,0,7.0,need pricing; just browsing; general information,0
L0349,Logistics Corp 288,logistics,161.0,webinar,1.0,5,2,0.09,0,13.0,student project; budget approved; newsletter,0
L1079,Manufacturing Corp 376,manufacturing,,cold_list,,4,1,0.45,0,4.0,student project; newsletter; curious about ai,0
L0238,Logistics Corp 224,logistics,104.0,webinar,3.0,5,1,0.55,1,25.0,send brochure; student project; need pricing,1
L0213,Education Corp 100,education,38.0,webinar,0.0,1,3,0.53,1,59.0,compare vendors; budget approved; request demo,0
L1512,Fintech Corp 164,fintech,8.0,organic,0.0,2,2,0.27,1,9.0,budget approved; student project; request demo,1
L1178,Logistics Corp 274,logistics,44.0,referral,0.0,6,2,0.28,0,22.0,general information; compare vendors; request demo,1
L0793,Logistics Corp 34,logistics,80.0,webinar,2.0,3,2,0.3,0,15.0,request demo; newsletter; student project,1
L1096,Logistics Corp 359,logistics,30.0,paid,2.0,2,0,0.31,0,90.0,general information; request demo; curious about ai,0
L1432,Logistics Corp 272,logistics,52.0,referral,3.0,2,0,0.38,0,10.0,just browsing; send brochure; ready to buy,0
L1928,Logistics Corp 71,logistics,496.0,organic,3.0,0,0,0.17,0,0.0,ready to buy; general information; compare vendors,1
L1635,Manufacturing Corp 56,manufacturing,,organic,0.0,4,3,0.33,0,31.0,newsletter; budget approved; ready to buy,0
L1729,Manufacturing Corp 213,manufacturing,25.0,paid,0.0,4,6,0.27,0,12.0,need pricing; ready to buy; request demo,0
L0523,Fintech Corp 200,fintech,268.0,webinar,1.0,4,0,0.12,0,4.0,curious about ai; just browsing; newsletter,0
L0232,Healthcare Corp 259,healthcare,54.0,organic,0.0,5,3,0.28,0,11.0,implement this quarter; student project; just browsing,0
L0644,Fintech Corp 299,fintech,384.0,cold_list,2.0,4,2,0.41,1,8.0,request demo; just browsing; budget approved,0
L1560,Healthcare Corp 26,healthcare,67.0,paid,2.0,6,3,0.5,0,4.0,request demo; budget approved; newsletter,0
L0533,Fintech Corp 60,fintech,596.0,paid,2.0,8,1,0.35,0,0.0,general information; curious about ai; send brochure,0
L1561,Fintech Corp 342,fintech,178.0,referral,2.0,6,3,0.13,0,62.0,request demo; need pricing; compare vendors,0
L0603,Fintech Corp 208,fintech,643.0,webinar,1.0,5,3,0.45,0,26.0,compare vendors; budget approved; send brochure,0
L1405,Manufacturing Corp 359,manufacturing,93.0,cold_list,3.0,4,1,0.47,1,72.0,ready to buy; student project; implement this quarter,0
L1074,Education Corp 385,education,,organic,2.0,2,4,0.31,0,11.0,budget approved; send brochure; student project,1
L1469,Logistics Corp 65,logistics,3861.0,webinar,1.0,5,0,0.19,0,48.0,newsletter; curious about ai; general information,0
L0060,Fintech Corp 193,fintech,122.0,organic,,4,2,0.29,0,5.0,curious about ai; newsletter; general information,0
L1659,Logistics Corp 148,logistics,9.0,referral,,5,1,0.36,1,20.0,ready to buy; student project; budget approved,1
L0092,Retail Corp 138,retail,190.0,organic,0.0,3,2,0.62,1,19.0,budget approved; ready to buy; need pricing,0
L0666,Education Corp 195,education,41.0,webinar,2.0,3,2,0.25,0,26.0,just browsing; send brochure; student project,0
L0280,Logistics Corp 45,logistics,26.0,cold_list,0.0,3,0,0.47,1,5.0,send brochure; ready to buy; curious about ai,1
L1784,Manufacturing Corp 329,manufacturing,54.0,paid,1.0,6,1,0.46,0,120.0,implement this quarter; send brochure; budget approved,0
L0359,Retail Corp 78,retail,190.0,cold_list,,3,1,0.27,1,28.0,request demo; need pricing; compare vendors,0
L1221,Logistics Corp 133,logistics,306.0,cold_list,2.0,6,3,0.24,0,6.0,compare vendors; ready to buy; budget approved,0
L1544,Retail Corp 331,retail,216.0,referral,2.0,4,0,0.34,0,44.0,send brochure; curious about ai; newsletter,0
L0847,Fintech Corp 205,fintech,310.0,webinar,3.0,6,6,0.08,0,36.0,compare vendors; implement this quarter; ready to buy,1
L1424,Manufacturing Corp 96,manufacturing,69.0,webinar,1.0,7,0,0.07,0,17.0,just browsing; student project; general information,0
L0110,Retail Corp 221,retail,79.0,webinar,3.0,3,3,0.03,1,25.0,student project; just browsing; ready to buy,0
L0042,Fintech Corp 104,fintech,88.0,paid,0.0,4,3,0.12,0,37.0,budget approved; need pricing; general information,0
L0125,Retail Corp 397,retail,169.0,paid,,1,1,0.22,0,6.0,send brochure; general information; ready to buy,0
L0204,Logistics Corp 140,logistics,38.0,organic,,1,3,0.32,1,1.0,general information; ready to buy; request demo,0
L0052,Education Corp 174,education,23.0,paid,0.0,1,0,0.12,0,19.0,send brochure; budget approved; newsletter,0
L0545,Retail Corp 358,retail,204.0,webinar,3.0,6,6,0.55,0,10.0,budget approved; need pricing; ready to buy,0
L0068,Logistics Corp 125,logistics,91.0,cold_list,0.0,9,2,0.16,0,8.0,compare vendors; general information; curious about ai,0
L1176,Retail Corp 72,retail,42.0,organic,0.0,5,1,0.46,1,8.0,implement this quarter; general information; compare vendors,0
L1600,Healthcare Corp 91,healthcare,72.0,webinar,2.0,4,2,0.29,0,80.0,just browsing; curious about ai; ready to buy,0
L0183,Manufacturing Corp 221,manufacturing,151.0,paid,2.0,4,1,0.12,0,26.0,request demo; curious about ai; newsletter,0
L0137,Retail Corp 113,retail,118.0,referral,2.0,4,2,0.44,0,44.0,implement this quarter; send brochure; just browsing,0
L0899,Retail Corp 68,retail,34.0,paid,2.0,4,4,0.33,0,9.0,need pricing; curious about ai; student project,0
L0796,Logistics Corp 362,logistics,,webinar,0.0,6,1,0.49,0,17.0,request demo; need pricing; student project,0
L0132,Retail Corp 345,retail,54.0,webinar,1.0,4,2,0.64,1,2.0,ready to buy; budget approved; compare vendors,1
L0080,Fintech Corp 213,fintech,,cold_list,0.0,1,0,0.47,0,32.0,implement this quarter; student project; just browsing,0
L1641,Logistics Corp 154,logistics,,organic,0.0,5,5,0.58,1,42.0,request demo; ready to buy; need pricing,1
L1593,Manufacturing Corp 322,manufacturing,,paid,,0,0,0.39,0,30.0,newsletter; general information; curious about ai,0
L0541,Retail Corp 328,retail,85.0,webinar,0.0,7,4,0.4,0,10.0,request demo; newsletter; budget approved,0
L1701,Healthcare Corp 14,healthcare,74.0,referral,2.0,5,1,0.42,0,3.0,newsletter; send brochure; student project,0
L0983,Retail Corp 176,retail,59.0,referral,0.0,4,1,0.78,0,5.0,budget approved; student project; implement this quarter,0
L0165,Manufacturing Corp 206,manufacturing,205.0,organic,0.0,3,0,0.54,0,10.0,newsletter; request demo; curious about ai,0
L0248,Manufacturing Corp 235,manufacturing,218.0,organic,1.0,3,1,0.51,0,20.0,student project; send brochure; newsletter,0
L0446,Healthcare Corp 325,healthcare,356.0,organic,0.0,8,2,0.16,0,24.0,compare vendors; curious about ai; request demo,0
L1345,Fintech Corp 241,fintech,203.0,organic,2.0,9,4,0.37,0,21.0,compare vendors; request demo; budget approved,0
L0858,Manufacturing Corp 64,manufacturing,50.0,webinar,2.0,2,1,0.37,0,120.0,newsletter; request demo; just browsing,0
D0006,healthcare corporation 365,healthcare,42.0,webinar,0.0,6,4,0.29,0,0.0,request demo; newsletter; compare vendors,0
L0097,Logistics Corp 154,logistics,449.0,referral,2.0,5,0,0.27,0,2.0,compare vendors; budget approved; newsletter,0
D0044,retail corporation 27,retail,13.0,paid,1.0,2,3,0.21,0,10.0,need pricing; budget approved; send brochure,0
L0737,Manufacturing Corp 216,manufacturing,92.0,webinar,1.0,5,4,0.32,0,12.0,ready to buy; need pricing; just browsing,1
L1298,Fintech Corp 113,fintech,349.0,paid,1.0,1,1,0.51,0,1.0,send brochure; newsletter; just browsing,0
L0102,Manufacturing Corp 224,manufacturing,9.0,organic,2.0,4,3,0.11,0,7.0,implement this quarter; budget approved; student project,0
L0434,Logistics Corp 341,logistics,94.0,webinar,,6,0,0.31,0,19.0,budget approved; compare vendors; newsletter,0
L0074,Logistics Corp 345,logistics,53.0,organic,0.0,7,4,0.29,0,11.0,send brochure; ready to buy; implement this quarter,0
L1854,Education Corp 42,education,168.0,paid,1.0,6,3,0.37,1,6.0,compare vendors; request demo; just browsing,1
L1242,Manufacturing Corp 273,manufacturing,76.0,organic,0.0,2,2,0.1,0,36.0,general information; just browsing; student project,0
L0918,Manufacturing Corp 377,manufacturing,8.0,webinar,0.0,6,2,0.56,0,20.0,ready to buy; newsletter; compare vendors,0
L1770,Retail Corp 339,retail,604.0,organic,1.0,0,2,0.38,0,20.0,just browsing; curious about ai; compare vendors,0
L1728,Logistics Corp 340,logistics,56.0,organic,2.0,4,0,0.32,0,2.0,just browsing; send brochure; curious about ai,0
L1674,Education Corp 147,education,226.0,cold_list,1.0,5,2,0.14,0,4.0,student project; newsletter; ready to buy,0
L0762,Logistics Corp 294,logistics,123.0,paid,0.0,8,5,0.19,0,4.0,budget approved; newsletter; implement this quarter,0
L0989,Education Corp 178,education,84.0,cold_list,2.0,3,3,0.1,0,2.0,ready to buy; budget approved; curious about ai,0
L0388,Logistics Corp 112,logistics,78.0,webinar,0.0,1,0,0.41,0,3.0,budget approved; need pricing; just browsing,0
L0235,Education Corp 379,education,256.0,cold_list,2.0,5,1,0.61,1,15.0,just browsing; implement this quarter; ready to buy,0
L1559,Education Corp 97,education,158.0,organic,0.0,5,1,0.22,0,70.0,implement this quarter; budget approved; send brochure,0
L0267,Logistics Corp 191,logistics,111.0,cold_list,1.0,4,4,0.38,0,34.0,ready to buy; curious about ai; need pricing,0
L1489,Retail Corp 186,retail,419.0,organic,0.0,8,5,0.55,0,95.0,budget approved; implement this quarter; compare vendors,0
L0117,Fintech Corp 194,fintech,8.0,referral,1.0,2,0,0.44,0,10.0,student project; newsletter; just browsing,0
L1660,Logistics Corp 10,logistics,305.0,paid,1.0,1,0,0.03,0,23.0,student project; newsletter; send brochure,0
L0673,Fintech Corp 101,fintech,34.0,webinar,,3,3,0.29,0,7.0,send brochure; curious about ai; ready to buy,0
L0249,Retail Corp 314,retail,405.0,organic,0.0,5,1,0.52,1,18.0,request demo; student project; implement this quarter,1
L1503,Retail Corp 351,retail,74.0,organic,0.0,1,1,0.29,1,33.0,compare vendors; implement this quarter; just browsing,0
D0056,manufacturing corporation 130,manufacturing,,paid,0.0,5,4,0.12,0,12.0,ready to buy; compare vendors; request demo,0
L0094,Manufacturing Corp 67,manufacturing,23.0,organic,1.0,0,0,0.27,0,20.0,newsletter; curious about ai; general information,0
L0033,Manufacturing Corp 230,manufacturing,35.0,paid,1.0,4,4,0.55,0,3.0,general information; just browsing; implement this quarter,1
D0046,education corporation 390,education,81.0,paid,2.0,4,1,0.55,1,12.0,student project; ready to buy; send brochure,1
L1956,Retail Corp 183,retail,2320.0,organic,2.0,3,3,0.28,0,11.0,compare vendors; budget approved; newsletter,0
L0448,Logistics Corp 186,logistics,40.0,organic,1.0,3,2,0.36,0,4.0,general information; newsletter; send brochure,0
L0716,Retail Corp 379,retail,643.0,webinar,1.0,4,1,0.49,0,17.0,newsletter; student project; implement this quarter,0
L1307,Fintech Corp 396,fintech,153.0,organic,2.0,5,0,0.31,0,7.0,send brochure; student project; newsletter,0
L1898,Logistics Corp 301,logistics,63.0,paid,1.0,2,1,0.32,0,9.0,implement this quarter; student project; compare vendors,0
L0000,Education Corp 109,education,26.0,paid,,8,3,0.11,0,19.0,curious about ai; request demo; newsletter,0
L1421,Retail Corp 15,retail,224.0,paid,,2,1,0.25,0,82.0,budget approved; implement this quarter; general information,0
L1101,Manufacturing Corp 270,manufacturing,56.0,paid,1.0,4,1,0.25,0,28.0,just browsing; compare vendors; ready to buy,1
L1108,Healthcare Corp 72,healthcare,124.0,organic,3.0,3,1,0.15,0,2.0,compare vendors; curious about ai; student project,0
D0016,manufacturing corporation 117,manufacturing,23.0,webinar,1.0,2,1,0.14,0,27.0,implement this quarter; just browsing; send brochure,0
L0082,Education Corp 156,education,363.0,paid,1.0,6,0,0.07,0,50.0,curious about ai; need pricing; ready to buy,0
L1331,Retail Corp 260,retail,17.0,webinar,1.0,2,2,0.36,0,10.0,general information; ready to buy; send brochure,0
L0676,Healthcare Corp 208,healthcare,28.0,organic,1.0,4,1,0.44,0,5.0,newsletter; request demo; student project,0
L1501,Healthcare Corp 175,healthcare,135.0,webinar,2.0,5,3,0.21,0,2.0,just browsing; newsletter; compare vendors,0
L1046,Logistics Corp 264,logistics,243.0,organic,0.0,5,2,0.51,0,18.0,curious about ai; newsletter; just browsing,0
L0770,Manufacturing Corp 33,manufacturing,61.0,organic,3.0,4,0,0.14,1,39.0,need pricing; newsletter; general information,1
L1962,Retail Corp 250,retail,43.0,paid,2.0,4,0,0.3,0,3.0,student project; send brochure; curious about ai,0
L1323,Education Corp 240,education,37.0,referral,1.0,4,3,0.73,0,20.0,compare vendors; student project; newsletter,1
L1766,Healthcare Corp 375,healthcare,246.0,paid,0.0,6,1,0.27,0,17.0,newsletter; curious about ai; budget approved,0
L1541,Manufacturing Corp 327,manufacturing,367.0,organic,1.0,5,1,0.13,0,39.0,student project; request demo; curious about ai,0
L0404,Healthcare Corp 262,healthcare,767.0,paid,0.0,6,7,0.29,0,9.0,need pricing; budget approved; ready to buy,0
L1787,Fintech Corp 45,fintech,11.0,cold_list,0.0,3,2,0.4,0,55.0,ready to buy; general information; newsletter,0
L1342,Retail Corp 169,retail,92.0,organic,0.0,3,0,0.1,0,3.0,send brochure; need pricing; general information,0
L1384,Healthcare Corp 301,healthcare,12.0,organic,0.0,7,3,0.13,0,18.0,student project; implement this quarter; compare vendors,0
L0104,Education Corp 357,education,24.0,organic,,4,2,0.45,0,1.0,newsletter; request demo; student project,0
L0688,Fintech Corp 390,fintech,,referral,1.0,5,2,0.33,1,25.0,need pricing; compare vendors; ready to buy,0
L1756,Logistics Corp 40,logistics,237.0,paid,1.0,3,2,0.34,0,0.0,general information; request demo; just browsing,0
L0826,Retail Corp 160,retail,42.0,organic,1.0,4,4,0.35,0,10.0,implement this quarter; general information; just browsing,0
L1240,Education Corp 281,education,,paid,0.0,0,0,0.17,0,25.0,send brochure; just browsing; student project,0
L0062,Retail Corp 151,retail,42.0,paid,1.0,3,3,0.46,0,34.0,budget approved; ready to buy; newsletter,0
L0852,Education Corp 103,education,8.0,webinar,1.0,6,5,0.08,0,0.0,ready to buy; need pricing; compare vendors,0
L1815,Retail Corp 342,retail,56.0,paid,2.0,2,0,0.34,0,2.0,ready to buy; just browsing; budget approved,0
L0223,Healthcare Corp 15,healthcare,,paid,1.0,2,1,0.38,0,1.0,just browsing; newsletter; ready to buy,0
L0145,Manufacturing Corp 52,manufacturing,139.0,webinar,0.0,8,4,0.21,0,10.0,need pricing; ready to buy; send brochure,1
L1088,Retail Corp 25,retail,52.0,referral,0.0,5,1,0.3,1,16.0,general information; implement this quarter; request demo,0
L0373,Manufacturing Corp 285,manufacturing,124.0,paid,1.0,4,2,0.33,0,0.0,student project; general information; implement this quarter,1
L1509,Fintech Corp 306,fintech,188.0,paid,2.0,5,2,0.02,1,34.0,need pricing; newsletter; budget approved,0
L1142,Education Corp 106,education,42.0,paid,0.0,2,1,0.53,0,10.0,student project; send brochure; compare vendors,0
L1891,Fintech Corp 219,fintech,88.0,paid,0.0,5,0,0.28,0,1.0,send brochure; just browsing; student project,0
L1547,Fintech Corp 81,fintech,227.0,cold_list,,7,3,0.34,0,22.0,need pricing; implement this quarter; request demo,0
L1655,Manufacturing Corp 233,manufacturing,230.0,organic,1.0,1,0,0.2,0,20.0,send brochure; curious about ai; student project,0
L1313,Logistics Corp 360,logistics,66.0,webinar,2.0,7,1,0.13,0,6.0,student project; send brochure; curious about ai,1
L0009,Retail Corp 175,retail,38.0,organic,2.0,3,1,0.3,0,2.0,student project; send brochure; general information,0
L0449,Fintech Corp 83,fintech,,cold_list,1.0,6,4,0.38,1,6.0,ready to buy; need pricing; compare vendors,0
L0708,Retail Corp 15,retail,16.0,cold_list,2.0,5,1,0.32,0,44.0,send brochure; student project; budget approved,0
L0255,Fintech Corp 385,fintech,278.0,referral,2.0,0,2,0.18,0,32.0,curious about ai; compare vendors; request demo,0
L0882,Healthcare Corp 258,healthcare,,paid,2.0,4,0,0.12,0,2.0,send brochure; student project; curious about ai,0
L0389,Education Corp 261,education,286.0,webinar,2.0,8,2,0.3,0,5.0,send brochure; ready to buy; request demo,0
L0908,Manufacturing Corp 365,manufacturing,5310.0,webinar,1.0,4,2,0.54,0,24.0,ready to buy; budget approved; just browsing,1
L0924,Logistics Corp 379,logistics,167.0,cold_list,3.0,3,2,0.38,1,36.0,need pricing; newsletter; budget approved,0
L1896,Fintech Corp 164,fintech,38.0,webinar,0.0,2,0,0.34,0,1.0,send brochure; newsletter; just browsing,0
L1273,Retail Corp 292,retail,221.0,cold_list,,2,0,0.12,0,5.0,budget approved; curious about ai; send brochure,0
L0460,Retail Corp 309,retail,580.0,organic,1.0,2,1,0.11,0,5.0,newsletter; request demo; general information,1
D0051,manufacturing corporation 20,manufacturing,112.0,organic,2.0,5,2,0.11,1,20.0,just browsing; request demo; budget approved,1
L1789,Logistics Corp 293,logistics,3788.0,organic,2.0,4,5,0.16,1,2.0,implement this quarter; need pricing; budget approved,1
L1168,Education Corp 295,education,202.0,referral,2.0,1,0,0.75,0,5.0,general information; just browsing; curious about ai,0
L0958,Retail Corp 66,retail,,paid,0.0,2,5,0.63,0,40.0,general information; budget approved; compare vendors,0
L0501,Healthcare Corp 154,healthcare,363.0,referral,2.0,1,1,0.22,0,7.0,student project; budget approved; general information,0
L0739,Manufacturing Corp 354,manufacturing,,webinar,2.0,3,2,0.3,0,24.0,general information; curious about ai; newsletter,0
L1916,Fintech Corp 153,fintech,26.0,webinar,2.0,7,2,0.51,0,15.0,general information; need pricing; send brochure,0
L0868,Logistics Corp 219,logistics,26.0,paid,1.0,4,3,0.44,1,39.0,budget approved; send brochure; ready to buy,1
L0731,Logistics Corp 247,logistics,10.0,webinar,1.0,2,0,0.42,0,3.0,send brochure; newsletter; just browsing,0
L0539,Education Corp 41,education,411.0,paid,2.0,6,3,0.37,0,4.0,need pricing; request demo; implement this quarter,0
L1201,Retail Corp 375,retail,3208.0,organic,1.0,6,4,0.33,0,10.0,need pricing; implement this quarter; compare vendors,0
L0697,Retail Corp 262,retail,530.0,organic,1.0,5,3,0.62,0,19.0,general information; request demo; student project,0
L1453,Healthcare Corp 361,healthcare,189.0,referral,0.0,3,1,0.7,0,2.0,newsletter; student project; general information,0
L1423,Manufacturing Corp 179,manufacturing,28.0,cold_list,1.0,2,2,0.69,1,13.0,newsletter; budget approved; curious about ai,0
L1145,Manufacturing Corp 399,manufacturing,27.0,cold_list,,3,1,0.22,1,49.0,budget approved; implement this quarter; ready to buy,0
L1031,Fintech Corp 271,fintech,131.0,webinar,2.0,5,0,0.13,0,14.0,need pricing; just browsing; student project,0
L0372,Manufacturing Corp 31,manufacturing,,webinar,1.0,3,1,0.12,0,11.0,need pricing; budget approved; request demo,0
L0667,Healthcare Corp 341,healthcare,734.0,organic,,7,2,0.14,0,54.0,ready to buy; send brochure; newsletter,0
L1578,Healthcare Corp 89,healthcare,157.0,paid,3.0,0,0,0.45,0,9.0,general information; send brochure; student project,0
L0357,Education Corp 280,education,590.0,cold_list,3.0,3,1,0.29,0,21.0,general information; just browsing; curious about ai,0
L0967,Logistics Corp 313,logistics,19.0,organic,1.0,2,0,0.24,0,1.0,send brochure; general information; student project,0
L0783,Fintech Corp 316,fintech,2430.0,paid,0.0,5,0,0.17,0,8.0,budget approved; curious about ai; just browsing,0
L0735,Fintech Corp 17,fintech,19.0,cold_list,1.0,1,2,0.05,0,32.0,just browsing; student project; general information,0
L1035,Fintech Corp 354,fintech,229.0,cold_list,1.0,4,2,0.51,1,2.0,newsletter; curious about ai; compare vendors,0
L0970,Manufacturing Corp 294,manufacturing,320.0,organic,1.0,6,2,0.34,0,4.0,newsletter; compare vendors; need pricing,0
L1936,Retail Corp 201,retail,16.0,organic,0.0,7,3,0.53,0,54.0,general information; newsletter; compare vendors,0
L1645,Retail Corp 175,retail,350.0,paid,0.0,5,3,0.03,1,71.0,send brochure; budget approved; implement this quarter,0
L1827,Retail Corp 46,retail,29.0,paid,1.0,4,1,0.5,0,6.0,student project; implement this quarter; curious about ai,0
L1576,Education Corp 114,education,78.0,paid,0.0,5,1,0.4,0,56.0,general information; send brochure; request demo,0
L1394,Education Corp 233,education,30.0,paid,0.0,1,1,0.32,0,63.0,newsletter; request demo; send brochure,0
L1543,Logistics Corp 200,logistics,,organic,2.0,4,1,0.41,0,6.0,student project; need pricing; just browsing,0
L1704,Retail Corp 388,retail,,paid,2.0,2,0,0.24,0,10.0,student project; general information; newsletter,0
L1252,Logistics Corp 159,logistics,151.0,paid,1.0,4,1,0.26,0,2.0,curious about ai; student project; just browsing,0
L1752,Healthcare Corp 360,healthcare,216.0,paid,2.0,4,4,0.26,0,62.0,newsletter; compare vendors; ready to buy,0
L1774,Fintech Corp 263,fintech,137.0,webinar,0.0,7,1,0.07,0,20.0,general information; request demo; just browsing,0
L1236,Logistics Corp 378,logistics,34.0,referral,3.0,3,1,0.6,0,23.0,curious about ai; implement this quarter; newsletter,1
L0885,Manufacturing Corp 351,manufacturing,80.0,paid,1.0,3,0,0.16,0,6.0,just browsing; student project; newsletter,0
L0079,Education Corp 362,education,115.0,paid,1.0,5,1,0.67,1,19.0,curious about ai; student project; send brochure,1
L1172,Manufacturing Corp 62,manufacturing,170.0,organic,0.0,3,2,0.05,0,12.0,curious about ai; student project; newsletter,0
L0814,Logistics Corp 105,logistics,271.0,paid,0.0,3,1,0.38,0,17.0,implement this quarter; student project; newsletter,0
L1328,Manufacturing Corp 138,manufacturing,542.0,paid,3.0,1,0,0.14,0,16.0,newsletter; curious about ai; general information,0
L0671,Retail Corp 6,retail,578.0,organic,1.0,9,3,0.47,1,24.0,compare vendors; request demo; ready to buy,1
D0032,retail corporation 309,retail,61.0,cold_list,0.0,2,0,0.7,0,4.0,general information; newsletter; curious about ai,0
L0057,Retail Corp 145,retail,234.0,paid,3.0,4,4,0.22,0,30.0,send brochure; general information; ready to buy,1
L0133,Manufacturing Corp 278,manufacturing,44.0,paid,,1,2,0.1,1,0.0,need pricing; implement this quarter; ready to buy,1
L1140,Manufacturing Corp 137,manufacturing,23.0,organic,1.0,2,2,0.56,0,13.0,implement this quarter; just browsing; student project,0
L0933,Education Corp 238,education,59.0,webinar,0.0,4,2,0.25,0,5.0,curious about ai; student project; general information,0
L1742,Logistics Corp 392,logistics,80.0,paid,1.0,2,2,0.11,0,24.0,implement this quarter; just browsing; curious about ai,0
L0823,Fintech Corp 266,fintech,182.0,paid,1.0,3,1,0.07,0,18.0,curious about ai; newsletter; just browsing,1
L1214,Manufacturing Corp 102,manufacturing,21.0,cold_list,0.0,5,2,0.06,0,31.0,general information; just browsing; student project,0
L0504,Retail Corp 18,retail,8.0,paid,0.0,5,1,0.38,0,25.0,newsletter; general information; need pricing,0
L1938,Manufacturing Corp 303,manufacturing,25.0,organic,3.0,2,1,0.37,0,24.0,newsletter; curious about ai; general information,0
L0347,Manufacturing Corp 170,manufacturing,5.0,webinar,2.0,1,0,0.26,0,69.0,send brochure; general information; just browsing,0
L0386,Fintech Corp 164,fintech,78.0,organic,1.0,4,5,0.09,0,21.0,curious about ai; just browsing; student project,0
L1024,Fintech Corp 391,fintech,1977.0,organic,1.0,3,1,0.5,1,9.0,just browsing; need pricing; request demo,0
L0894,Fintech Corp 275,fintech,,cold_list,1.0,4,1,0.21,0,13.0,need pricing; just browsing; compare vendors,0
L0828,Education Corp 341,education,398.0,paid,0.0,2,0,0.31,0,21.0,send brochure; general information; curious about ai,0
L1961,Manufacturing Corp 188,manufacturing,66.0,paid,3.0,1,1,0.08,0,53.0,just browsing; send brochure; newsletter,0
L0475,Manufacturing Corp 341,manufacturing,14.0,paid,0.0,4,2,0.06,0,32.0,curious about ai; newsletter; send brochure,0
L1927,Fintech Corp 86,fintech,152.0,paid,2.0,8,1,0.39,0,81.0,request demo; general information; just browsing,0
D0014,logistics corporation 82,logistics,365.0,webinar,2.0,4,2,0.28,0,39.0,general information; student project; implement this quarter,1
L1444,Logistics Corp 374,logistics,52.0,organic,0.0,8,3,0.35,1,12.0,implement this quarter; compare vendors; need pricing,1
L0652,Fintech Corp 216,fintech,77.0,organic,1.0,4,3,0.2,0,9.0,compare vendors; newsletter; student project,0
L0172,Manufacturing Corp 98,manufacturing,50.0,referral,0.0,4,3,0.19,1,29.0,implement this quarter; budget approved; compare vendors,1
L1149,Healthcare Corp 272,healthcare,91.0,paid,2.0,1,2,0.19,0,10.0,implement this quarter; compare vendors; general information,0
L0038,Manufacturing Corp 147,manufacturing,349.0,paid,0.0,2,1,0.06,1,15.0,ready to buy; budget approved; newsletter,1
L0713,Healthcare Corp 216,healthcare,97.0,cold_list,3.0,3,3,0.28,1,0.0,student project; budget approved; ready to buy,1
L0090,Logistics Corp 25,logistics,,paid,1.0,7,4,0.38,0,76.0,compare vendors; need pricing; request demo,0
D0007,logistics corporation 86,logistics,21.0,cold_list,2.0,2,1,0.44,0,6.0,student project; general information; need pricing,0
L1205,Logistics Corp 328,logistics,93.0,paid,1.0,5,1,0.06,0,15.0,curious about ai; student project; compare vendors,0
L0875,Healthcare Corp 89,healthcare,30.0,organic,0.0,1,1,0.38,0,35.0,send brochure; student project; curious about ai,0
L1395,Logistics Corp 17,logistics,108.0,cold_list,,3,4,0.28,0,11.0,request demo; student project; curious about ai,0
L1958,Education Corp 352,education,18.0,cold_list,2.0,6,2,0.23,0,39.0,send brochure; just browsing; student project,0
L1093,Manufacturing Corp 103,manufacturing,316.0,webinar,2.0,3,1,0.33,1,20.0,budget approved; compare vendors; need pricing,1
L1155,Logistics Corp 244,logistics,135.0,webinar,,5,4,0.29,0,30.0,send brochure; budget approved; need pricing,0
L1324,Manufacturing Corp 264,manufacturing,59.0,organic,2.0,6,3,0.54,0,2.0,newsletter; request demo; send brochure,0
L1834,Logistics Corp 256,logistics,52.0,cold_list,2.0,1,0,0.5,0,23.0,curious about ai; implement this quarter; student project,0
D0029,fintech corporation 285,fintech,36.0,webinar,0.0,4,0,0.47,0,38.0,implement this quarter; budget approved; ready to buy,0
L0499,Retail Corp 85,retail,,paid,2.0,6,3,0.36,1,18.0,request demo; just browsing; ready to buy,1
L0338,Logistics Corp 306,logistics,57.0,webinar,0.0,2,0,0.37,0,5.0,just browsing; newsletter; general information,1
L1188,Logistics Corp 81,logistics,139.0,referral,1.0,2,1,0.53,0,7.0,compare vendors; need pricing; curious about ai,0
L0028,Logistics Corp 323,logistics,72.0,organic,1.0,2,0,0.52,0,53.0,curious about ai; student project; newsletter,0
L1217,Retail Corp 311,retail,354.0,organic,0.0,3,2,0.09,0,10.0,curious about ai; compare vendors; newsletter,0
L1530,Manufacturing Corp 355,manufacturing,406.0,paid,1.0,4,1,0.59,1,4.0,student project; budget approved; newsletter,0
L1885,Manufacturing Corp 293,manufacturing,16.0,webinar,1.0,2,0,0.5,0,31.0,just browsing; student project; newsletter,0
L0945,Manufacturing Corp 232,manufacturing,48.0,organic,2.0,3,1,0.69,0,26.0,compare vendors; send brochure; implement this quarter,0
L0169,Healthcare Corp 170,healthcare,96.0,cold_list,0.0,3,3,0.39,0,5.0,general information; just browsing; need pricing,0
L1452,Education Corp 171,education,873.0,organic,2.0,4,1,0.09,0,30.0,request demo; just browsing; send brochure,0
L1197,Fintech Corp 179,fintech,171.0,organic,2.0,5,3,0.18,0,2.0,student project; request demo; ready to buy,0
L1253,Fintech Corp 338,fintech,375.0,paid,2.0,7,2,0.46,0,9.0,student project; curious about ai; ready to buy,1
L1446,Healthcare Corp 182,healthcare,291.0,webinar,2.0,4,1,0.1,1,43.0,newsletter; student project; budget approved,1
L0912,Healthcare Corp 267,healthcare,726.0,webinar,0.0,6,1,0.56,0,37.0,student project; general information; send brochure,0
L0491,Fintech Corp 355,fintech,,referral,2.0,3,3,0.47,1,3.0,send brochure; budget approved; ready to buy,1
L0953,Logistics Corp 297,logistics,21.0,paid,1.0,7,2,0.47,0,34.0,curious about ai; student project; request demo,0
L1097,Education Corp 364,education,31.0,cold_list,0.0,5,0,0.17,0,15.0,newsletter; general information; curious about ai,0
L1032,Retail Corp 294,retail,782.0,organic,2.0,2,2,0.16,0,3.0,request demo; general information; send brochure,0
L0587,Manufacturing Corp 59,manufacturing,66.0,organic,0.0,8,3,0.37,1,4.0,compare vendors; budget approved; implement this quarter,1
L0750,Manufacturing Corp 336,manufacturing,79.0,paid,0.0,5,3,0.37,0,4.0,implement this quarter; ready to buy; need pricing,1
L0657,Manufacturing Corp 10,manufacturing,45.0,referral,0.0,3,1,0.33,0,32.0,curious about ai; newsletter; compare vendors,0
L0234,Healthcare Corp 195,healthcare,203.0,webinar,0.0,3,1,0.35,0,6.0,student project; general information; send brochure,0
L0732,Logistics Corp 238,logistics,73.0,cold_list,1.0,3,2,0.22,0,5.0,general information; send brochure; budget approved,1
D0053,logistics corporation 151,logistics,11.0,cold_list,0.0,4,1,0.23,1,15.0,need pricing; student project; compare vendors,0
L1686,Retail Corp 394,retail,866.0,cold_list,1.0,4,2,0.33,0,103.0,student project; budget approved; send brochure,0
L1156,Logistics Corp 107,logistics,483.0,referral,1.0,5,3,0.18,0,52.0,student project; send brochure; ready to buy,1
L1521,Retail Corp 341,retail,6.0,webinar,1.0,9,4,0.56,0,4.0,general information; just browsing; student project,0
L1474,Retail Corp 16,retail,279.0,paid,0.0,4,1,0.26,0,2.0,just browsing; general information; need pricing,0
L1681,Education Corp 224,education,71.0,webinar,1.0,7,6,0.36,0,40.0,newsletter; implement this quarter; need pricing,0
L0934,Education Corp 151,education,65.0,webinar,2.0,3,0,0.61,0,20.0,general information; student project; newsletter,0
L1209,Manufacturing Corp 6,manufacturing,43.0,organic,2.0,3,0,0.27,0,12.0,send brochure; student project; curious about ai,0
L1065,Healthcare Corp 33,healthcare,20.0,referral,2.0,3,1,0.43,0,28.0,request demo; student project; send brochure,0
L0108,Logistics Corp 320,logistics,163.0,referral,0.0,3,0,0.31,1,50.0,curious about ai; ready to buy; compare vendors,0
L1726,Manufacturing Corp 51,manufacturing,206.0,referral,1.0,5,2,0.13,0,17.0,ready to buy; implement this quarter; general information,0
L0568,Manufacturing Corp 278,manufacturing,10.0,organic,2.0,6,2,0.09,0,6.0,student project; general information; ready to buy,1
L1167,Retail Corp 144,retail,243.0,organic,1.0,1,0,0.56,0,37.0,just browsing; newsletter; send brochure,0
L1174,Retail Corp 384,retail,161.0,referral,0.0,2,1,0.12,0,8.0,request demo; need pricing; just browsing,0
L0890,Manufacturing Corp 396,manufacturing,26.0,webinar,0.0,6,2,0.02,0,18.0,ready to buy; newsletter; send brochure,0
L0947,Education Corp 11,education,375.0,webinar,2.0,0,0,0.41,0,19.0,newsletter; curious about ai; just browsing,0
L1048,Education Corp 261,education,13.0,paid,0.0,3,0,0.78,1,22.0,just browsing; budget approved; newsletter,0
L1732,Fintech Corp 15,fintech,173.0,cold_list,0.0,4,2,0.58,0,24.0,curious about ai; send brochure; request demo,0
L1422,Retail Corp 264,retail,,referral,2.0,5,4,0.21,0,28.0,compare vendors; implement this quarter; send brochure,1
L1693,Fintech Corp 53,fintech,589.0,paid,2.0,5,2,0.41,0,2.0,compare vendors; ready to buy; implement this quarter,1
L0884,Logistics Corp 355,logistics,110.0,webinar,1.0,4,1,0.56,0,22.0,request demo; send brochure; general information,0
L1730,Healthcare Corp 314,healthcare,141.0,referral,2.0,4,1,0.07,0,20.0,newsletter; send brochure; student project,0
L0850,Logistics Corp 141,logistics,115.0,paid,3.0,4,2,0.19,0,9.0,request demo; send brochure; student project,0
L0734,Logistics Corp 277,logistics,8.0,organic,0.0,5,2,0.22,1,6.0,ready to buy; curious about ai; implement this quarter,1
L0717,Logistics Corp 369,logistics,54.0,paid,2.0,5,2,0.43,0,10.0,newsletter; send brochure; general information,0
L0454,Logistics Corp 326,logistics,50.0,organic,,6,0,0.73,0,29.0,student project; newsletter; general information,0
L0264,Healthcare Corp 238,healthcare,14.0,paid,0.0,6,3,0.78,0,3.0,request demo; ready to buy; compare vendors,0
L0075,Manufacturing Corp 369,manufacturing,545.0,cold_list,,3,2,0.31,0,19.0,student project; send brochure; just browsing,0
L1877,Manufacturing Corp 52,manufacturing,79.0,paid,0.0,5,1,0.3,0,3.0,student project; send brochure; general information,0
L0444,Manufacturing Corp 94,manufacturing,214.0,referral,0.0,4,2,0.58,1,15.0,implement this quarter; budget approved; need pricing,1
L0395,Retail Corp 244,retail,232.0,referral,0.0,2,2,0.38,1,8.0,compare vendors; student project; need pricing,0
L0176,Retail Corp 168,retail,2078.0,cold_list,0.0,1,1,0.31,0,17.0,budget approved; just browsing; general information,0
L1042,Fintech Corp 252,fintech,2060.0,paid,1.0,4,3,0.53,1,28.0,general information; student project; need pricing,1
L1920,Retail Corp 388,retail,168.0,paid,0.0,2,0,0.66,0,11.0,curious about ai; general information; student project,0
L1449,Logistics Corp 267,logistics,14.0,referral,1.0,4,1,0.46,0,18.0,general information; send brochure; budget approved,0
L1563,Healthcare Corp 13,healthcare,101.0,webinar,1.0,4,3,0.43,0,9.0,ready to buy; general information; curious about ai,0
L1427,Logistics Corp 62,logistics,1144.0,webinar,,4,1,0.43,0,23.0,ready to buy; student project; send brochure,1
L0595,Manufacturing Corp 332,manufacturing,11.0,webinar,1.0,3,0,0.24,1,81.0,need pricing; student project; ready to buy,0
L0061,Retail Corp 394,retail,96.0,organic,0.0,5,2,0.21,0,55.0,curious about ai; just browsing; send brochure,0
L1296,Logistics Corp 285,logistics,94.0,referral,1.0,10,2,0.2,0,14.0,curious about ai; student project; send brochure,0
L0872,Healthcare Corp 243,healthcare,1214.0,webinar,2.0,6,2,0.11,1,19.0,ready to buy; implement this quarter; student project,1
L1542,Manufacturing Corp 40,manufacturing,405.0,paid,3.0,0,0,0.34,0,53.0,send brochure; newsletter; student project,0
L1946,Logistics Corp 49,logistics,,organic,0.0,3,4,0.09,0,3.0,newsletter; need pricing; implement this quarter,1
L0278,Education Corp 223,education,,paid,1.0,3,0,0.2,0,10.0,curious about ai; compare vendors; general information,0
L1392,Logistics Corp 253,logistics,125.0,paid,2.0,8,2,0.26,1,10.0,send brochure; implement this quarter; budget approved,1
L0036,Logistics Corp 371,logistics,202.0,cold_list,2.0,5,0,0.79,0,14.0,student project; just browsing; newsletter,0
L1568,Retail Corp 27,retail,13.0,paid,1.0,2,3,0.21,0,10.0,need pricing; budget approved; send brochure,0
L0662,Logistics Corp 388,logistics,333.0,webinar,2.0,5,3,0.4,1,30.0,request demo; compare vendors; need pricing,1
L1870,Manufacturing Corp 228,manufacturing,71.0,webinar,1.0,3,3,0.44,0,42.0,need pricing; newsletter; student project,0
L1494,Retail Corp 179,retail,95.0,organic,3.0,6,2,0.48,0,19.0,curious about ai; general information; newsletter,0
L0977,Manufacturing Corp 381,manufacturing,460.0,organic,1.0,3,1,0.25,0,3.0,curious about ai; send brochure; implement this quarter,0
L1624,Manufacturing Corp 187,manufacturing,17.0,organic,1.0,4,3,0.09,0,13.0,ready to buy; newsletter; implement this quarter,0
L0738,Manufacturing Corp 13,manufacturing,62.0,paid,2.0,9,4,0.59,0,12.0,send brochure; general information; newsletter,0
L0191,Manufacturing Corp 168,manufacturing,29.0,paid,1.0,4,3,0.11,0,12.0,request demo; curious about ai; general information,0
L0919,Retail Corp 53,retail,116.0,referral,1.0,3,3,0.77,0,32.0,just browsing; send brochure; compare vendors,1
L0456,Healthcare Corp 275,healthcare,772.0,organic,0.0,2,0,0.28,0,40.0,ready to buy; newsletter; request demo,0
L1417,Retail Corp 380,retail,15.0,paid,0.0,4,0,0.6,0,60.0,student project; general information; newsletter,0
L0675,Manufacturing Corp 278,manufacturing,112.0,referral,1.0,5,1,0.57,0,20.0,send brochure; request demo; implement this quarter,0
L0760,Fintech Corp 298,fintech,109.0,organic,2.0,1,2,0.5,0,7.0,student project; send brochure; curious about ai,1
L1871,Retail Corp 35,retail,,organic,1.0,3,2,0.18,0,8.0,general information; budget approved; just browsing,0
L1656,Manufacturing Corp 242,manufacturing,37.0,organic,1.0,2,1,0.24,0,43.0,request demo; implement this quarter; newsletter,0
L0728,Retail Corp 58,retail,41.0,referral,1.0,4,0,0.47,1,1.0,budget approved; newsletter; student project,0
L1399,Manufacturing Corp 38,manufacturing,64.0,organic,1.0,4,2,0.29,0,43.0,ready to buy; just browsing; send brochure,0
L0412,Logistics Corp 377,logistics,60.0,organic,,5,1,0.11,0,86.0,general information; just browsing; request demo,0
L1098,Education Corp 130,education,90.0,organic,2.0,5,4,0.24,0,9.0,just browsing; ready to buy; need pricing,0
L0825,Logistics Corp 66,logistics,703.0,organic,0.0,6,1,0.24,0,51.0,newsletter; student project; compare vendors,0
L1549,Manufacturing Corp 260,manufacturing,123.0,organic,1.0,1,2,0.6,1,3.0,need pricing; request demo; curious about ai,0
L0616,Fintech Corp 174,fintech,,organic,2.0,5,3,0.08,0,36.0,send brochure; general information; request demo,0
L0114,Logistics Corp 340,logistics,77.0,organic,1.0,2,1,0.33,0,28.0,compare vendors; request demo; general information,0
L0417,Education Corp 63,education,86.0,webinar,0.0,4,1,0.32,0,15.0,student project; newsletter; need pricing,0
L1979,Logistics Corp 177,logistics,167.0,cold_list,3.0,6,5,0.16,0,50.0,student project; general information; need pricing,1
L0969,Logistics Corp 41,logistics,41.0,paid,0.0,4,1,0.28,0,33.0,student project; general information; just browsing,0
L0604,Healthcare Corp 198,healthcare,690.0,webinar,1.0,3,2,0.09,0,7.0,compare vendors; newsletter; budget approved,0
L1989,Logistics Corp 372,logistics,497.0,webinar,0.0,4,2,0.17,0,8.0,just browsing; general information; student project,0
L0089,Retail Corp 143,retail,17.0,paid,0.0,3,3,0.37,0,10.0,compare vendors; general information; send brochure,0
L0848,Logistics Corp 22,logistics,28.0,organic,0.0,5,1,0.29,1,10.0,implement this quarter; send brochure; request demo,0
L1572,Retail Corp 136,retail,18.0,webinar,2.0,4,0,0.7,1,24.0,need pricing; newsletter; implement this quarter,1
L1987,Fintech Corp 69,fintech,33.0,cold_list,1.0,8,5,0.08,0,2.0,implement this quarter; ready to buy; budget approved,0
L0753,Retail Corp 245,retail,147.0,referral,1.0,6,3,0.41,1,15.0,need pricing; compare vendors; just browsing,1
L0498,Manufacturing Corp 93,manufacturing,34.0,webinar,1.0,0,1,0.2,0,8.0,implement this quarter; student project; budget approved,0
L1276,Logistics Corp 166,logistics,708.0,webinar,0.0,3,2,0.04,1,1.0,request demo; just browsing; need pricing,0
L1325,Education Corp 320,education,960.0,paid,1.0,6,4,0.39,0,16.0,send brochure; compare vendors; ready to buy,0
L0011,Healthcare Corp 204,healthcare,,cold_list,1.0,3,2,0.5,1,42.0,budget approved; need pricing; implement this quarter,0
L0396,Education Corp 316,education,223.0,organic,0.0,4,5,0.1,0,15.0,implement this quarter; student project; budget approved,1
L0284,Retail Corp 68,retail,67.0,organic,1.0,3,0,0.22,0,5.0,just browsing; need pricing; student project,0
L1066,Manufacturing Corp 19,manufacturing,700.0,cold_list,2.0,2,0,0.08,0,8.0,student project; compare vendors; curious about ai,0
L1191,Manufacturing Corp 350,manufacturing,295.0,webinar,1.0,7,3,0.61,0,5.0,implement this quarter; just browsing; compare vendors,0
L1440,Manufacturing Corp 106,manufacturing,217.0,paid,0.0,2,2,0.43,0,45.0,curious about ai; newsletter; general information,0
L1805,Fintech Corp 314,fintech,56.0,referral,0.0,6,1,0.78,1,43.0,budget approved; compare vendors; send brochure,0
L1450,Education Corp 394,education,20.0,webinar,0.0,5,1,0.49,0,26.0,compare vendors; general information; implement this quarter,0
L0690,Manufacturing Corp 310,manufacturing,81.0,paid,0.0,3,1,0.17,0,9.0,send brochure; general information; compare vendors,0
D0049,retail corporation 353,retail,80.0,paid,,2,1,0.39,0,61.0,just browsing; budget approved; ready to buy,0
L1943,Logistics Corp 115,logistics,43.0,cold_list,0.0,3,0,0.66,0,30.0,send brochure; just browsing; student project,0
L0689,Retail Corp 222,retail,653.0,webinar,2.0,1,1,0.39,0,1.0,student project; send brochure; budget approved,0
L0851,Logistics Corp 62,logistics,938.0,organic,1.0,2,1,0.3,0,7.0,general information; just browsing; send brochure,0
L0159,Education Corp 131,education,188.0,organic,0.0,4,2,0.39,0,40.0,newsletter; just browsing; curious about ai,0
L0895,Healthcare Corp 57,healthcare,81.0,organic,1.0,2,3,0.26,1,19.0,compare vendors; implement this quarter; need pricing,0
L1628,Logistics Corp 73,logistics,92.0,organic,3.0,6,0,0.51,0,29.0,just browsing; request demo; general information,0
L0257,Logistics Corp 356,logistics,533.0,organic,1.0,1,1,0.23,0,1.0,curious about ai; send brochure; general information,0
L0335,Fintech Corp 90,fintech,,paid,0.0,7,1,0.23,0,6.0,student project; general information; newsletter,0
L1948,Logistics Corp 270,logistics,,paid,1.0,7,2,0.19,0,26.0,student project; request demo; just browsing,0
L1039,Logistics Corp 316,logistics,53.0,cold_list,0.0,7,3,0.23,0,24.0,curious about ai; newsletter; ready to buy,0
L0515,Logistics Corp 143,logistics,,webinar,1.0,4,1,0.44,0,37.0,implement this quarter; ready to buy; just browsing,0
L1348,Manufacturing Corp 75,manufacturing,354.0,organic,0.0,3,0,0.62,0,64.0,general information; student project; curious about ai,0
L1015,Logistics Corp 172,logistics,379.0,cold_list,1.0,3,3,0.11,0,32.0,curious about ai; general information; budget approved,0
L0768,Logistics Corp 309,logistics,126.0,organic,0.0,6,2,0.26,0,2.0,implement this quarter; just browsing; newsletter,1
L1807,Retail Corp 295,retail,148.0,organic,0.0,7,2,0.04,1,22.0,request demo; curious about ai; send brochure,0
L0761,Logistics Corp 104,logistics,116.0,organic,0.0,4,1,0.27,0,14.0,general information; just browsing; newsletter,0
L1246,Fintech Corp 357,fintech,451.0,organic,,4,2,0.53,0,6.0,general information; curious about ai; send brochure,0
L1203,Fintech Corp 174,fintech,15.0,webinar,2.0,7,5,0.56,0,14.0,send brochure; compare vendors; implement this quarter,1
L1519,Logistics Corp 250,logistics,18.0,webinar,3.0,5,3,0.37,0,28.0,request demo; newsletter; curious about ai,1
L1123,Logistics Corp 257,logistics,19.0,paid,2.0,2,2,0.3,0,12.0,newsletter; need pricing; general information,0
L0521,Manufacturing Corp 50,manufacturing,7.0,webinar,1.0,5,0,0.32,0,13.0,curious about ai; general information; student project,0
L0022,Healthcare Corp 250,healthcare,132.0,paid,0.0,3,4,0.17,0,1.0,need pricing; implement this quarter; request demo,0
L0356,Education Corp 205,education,143.0,organic,2.0,5,2,0.61,0,7.0,just browsing; request demo; budget approved,0
L1277,Logistics Corp 315,logistics,25.0,paid,3.0,4,0,0.27,0,26.0,student project; newsletter; just browsing,0
L1312,Retail Corp 153,retail,95.0,referral,2.0,3,0,0.15,0,55.0,curious about ai; newsletter; just browsing,0
L1740,Manufacturing Corp 232,manufacturing,36.0,organic,0.0,5,1,0.38,1,11.0,implement this quarter; send brochure; just browsing,0
L0340,Logistics Corp 86,logistics,332.0,organic,0.0,3,6,0.09,0,6.0,ready to buy; request demo; budget approved,1
L0431,Education Corp 235,education,12.0,organic,2.0,3,1,0.01,0,39.0,send brochure; general information; curious about ai,0
L0473,Logistics Corp 133,logistics,97.0,paid,0.0,6,3,0.46,1,19.0,budget approved; compare vendors; need pricing,1
L0217,Logistics Corp 63,logistics,67.0,organic,0.0,6,2,0.08,0,17.0,budget approved; student project; just browsing,0
L0911,Education Corp 114,education,193.0,webinar,1.0,5,5,0.63,0,1.0,need pricing; ready to buy; implement this quarter,0
L1227,Retail Corp 213,retail,39.0,organic,1.0,5,2,0.24,0,31.0,just browsing; send brochure; general information,0
L1649,Education Corp 87,education,109.0,cold_list,0.0,9,1,0.39,0,3.0,compare vendors; newsletter; need pricing,0
L1011,Retail Corp 292,retail,622.0,webinar,0.0,4,0,0.12,0,51.0,compare vendors; send brochure; newsletter,0
D0020,retail corporation 389,retail,94.0,paid,0.0,2,1,0.21,0,6.0,request demo; ready to buy; send brochure,0
L0093,Manufacturing Corp 248,manufacturing,114.0,referral,0.0,3,2,0.62,0,2.0,send brochure; request demo; just browsing,1
L1008,Fintech Corp 157,fintech,38.0,organic,0.0,4,2,0.14,0,52.0,budget approved; implement this quarter; compare vendors,0
L1070,Education Corp 347,education,101.0,organic,1.0,2,2,0.21,0,5.0,need pricing; ready to buy; send brochure,0
L1092,Manufacturing Corp 115,manufacturing,196.0,organic,2.0,4,5,0.46,0,28.0,need pricing; implement this quarter; compare vendors,1
D0055,manufacturing corporation 297,manufacturing,40.0,paid,2.0,7,4,0.46,0,3.0,compare vendors; request demo; general information,1
L1308,Logistics Corp 67,logistics,809.0,organic,0.0,7,2,0.6,0,1.0,budget approved; implement this quarter; general information,0
L0696,Fintech Corp 238,fintech,8.0,referral,0.0,1,1,0.14,1,44.0,request demo; send brochure; implement this quarter,0
L1856,Manufacturing Corp 361,manufacturing,67.0,cold_list,0.0,3,3,0.61,0,0.0,newsletter; need pricing; curious about ai,0
L0996,Fintech Corp 249,fintech,265.0,cold_list,3.0,5,1,0.25,0,10.0,just browsing; student project; curious about ai,0
L1458,Healthcare Corp 176,healthcare,62.0,organic,2.0,6,5,0.23,0,50.0,ready to buy; budget approved; implement this quarter,0
L0153,Retail Corp 6,retail,35.0,referral,1.0,3,4,0.23,0,9.0,compare vendors; implement this quarter; ready to buy,0
L1099,Logistics Corp 206,logistics,55.0,cold_list,2.0,4,2,0.66,1,1.0,need pricing; budget approved; compare vendors,1
L1777,Retail Corp 381,retail,4019.0,paid,2.0,3,1,0.39,0,9.0,compare vendors; request demo; send brochure,0
D0059,logistics corporation 148,logistics,68.0,organic,0.0,4,0,0.21,0,24.0,curious about ai; just browsing; newsletter,0
L0789,Fintech Corp 392,fintech,374.0,webinar,3.0,3,0,0.3,0,5.0,general information; newsletter; send brochure,0
L0580,Retail Corp 260,retail,387.0,webinar,1.0,8,3,0.44,0,60.0,implement this quarter; curious about ai; budget approved,0
L1470,Healthcare Corp 320,healthcare,162.0,organic,0.0,2,4,0.13,0,45.0,implement this quarter; send brochure; general information,0
L0703,Education Corp 185,education,79.0,organic,2.0,7,0,0.14,0,21.0,send brochure; student project; general information,0
L1212,Retail Corp 352,retail,44.0,organic,,2,2,0.16,0,6.0,send brochure; curious about ai; implement this quarter,0
L1295,Manufacturing Corp 195,manufacturing,,webinar,0.0,2,3,0.33,0,3.0,need pricing; newsletter; student project,0
L1723,Retail Corp 254,retail,41.0,webinar,,6,1,0.2,1,1.0,student project; budget approved; need pricing,1
L1260,Logistics Corp 379,logistics,182.0,webinar,1.0,3,3,0.28,0,44.0,compare vendors; student project; ready to buy,0
L0487,Manufacturing Corp 166,manufacturing,28.0,paid,0.0,6,5,0.12,1,84.0,request demo; need pricing; compare vendors,1
L0559,Retail Corp 55,retail,117.0,referral,0.0,5,2,0.54,0,19.0,compare vendors; send brochure; general information,0
L1141,Education Corp 331,education,,paid,1.0,2,2,0.35,0,9.0,general information; curious about ai; ready to buy,0
L1119,Healthcare Corp 82,healthcare,517.0,webinar,1.0,4,2,0.44,0,33.0,budget approved; compare vendors; request demo,0
L0801,Manufacturing Corp 145,manufacturing,228.0,webinar,3.0,4,4,0.29,0,16.0,compare vendors; budget approved; general information,0
L0512,Logistics Corp 96,logistics,555.0,webinar,1.0,6,3,0.08,0,34.0,curious about ai; student project; request demo,0
L0633,Manufacturing Corp 350,manufacturing,149.0,paid,1.0,4,3,0.59,0,28.0,just browsing; curious about ai; send brochure,0
L1531,Logistics Corp 37,logistics,258.0,paid,0.0,0,3,0.36,0,17.0,implement this quarter; need pricing; compare vendors,0
L1850,Manufacturing Corp 360,manufacturing,5.0,referral,0.0,5,2,0.43,1,20.0,request demo; student project; just browsing,0
L1876,Manufacturing Corp 206,manufacturing,1614.0,webinar,0.0,5,3,0.13,0,10.0,ready to buy; newsletter; budget approved,0
L1150,Logistics Corp 183,logistics,105.0,organic,1.0,7,0,0.6,0,52.0,newsletter; request demo; student project,0
L0790,Logistics Corp 134,logistics,449.0,webinar,2.0,3,1,0.33,0,59.0,curious about ai; budget approved; implement this quarter,0
L0116,Fintech Corp 190,fintech,,webinar,1.0,5,0,0.22,0,22.0,newsletter; general information; just browsing,0
L1497,Fintech Corp 26,fintech,1240.0,cold_list,1.0,5,3,0.66,1,5.0,implement this quarter; budget approved; compare vendors,1
L0740,Logistics Corp 66,logistics,344.0,paid,2.0,4,2,0.53,0,27.0,request demo; need pricing; send brochure,1
L1749,Retail Corp 387,retail,196.0,paid,,9,3,0.44,1,2.0,budget approved; implement this quarter; compare vendors,1
L1081,Healthcare Corp 393,healthcare,119.0,webinar,1.0,3,0,0.05,0,13.0,curious about ai; just browsing; implement this quarter,0
L0830,Fintech Corp 169,fintech,112.0,organic,0.0,2,3,0.35,1,19.0,implement this quarter; budget approved; need pricing,0
L0119,Fintech Corp 392,fintech,107.0,organic,0.0,5,2,0.48,0,3.0,budget approved; ready to buy; compare vendors,1
L0656,Education Corp 399,education,290.0,webinar,1.0,4,3,0.24,0,12.0,student project; compare vendors; general information,0
L1976,Retail Corp 369,retail,266.0,cold_list,1.0,9,4,0.29,0,18.0,budget approved; request demo; curious about ai,0
L0635,Logistics Corp 148,logistics,34.0,cold_list,,4,1,0.44,0,46.0,newsletter; student project; implement this quarter,0
L0369,Healthcare Corp 154,healthcare,5.0,referral,2.0,2,0,0.07,0,3.0,general information; newsletter; send brochure,0
L0268,Logistics Corp 245,logistics,35.0,paid,,6,1,0.3,1,10.0,general information; compare vendors; just browsing,1
L0655,Manufacturing Corp 311,manufacturing,11.0,webinar,1.0,4,0,0.87,0,38.0,curious about ai; general information; newsletter,0
L0935,Logistics Corp 69,logistics,34.0,webinar,,3,1,0.28,0,1.0,ready to buy; general information; budget approved,0
L0822,Manufacturing Corp 170,manufacturing,54.0,webinar,1.0,2,1,0.07,0,10.0,just browsing; compare vendors; request demo,0
L0866,Education Corp 256,education,147.0,paid,2.0,2,1,0.29,0,80.0,general information; budget approved; student project,0
L0046,Manufacturing Corp 247,manufacturing,42.0,organic,1.0,0,3,0.5,0,18.0,newsletter; curious about ai; student project,1
L1373,Education Corp 244,education,41.0,paid,0.0,1,0,0.5,0,7.0,newsletter; just browsing; student project,0
L1767,Logistics Corp 105,logistics,336.0,webinar,1.0,4,1,0.31,0,7.0,student project; curious about ai; send brochure,0
L0991,Fintech Corp 135,fintech,796.0,webinar,1.0,3,2,0.54,0,43.0,curious about ai; student project; just browsing,0
L0876,Manufacturing Corp 236,manufacturing,356.0,organic,0.0,1,2,0.09,0,56.0,compare vendors; need pricing; ready to buy,0
L0773,Education Corp 320,education,1090.0,paid,1.0,4,2,0.36,0,80.0,general information; student project; just browsing,0
L1219,Logistics Corp 89,logistics,273.0,cold_list,3.0,6,3,0.34,0,23.0,general information; request demo; compare vendors,1
L1126,Retail Corp 170,retail,24.0,referral,0.0,4,2,0.34,0,23.0,ready to buy; general information; just browsing,0
L0004,Logistics Corp 213,logistics,46.0,organic,0.0,0,1,0.18,0,18.0,student project; newsletter; curious about ai,0
L1003,Logistics Corp 133,logistics,126.0,organic,1.0,7,4,0.49,1,3.0,implement this quarter; need pricing; ready to buy,1
L1783,Logistics Corp 63,logistics,41.0,organic,0.0,3,1,0.12,0,3.0,curious about ai; newsletter; compare vendors,0
L0263,Logistics Corp 302,logistics,43.0,webinar,3.0,3,3,0.26,0,8.0,implement this quarter; student project; just browsing,0
L1622,Education Corp 388,education,127.0,cold_list,,2,3,0.05,1,21.0,request demo; implement this quarter; budget approved,0
L1900,Retail Corp 61,retail,9.0,paid,3.0,5,1,0.39,0,3.0,just browsing; budget approved; ready to buy,0
L0443,Logistics Corp 240,logistics,43.0,cold_list,2.0,2,1,0.6,0,43.0,send brochure; newsletter; request demo,0
L1002,Logistics Corp 346,logistics,115.0,organic,0.0,6,6,0.28,1,19.0,request demo; ready to buy; compare vendors,1
L1077,Retail Corp 178,retail,20.0,organic,0.0,8,2,0.2,1,4.0,implement this quarter; just browsing; request demo,0
L0837,Healthcare Corp 212,healthcare,36.0,referral,1.0,6,2,0.29,1,0.0,student project; budget approved; newsletter,0
L1853,Fintech Corp 193,fintech,87.0,webinar,3.0,4,1,0.31,0,4.0,newsletter; student project; need pricing,0
L0304,Education Corp 329,education,204.0,referral,1.0,6,2,0.39,0,40.0,newsletter; implement this quarter; general information,0
L1365,Retail Corp 389,retail,12.0,paid,,5,1,0.47,0,19.0,general information; compare vendors; newsletter,0
L1610,Manufacturing Corp 210,manufacturing,,paid,1.0,6,0,0.41,0,38.0,newsletter; curious about ai; general information,0
L0313,Manufacturing Corp 93,manufacturing,9.0,paid,1.0,5,1,0.22,0,7.0,curious about ai; just browsing; student project,0
L0149,Logistics Corp 231,logistics,69.0,webinar,1.0,3,2,0.05,0,61.0,general information; curious about ai; newsletter,0
L1148,Retail Corp 217,retail,391.0,organic,2.0,7,1,0.65,1,4.0,implement this quarter; general information; curious about ai,0
L1213,Manufacturing Corp 148,manufacturing,,webinar,1.0,4,1,0.32,0,30.0,send brochure; just browsing; student project,1
L0574,Education Corp 374,education,49.0,cold_list,1.0,5,2,0.5,0,35.0,send brochure; student project; curious about ai,0
L0050,Logistics Corp 41,logistics,,cold_list,0.0,3,1,0.25,0,17.0,curious about ai; newsletter; request demo,0
L1605,Manufacturing Corp 162,manufacturing,253.0,webinar,0.0,6,3,0.47,0,5.0,just browsing; send brochure; compare vendors,1
L0726,Manufacturing Corp 325,manufacturing,75.0,referral,1.0,4,3,0.59,0,53.0,newsletter; compare vendors; need pricing,0
L0833,Fintech Corp 275,fintech,47.0,paid,1.0,3,2,0.32,0,3.0,ready to buy; need pricing; student project,0
L1377,Education Corp 177,education,,cold_list,3.0,3,1,0.15,0,32.0,curious about ai; newsletter; request demo,0
L1115,Logistics Corp 321,logistics,304.0,paid,,8,5,0.13,1,62.0,ready to buy; budget approved; implement this quarter,1
L1166,Education Corp 23,education,127.0,organic,0.0,4,3,0.69,1,3.0,budget approved; request demo; compare vendors,1
L0470,Manufacturing Corp 219,manufacturing,434.0,webinar,0.0,0,1,0.33,0,54.0,just browsing; ready to buy; student project,0
L0971,Logistics Corp 159,logistics,282.0,cold_list,3.0,3,3,0.55,0,12.0,send brochure; newsletter; general information,0
L0653,Manufacturing Corp 4,manufacturing,292.0,organic,3.0,6,6,0.33,1,9.0,need pricing; implement this quarter; request demo,1
L0399,Retail Corp 253,retail,21.0,organic,1.0,6,4,0.36,0,26.0,send brochure; implement this quarter; general information,0
L0511,Education Corp 87,education,56.0,cold_list,1.0,5,3,0.41,0,56.0,newsletter; budget approved; implement this quarter,0
L0320,Healthcare Corp 71,healthcare,5.0,organic,2.0,3,2,0.3,0,24.0,budget approved; compare vendors; just browsing,0
L0019,Fintech Corp 335,fintech,17.0,cold_list,0.0,2,1,0.45,0,14.0,budget approved; compare vendors; newsletter,0
L0684,Fintech Corp 114,fintech,46.0,webinar,2.0,5,3,0.32,1,0.0,budget approved; ready to buy; implement this quarter,1
L0035,Logistics Corp 66,logistics,165.0,organic,0.0,5,1,0.72,0,5.0,compare vendors; student project; curious about ai,0
L0902,Logistics Corp 100,logistics,,paid,3.0,6,1,0.34,0,1.0,compare vendors; implement this quarter; newsletter,0
L1840,Logistics Corp 394,logistics,80.0,referral,1.0,3,2,0.15,0,16.0,general information; just browsing; curious about ai,0
L0827,Manufacturing Corp 177,manufacturing,191.0,webinar,0.0,5,0,0.84,1,2.0,curious about ai; student project; newsletter,0
L1860,Retail Corp 387,retail,38.0,webinar,1.0,3,1,0.25,1,14.0,general information; compare vendors; student project,1
L0407,Education Corp 181,education,,webinar,1.0,5,1,0.21,1,46.0,curious about ai; just browsing; student project,0
L0920,Logistics Corp 238,logistics,5.0,paid,1.0,2,2,0.3,1,5.0,ready to buy; need pricing; budget approved,0
L0537,Logistics Corp 291,logistics,269.0,organic,0.0,5,3,0.16,0,22.0,budget approved; implement this quarter; need pricing,0
L0758,Logistics Corp 368,logistics,23.0,organic,3.0,6,7,0.37,0,2.0,implement this quarter; request demo; budget approved,1
L1973,Manufacturing Corp 239,manufacturing,15.0,webinar,3.0,3,1,0.35,0,11.0,send brochure; general information; just browsing,0
L1062,Manufacturing Corp 207,manufacturing,393.0,paid,1.0,1,1,0.63,0,4.0,general information; newsletter; just browsing,1
L1199,Fintech Corp 97,fintech,45.0,referral,2.0,11,3,0.31,1,25.0,budget approved; ready to buy; compare vendors,1
L0245,Education Corp 296,education,49.0,paid,0.0,4,1,0.15,0,10.0,curious about ai; just browsing; send brochure,0
L1416,Retail Corp 363,retail,,paid,0.0,2,0,0.6,1,8.0,ready to buy; curious about ai; send brochure,0
L1127,Fintech Corp 84,fintech,134.0,webinar,0.0,0,1,0.43,0,14.0,compare vendors; newsletter; send brochure,0
L0784,Healthcare Corp 9,healthcare,608.0,paid,3.0,2,0,0.66,0,37.0,curious about ai; just browsing; implement this quarter,0
L1803,Fintech Corp 103,fintech,167.0,referral,1.0,3,1,0.39,0,35.0,request demo; general information; compare vendors,0
L0489,Retail Corp 369,retail,289.0,webinar,1.0,4,2,0.25,0,57.0,just browsing; need pricing; budget approved,0
L0154,Logistics Corp 329,logistics,131.0,paid,0.0,2,2,0.38,0,2.0,curious about ai; send brochure; implement this quarter,0
L0961,Retail Corp 167,retail,772.0,webinar,0.0,4,4,0.38,1,23.0,ready to buy; budget approved; compare vendors,1
L0853,Healthcare Corp 396,healthcare,143.0,webinar,1.0,4,2,0.36,0,11.0,student project; general information; compare vendors,0
L1311,Healthcare Corp 22,healthcare,5.0,paid,1.0,4,5,0.78,0,1.0,budget approved; student project; request demo,1
L0625,Manufacturing Corp 176,manufacturing,27.0,paid,1.0,2,3,0.22,1,68.0,budget approved; curious about ai; implement this quarter,0
L0685,Manufacturing Corp 346,manufacturing,214.0,cold_list,0.0,1,0,0.24,0,21.0,just browsing; ready to buy; budget approved,0
L1614,Education Corp 31,education,301.0,webinar,3.0,6,2,0.4,0,13.0,send brochure; curious about ai; request demo,0
L0569,Retail Corp 286,retail,1166.0,organic,0.0,1,1,0.13,0,3.0,send brochure; student project; just browsing,0
L1977,Healthcare Corp 79,healthcare,157.0,webinar,1.0,3,3,0.3,0,14.0,compare vendors; budget approved; just browsing,0
L0017,Logistics Corp 1,logistics,114.0,webinar,1.0,3,1,0.08,0,11.0,newsletter; student project; curious about ai,0
L0127,Logistics Corp 201,logistics,22.0,paid,2.0,2,3,0.27,0,0.0,budget approved; request demo; implement this quarter,0
L1346,Retail Corp 259,retail,1451.0,organic,2.0,4,2,0.19,0,3.0,general information; send brochure; just browsing,0
L1279,Retail Corp 182,retail,53.0,organic,0.0,2,3,0.47,0,50.0,general information; newsletter; need pricing,0
D0039,manufacturing corporation 93,manufacturing,57.0,organic,0.0,1,1,0.68,0,22.0,just browsing; implement this quarter; general information,0
L0927,Education Corp 254,education,265.0,organic,2.0,5,1,0.36,0,18.0,compare vendors; general information; need pricing,0
L0980,Healthcare Corp 240,healthcare,5.0,referral,2.0,5,1,0.31,1,20.0,implement this quarter; send brochure; budget approved,0
D0035,logistics corporation 19,logistics,12.0,paid,1.0,3,5,0.35,1,47.0,need pricing; implement this quarter; compare vendors,0
L0190,Healthcare Corp 237,healthcare,40.0,paid,1.0,1,4,0.35,0,16.0,budget approved; curious about ai; request demo,0
L1139,Fintech Corp 66,fintech,1069.0,cold_list,0.0,2,1,0.39,0,5.0,need pricing; request demo; curious about ai,0
L0992,Education Corp 105,education,172.0,webinar,0.0,4,2,0.36,0,1.0,just browsing; send brochure; newsletter,0
D0026,logistics corporation 111,logistics,,webinar,0.0,6,1,0.3,0,25.0,newsletter; send brochure; budget approved,0
L1713,Healthcare Corp 247,healthcare,10.0,paid,0.0,2,0,0.24,0,13.0,send brochure; newsletter; student project,0
L0606,Education Corp 132,education,106.0,cold_list,1.0,4,1,0.33,1,27.0,budget approved; just browsing; need pricing,0
L0180,Healthcare Corp 380,healthcare,63.0,webinar,1.0,6,0,0.13,0,42.0,general information; curious about ai; send brochure,0
L0301,Logistics Corp 153,logistics,153.0,webinar,2.0,2,0,0.47,0,7.0,curious about ai; general information; request demo,0
L0496,Retail Corp 255,retail,,webinar,2.0,2,1,0.59,0,31.0,ready to buy; send brochure; need pricing,0
L1754,Manufacturing Corp 15,manufacturing,69.0,organic,1.0,4,3,0.66,0,19.0,just browsing; newsletter; need pricing,0
L1828,Healthcare Corp 331,healthcare,577.0,webinar,2.0,4,0,0.21,0,34.0,general information; student project; ready to buy,0
L1718,Fintech Corp 228,fintech,8.0,paid,1.0,5,7,0.37,0,57.0,ready to buy; request demo; compare vendors,0
L1692,Manufacturing Corp 218,manufacturing,60.0,paid,1.0,1,1,0.29,0,23.0,student project; send brochure; need pricing,0
L0517,Fintech Corp 343,fintech,152.0,paid,1.0,6,4,0.18,0,3.0,implement this quarter; just browsing; general information,0
L1396,Retail Corp 114,retail,,webinar,1.0,3,1,0.16,0,29.0,newsletter; budget approved; just browsing,0
L1069,Manufacturing Corp 303,manufacturing,80.0,referral,0.0,11,1,0.06,0,7.0,student project; just browsing; need pricing,0
L0476,Retail Corp 395,retail,378.0,organic,3.0,4,6,0.14,0,35.0,request demo; need pricing; budget approved,0
L0157,Fintech Corp 175,fintech,325.0,webinar,1.0,7,2,0.19,0,5.0,send brochure; curious about ai; student project,0
L1243,Logistics Corp 8,logistics,377.0,cold_list,2.0,5,1,0.25,0,47.0,send brochure; curious about ai; student project,0
L1195,Logistics Corp 381,logistics,141.0,organic,1.0,4,2,0.16,0,17.0,newsletter; ready to buy; just browsing,1
L0016,Retail Corp 76,retail,67.0,paid,2.0,6,1,0.44,0,26.0,curious about ai; implement this quarter; ready to buy,1
L1535,Retail Corp 279,retail,21.0,paid,1.0,5,0,0.07,0,19.0,general information; compare vendors; newsletter,0
L1072,Retail Corp 103,retail,17.0,webinar,,4,0,0.05,0,10.0,send brochure; student project; just browsing,0
D0042,education corporation 68,education,55.0,organic,0.0,2,1,0.28,0,30.0,curious about ai; just browsing; send brochure,0
L0546,Manufacturing Corp 324,manufacturing,137.0,cold_list,,5,1,0.31,0,7.0,implement this quarter; curious about ai; send brochure,0
L1539,Retail Corp 54,retail,647.0,organic,1.0,5,5,0.01,1,8.0,budget approved; request demo; need pricing,1
L0658,Retail Corp 241,retail,60.0,organic,1.0,1,2,0.65,0,13.0,student project; general information; just browsing,0
L1679,Retail Corp 267,retail,80.0,cold_list,1.0,3,1,0.16,0,3.0,general information; newsletter; budget approved,0
L1019,Retail Corp 182,retail,116.0,webinar,1.0,6,1,0.42,0,13.0,send brochure; just browsing; newsletter,0
L1719,Education Corp 152,education,17.0,organic,3.0,5,2,0.68,1,10.0,ready to buy; request demo; just browsing,0
L1504,Education Corp 99,education,271.0,webinar,0.0,4,2,0.86,0,44.0,newsletter; curious about ai; student project,0
L0959,Retail Corp 192,retail,158.0,paid,,2,1,0.53,0,1.0,general information; newsletter; compare vendors,0
L1950,Healthcare Corp 136,healthcare,2393.0,paid,3.0,4,0,0.23,0,8.0,general information; curious about ai; just browsing,0
L0283,Manufacturing Corp 37,manufacturing,31.0,referral,1.0,1,1,0.24,0,2.0,ready to buy; send brochure; curious about ai,1
L1632,Fintech Corp 276,fintech,,organic,1.0,6,2,0.58,0,1.0,student project; just browsing; request demo,0
L0797,Logistics Corp 118,logistics,12.0,webinar,0.0,5,1,0.38,1,9.0,just browsing; send brochure; need pricing,1
L1680,Fintech Corp 308,fintech,19.0,webinar,0.0,5,0,0.47,0,43.0,newsletter; just browsing; student project,0
L0225,Healthcare Corp 109,healthcare,1568.0,webinar,0.0,3,0,0.14,0,2.0,ready to buy; send brochure; newsletter,0
L0026,Retail Corp 188,retail,48.0,organic,1.0,7,4,0.47,1,21.0,request demo; need pricing; just browsing,1
L1832,Retail Corp 295,retail,105.0,webinar,0.0,7,4,0.09,1,6.0,implement this quarter; request demo; compare vendors,1
L0437,Retail Corp 149,retail,11.0,paid,,1,0,0.55,0,0.0,curious about ai; just browsing; newsletter,0
D0019,retail corporation 54,retail,122.0,referral,1.0,3,0,0.62,0,21.0,just browsing; ready to buy; newsletter,0
L1388,Healthcare Corp 86,healthcare,275.0,webinar,1.0,3,0,0.18,0,10.0,send brochure; newsletter; just browsing,0
L0229,Logistics Corp 155,logistics,10.0,webinar,2.0,1,4,0.11,0,15.0,compare vendors; budget approved; implement this quarter,1
L0037,Retail Corp 352,retail,134.0,organic,1.0,1,0,0.2,0,2.0,general information; send brochure; ready to buy,0
L0749,Education Corp 150,education,131.0,paid,1.0,4,2,0.18,0,10.0,curious about ai; need pricing; just browsing,0
L1045,Manufacturing Corp 217,manufacturing,505.0,cold_list,1.0,3,0,0.48,0,4.0,curious about ai; newsletter; general information,1
L1398,Retail Corp 378,retail,35.0,organic,1.0,11,9,0.46,1,34.0,implement this quarter; ready to buy; need pricing,1
L0469,Retail Corp 228,retail,113.0,paid,0.0,5,0,0.07,0,6.0,just browsing; student project; send brochure,0
L1904,Fintech Corp 20,fintech,166.0,referral,0.0,5,2,0.09,0,7.0,budget approved; just browsing; newsletter,0
D0038,fintech corporation 164,fintech,158.0,webinar,1.0,1,3,0.45,0,12.0,curious about ai; compare vendors; ready to buy,0
L0687,Healthcare Corp 318,healthcare,28.0,paid,0.0,7,4,0.27,0,25.0,need pricing; request demo; ready to buy,0
L1909,Healthcare Corp 391,healthcare,11.0,paid,0.0,2,0,0.85,0,11.0,student project; newsletter; general information,0
L0639,Education Corp 99,education,12.0,cold_list,1.0,3,0,0.29,0,16.0,general information; student project; need pricing,0
L1771,Education Corp 192,education,134.0,paid,1.0,2,0,0.11,0,4.0,newsletter; send brochure; curious about ai,0
L1218,Fintech Corp 324,fintech,105.0,cold_list,1.0,4,1,0.16,0,23.0,just browsing; general information; curious about ai,0
L1158,Retail Corp 51,retail,,cold_list,0.0,4,1,0.31,0,3.0,request demo; ready to buy; send brochure,0
L1415,Education Corp 189,education,71.0,referral,3.0,5,4,0.38,0,4.0,budget approved; compare vendors; request demo,1
L1527,Retail Corp 300,retail,353.0,cold_list,,3,4,0.34,0,7.0,need pricing; just browsing; request demo,1
L1711,Manufacturing Corp 25,manufacturing,101.0,referral,1.0,3,1,0.35,0,5.0,send brochure; ready to buy; need pricing,0
L1300,Logistics Corp 118,logistics,155.0,webinar,0.0,3,1,0.1,0,0.0,curious about ai; general information; just browsing,0
L1887,Logistics Corp 386,logistics,146.0,webinar,0.0,4,1,0.52,0,21.0,just browsing; request demo; newsletter,0
L0800,Fintech Corp 77,fintech,,paid,3.0,6,3,0.19,0,1.0,request demo; need pricing; general information,0
L1603,Education Corp 389,education,212.0,organic,1.0,4,1,0.43,0,59.0,general information; just browsing; ready to buy,0
L0160,Logistics Corp 176,logistics,71.0,webinar,,3,2,0.62,1,10.0,general information; need pricing; compare vendors,0
L0956,Education Corp 306,education,1158.0,organic,1.0,3,0,0.28,0,2.0,student project; implement this quarter; just browsing,0
L1186,Manufacturing Corp 222,manufacturing,5122.0,paid,,8,4,0.3,0,1.0,newsletter; budget approved; just browsing,0
L0821,Retail Corp 231,retail,205.0,organic,1.0,6,3,0.58,0,15.0,student project; send brochure; implement this quarter,0
L1739,Education Corp 234,education,,paid,1.0,4,2,0.42,0,29.0,send brochure; curious about ai; just browsing,0
L0877,Manufacturing Corp 376,manufacturing,351.0,webinar,0.0,6,0,0.34,0,39.0,student project; curious about ai; newsletter,0
L0913,Healthcare Corp 310,healthcare,108.0,organic,1.0,2,1,0.48,0,1.0,newsletter; student project; send brochure,0
L0152,Logistics Corp 182,logistics,25.0,paid,1.0,7,4,0.48,0,1.0,general information; send brochure; ready to buy,0
L1902,Education Corp 332,education,101.0,organic,1.0,5,1,0.43,0,25.0,curious about ai; implement this quarter; compare vendors,0
L1838,Education Corp 116,education,254.0,webinar,0.0,4,0,0.48,0,51.0,send brochure; student project; general information,0
L0509,Logistics Corp 270,logistics,40.0,referral,,5,2,0.2,0,44.0,compare vendors; need pricing; ready to buy,0
L1135,Manufacturing Corp 141,manufacturing,498.0,referral,0.0,4,3,0.72,0,6.0,request demo; student project; budget approved,1
L1250,Logistics Corp 221,logistics,64.0,referral,1.0,7,5,0.25,0,26.0,student project; budget approved; implement this quarter,1
L1721,Manufacturing Corp 23,manufacturing,25.0,paid,0.0,3,1,0.45,0,30.0,newsletter; general information; compare vendors,0
L0103,Healthcare Corp 303,healthcare,45.0,organic,1.0,2,1,0.11,0,49.0,general information; just browsing; newsletter,0
L1445,Retail Corp 330,retail,167.0,cold_list,2.0,5,3,0.52,1,33.0,budget approved; need pricing; ready to buy,1
L1443,Logistics Corp 223,logistics,9.0,webinar,2.0,3,0,0.33,0,43.0,newsletter; budget approved; student project,0
L1799,Fintech Corp 42,fintech,74.0,referral,0.0,6,4,0.31,0,26.0,compare vendors; general information; send brochure,0
L0586,Logistics Corp 80,logistics,169.0,referral,0.0,6,1,0.52,0,6.0,send brochure; newsletter; student project,1
L1830,Retail Corp 108,retail,20.0,webinar,3.0,4,4,0.29,0,33.0,just browsing; implement this quarter; budget approved,0
L1696,Logistics Corp 28,logistics,139.0,referral,1.0,3,0,0.29,0,51.0,implement this quarter; send brochure; just browsing,0
L1143,Education Corp 384,education,1363.0,webinar,1.0,3,5,0.5,0,4.0,ready to buy; request demo; student project,0
L0053,Fintech Corp 46,fintech,467.0,organic,2.0,4,5,0.41,1,1.0,request demo; compare vendors; budget approved,1
L0151,Healthcare Corp 148,healthcare,615.0,webinar,1.0,13,6,0.18,0,3.0,implement this quarter; budget approved; need pricing,1
L0403,Logistics Corp 288,logistics,479.0,paid,1.0,3,2,0.25,0,5.0,general information; student project; curious about ai,0
D0013,healthcare corporation 339,healthcare,226.0,webinar,1.0,6,4,0.67,0,6.0,ready to buy; newsletter; send brochure,1
L0207,Fintech Corp 35,fintech,540.0,referral,1.0,4,0,0.67,0,2.0,just browsing; student project; ready to buy,0
L1963,Logistics Corp 305,logistics,133.0,referral,1.0,1,0,0.18,0,5.0,student project; just browsing; newsletter,0
L1682,Fintech Corp 125,fintech,565.0,cold_list,1.0,8,4,0.56,0,7.0,implement this quarter; just browsing; ready to buy,1
L1122,Education Corp 207,education,11.0,paid,1.0,8,4,0.12,1,2.0,compare vendors; need pricing; request demo,1
L1811,Retail Corp 121,retail,331.0,paid,1.0,6,3,0.09,1,51.0,compare vendors; ready to buy; need pricing,1
L0008,Logistics Corp 59,logistics,73.0,cold_list,1.0,1,4,0.23,1,12.0,need pricing; implement this quarter; request demo,1
L1014,Manufacturing Corp 93,manufacturing,95.0,webinar,0.0,2,2,0.54,0,24.0,general information; need pricing; student project,0
L1859,Manufacturing Corp 155,manufacturing,443.0,webinar,1.0,7,1,0.16,0,3.0,just browsing; general information; curious about ai,1
L1060,Healthcare Corp 120,healthcare,,paid,0.0,3,0,0.3,0,4.0,budget approved; need pricing; send brochure,0
L0452,Fintech Corp 164,fintech,63.0,organic,0.0,4,1,0.32,1,11.0,ready to buy; budget approved; compare vendors,0
L1675,Healthcare Corp 249,healthcare,256.0,paid,2.0,5,1,0.04,1,11.0,request demo; send brochure; student project,0
L0253,Manufacturing Corp 178,manufacturing,220.0,cold_list,1.0,6,1,0.8,0,27.0,student project; send brochure; general information,0
L1327,Retail Corp 148,retail,48.0,webinar,0.0,6,6,0.71,1,7.0,implement this quarter; need pricing; request demo,1
L0896,Manufacturing Corp 358,manufacturing,639.0,paid,2.0,4,3,0.28,0,9.0,compare vendors; newsletter; request demo,1
L1794,Healthcare Corp 246,healthcare,539.0,organic,1.0,5,1,0.32,0,5.0,compare vendors; just browsing; general information,0
L0880,Manufacturing Corp 19,manufacturing,87.0,webinar,3.0,5,1,0.1,0,4.0,budget approved; student project; compare vendors,0
L1595,Fintech Corp 330,fintech,38.0,paid,1.0,4,2,0.13,0,10.0,need pricing; just browsing; budget approved,0
L1957,Logistics Corp 2,logistics,54.0,paid,1.0,3,1,0.5,0,92.0,curious about ai; general information; student project,0
L0623,Retail Corp 209,retail,516.0,referral,1.0,2,4,0.11,0,6.0,implement this quarter; ready to buy; send brochure,0
L0345,Education Corp 143,education,53.0,organic,1.0,1,0,0.43,0,73.0,send brochure; implement this quarter; just browsing,0
L1761,Logistics Corp 67,logistics,270.0,organic,0.0,2,1,0.71,0,2.0,newsletter; just browsing; send brochure,0
L0262,Manufacturing Corp 332,manufacturing,88.0,paid,2.0,3,5,0.84,0,17.0,implement this quarter; request demo; compare vendors,1
L1634,Healthcare Corp 235,healthcare,49.0,organic,2.0,4,3,0.06,1,3.0,compare vendors; request demo; budget approved,0
L1321,Retail Corp 351,retail,347.0,webinar,0.0,3,1,0.59,1,7.0,curious about ai; newsletter; student project,0
L1438,Healthcare Corp 84,healthcare,26.0,webinar,0.0,4,1,0.3,0,8.0,need pricing; newsletter; general information,0
L0150,Education Corp 105,education,51.0,referral,3.0,3,0,0.36,0,3.0,student project; just browsing; general information,0
L0472,Logistics Corp 268,logistics,,organic,1.0,5,3,0.34,0,2.0,general information; ready to buy; curious about ai,1
L0640,Fintech Corp 286,fintech,34.0,paid,1.0,3,3,0.2,0,0.0,implement this quarter; request demo; general information,0
L0871,Logistics Corp 285,logistics,1091.0,organic,2.0,3,2,0.73,0,10.0,student project; newsletter; just browsing,1
L1951,Logistics Corp 114,logistics,13.0,organic,1.0,6,2,0.3,0,43.0,just browsing; compare vendors; general information,0
L0550,Retail Corp 366,retail,329.0,organic,1.0,3,0,0.09,0,30.0,send brochure; student project; ready to buy,0
L1841,Retail Corp 80,retail,12.0,cold_list,1.0,3,2,0.31,0,44.0,student project; just browsing; curious about ai,0
L0928,Retail Corp 396,retail,438.0,webinar,,1,0,0.16,0,34.0,general information; newsletter; curious about ai,0
L0488,Retail Corp 62,retail,260.0,cold_list,1.0,5,0,0.44,0,34.0,general information; send brochure; curious about ai,0
L1734,Education Corp 133,education,575.0,cold_list,0.0,4,4,0.38,1,1.0,curious about ai; ready to buy; need pricing,0
L1875,Education Corp 134,education,28.0,organic,2.0,2,1,0.07,0,20.0,curious about ai; implement this quarter; general information,0
L1171,Fintech Corp 28,fintech,94.0,referral,0.0,4,4,0.55,1,4.0,implement this quarter; student project; budget approved,1
L0146,Manufacturing Corp 382,manufacturing,11.0,organic,1.0,4,2,0.23,0,0.0,newsletter; budget approved; implement this quarter,0
L1763,Logistics Corp 142,logistics,180.0,paid,2.0,4,0,0.56,0,21.0,newsletter; need pricing; just browsing,0
L1999,Retail Corp 315,retail,,webinar,1.0,4,1,0.24,0,3.0,just browsing; student project; send brochure,0
L0402,Education Corp 95,education,152.0,cold_list,0.0,1,1,0.32,0,27.0,budget approved; just browsing; student project,0
L0954,Healthcare Corp 211,healthcare,202.0,webinar,1.0,1,3,0.62,1,36.0,budget approved; compare vendors; need pricing,0
L1947,Healthcare Corp 293,healthcare,14.0,organic,0.0,2,2,0.25,0,41.0,budget approved; send brochure; general information,0
L0659,Manufacturing Corp 373,manufacturing,9.0,webinar,1.0,2,1,0.19,0,11.0,newsletter; budget approved; just browsing,0
L1372,Manufacturing Corp 305,manufacturing,108.0,organic,0.0,4,1,0.35,0,23.0,send brochure; newsletter; general information,0
L0463,Manufacturing Corp 164,manufacturing,222.0,cold_list,0.0,1,3,0.58,0,5.0,general information; request demo; compare vendors,0
L1349,Logistics Corp 282,logistics,5514.0,paid,3.0,0,1,0.03,1,19.0,need pricing; implement this quarter; just browsing,1
L0186,Manufacturing Corp 165,manufacturing,65.0,webinar,0.0,9,2,0.79,0,11.0,budget approved; implement this quarter; student project,0
L1147,Education Corp 28,education,275.0,organic,0.0,2,2,0.78,0,18.0,send brochure; request demo; just browsing,0
L1224,Logistics Corp 41,logistics,163.0,cold_list,0.0,6,2,0.43,0,23.0,need pricing; budget approved; newsletter,0
L0608,Fintech Corp 265,fintech,886.0,referral,3.0,3,2,0.34,1,32.0,implement this quarter; request demo; compare vendors,0
L0143,Retail Corp 33,retail,9.0,organic,0.0,6,3,0.2,0,14.0,need pricing; student project; budget approved,0
L0751,Manufacturing Corp 394,manufacturing,167.0,organic,1.0,5,3,0.24,1,24.0,need pricing; budget approved; newsletter,1
L1534,Logistics Corp 178,logistics,73.0,paid,2.0,8,2,0.38,0,32.0,budget approved; curious about ai; send brochure,0
L0981,Education Corp 28,education,10.0,referral,0.0,5,1,0.08,0,17.0,implement this quarter; curious about ai; send brochure,0
L0197,Education Corp 345,education,33.0,cold_list,3.0,3,1,0.15,0,2.0,general information; send brochure; ready to buy,1
L1633,Fintech Corp 320,fintech,35.0,webinar,1.0,7,3,0.29,0,8.0,student project; send brochure; curious about ai,0
L0883,Retail Corp 73,retail,,paid,,1,0,0.5,0,0.0,send brochure; newsletter; budget approved,0
L0279,Education Corp 245,education,30.0,paid,1.0,2,1,0.26,1,47.0,compare vendors; ready to buy; need pricing,0
L0293,Logistics Corp 359,logistics,93.0,organic,2.0,5,3,0.33,0,16.0,implement this quarter; budget approved; compare vendors,0
L1888,Education Corp 222,education,1103.0,organic,0.0,3,1,0.3,1,63.0,compare vendors; need pricing; student project,0
L0400,Manufacturing Corp 2,manufacturing,6.0,referral,2.0,6,2,0.2,1,17.0,request demo; need pricing; ready to buy,0
L0122,Logistics Corp 178,logistics,107.0,paid,1.0,6,2,0.29,0,46.0,request demo; newsletter; send brochure,0
L1207,Retail Corp 177,retail,205.0,paid,,3,0,0.3,0,17.0,curious about ai; newsletter; just browsing,0
L0202,Retail Corp 230,retail,35.0,webinar,0.0,6,3,0.53,0,2.0,need pricing; budget approved; compare vendors,0
L1462,Logistics Corp 365,logistics,340.0,organic,1.0,8,2,0.42,0,30.0,curious about ai; newsletter; just browsing,1
L0835,Retail Corp 278,retail,681.0,cold_list,3.0,7,2,0.54,0,37.0,student project; implement this quarter; curious about ai,1
L0246,Fintech Corp 11,fintech,79.0,organic,2.0,4,4,0.09,0,18.0,ready to buy; student project; budget approved,0
L1439,Healthcare Corp 71,healthcare,212.0,organic,0.0,2,0,0.48,0,52.0,general information; implement this quarter; student project,0
L1733,Manufacturing Corp 363,manufacturing,3024.0,organic,1.0,4,2,0.5,0,10.0,student project; general information; send brochure,0
L1814,Education Corp 397,education,264.0,paid,1.0,4,1,0.36,0,40.0,send brochure; general information; just browsing,0
L1970,Manufacturing Corp 142,manufacturing,,cold_list,1.0,9,2,0.15,0,9.0,request demo; send brochure; compare vendors,0
L1707,Manufacturing Corp 253,manufacturing,57.0,webinar,0.0,3,1,0.45,0,25.0,curious about ai; just browsing; send brochure,1
L1949,Healthcare Corp 179,healthcare,12.0,cold_list,0.0,7,2,0.42,0,8.0,general information; send brochure; request demo,0
L1153,Logistics Corp 216,logistics,19.0,webinar,0.0,5,3,0.49,1,4.0,send brochure; implement this quarter; budget approved,1
L1661,Fintech Corp 307,fintech,468.0,paid,1.0,4,2,0.15,1,11.0,general information; send brochure; request demo,1
L1426,Logistics Corp 10,logistics,152.0,webinar,1.0,1,0,0.26,1,21.0,general information; student project; just browsing,0
L0384,Manufacturing Corp 168,manufacturing,298.0,organic,,0,0,0.41,0,52.0,general information; newsletter; curious about ai,0
L1855,Healthcare Corp 171,healthcare,141.0,organic,3.0,2,2,0.03,0,48.0,request demo; need pricing; curious about ai,0
L1759,Healthcare Corp 369,healthcare,36.0,referral,3.0,4,1,0.51,0,39.0,implement this quarter; general information; curious about ai,0
L0854,Logistics Corp 169,logistics,17.0,cold_list,0.0,7,3,0.07,0,52.0,compare vendors; request demo; curious about ai,0
L1589,Logistics Corp 291,logistics,,referral,1.0,6,2,0.21,0,23.0,newsletter; general information; just browsing,0
L0219,Manufacturing Corp 120,manufacturing,154.0,paid,0.0,6,4,0.75,0,14.0,ready to buy; just browsing; need pricing,1
L0641,Education Corp 102,education,497.0,organic,1.0,1,3,0.33,0,5.0,need pricing; student project; send brochure,0
L0001,Retail Corp 270,retail,324.0,cold_list,1.0,7,2,0.43,0,14.0,compare vendors; send brochure; newsletter,1
L0112,Manufacturing Corp 81,manufacturing,95.0,webinar,1.0,3,1,0.16,0,17.0,student project; need pricing; compare vendors,0
L0698,Fintech Corp 179,fintech,34.0,paid,1.0,2,0,0.49,0,13.0,budget approved; just browsing; compare vendors,0
L1985,Healthcare Corp 95,healthcare,116.0,cold_list,0.0,3,3,0.26,0,12.0,newsletter; ready to buy; budget approved,0
L0951,Manufacturing Corp 258,manufacturing,439.0,webinar,2.0,3,4,0.78,0,11.0,send brochure; student project; newsletter,1
L1648,Healthcare Corp 205,healthcare,662.0,cold_list,2.0,2,1,0.28,0,21.0,student project; curious about ai; send brochure,0
L1636,Manufacturing Corp 350,manufacturing,573.0,referral,2.0,4,1,0.2,0,34.0,budget approved; curious about ai; request demo,0
L1809,Logistics Corp 313,logistics,91.0,organic,2.0,4,4,0.42,0,6.0,send brochure; compare vendors; curious about ai,1
L1410,Education Corp 124,education,19.0,referral,1.0,3,3,0.33,0,63.0,curious about ai; just browsing; request demo,0
L1409,Fintech Corp 52,fintech,187.0,webinar,0.0,5,2,0.33,1,37.0,budget approved; need pricing; request demo,0
L1533,Fintech Corp 270,fintech,112.0,organic,0.0,4,1,0.1,0,30.0,newsletter; budget approved; just browsing,0
L1291,Fintech Corp 258,fintech,33.0,organic,1.0,6,5,0.28,0,1.0,curious about ai; newsletter; general information,0
L1872,Healthcare Corp 143,healthcare,134.0,referral,1.0,2,1,0.09,0,17.0,student project; newsletter; implement this quarter,0
L0441,Logistics Corp 178,logistics,56.0,organic,0.0,4,2,0.16,1,39.0,implement this quarter; send brochure; budget approved,0
L1520,Manufacturing Corp 89,manufacturing,220.0,cold_list,3.0,4,3,0.17,0,29.0,student project; curious about ai; just browsing,0
L1136,Retail Corp 263,retail,42.0,cold_list,1.0,2,3,0.33,0,7.0,implement this quarter; need pricing; general information,1
L1715,Education Corp 266,education,188.0,organic,1.0,1,0,0.28,0,34.0,general information; send brochure; curious about ai,0
L1256,Fintech Corp 22,fintech,92.0,paid,1.0,1,0,0.53,0,7.0,student project; general information; just browsing,0
L1930,Fintech Corp 303,fintech,107.0,paid,1.0,6,4,0.69,0,20.0,implement this quarter; need pricing; budget approved,1
L1631,Education Corp 281,education,26.0,cold_list,3.0,3,2,0.44,0,3.0,compare vendors; newsletter; student project,0
L1695,Retail Corp 162,retail,638.0,paid,2.0,7,1,0.3,1,27.0,general information; newsletter; curious about ai,0
L1397,Healthcare Corp 16,healthcare,291.0,paid,1.0,3,0,0.22,1,3.0,implement this quarter; compare vendors; budget approved,0
L0663,Logistics Corp 28,logistics,37.0,paid,0.0,2,0,0.24,0,4.0,just browsing; curious about ai; implement this quarter,0
L1901,Logistics Corp 399,logistics,22.0,organic,1.0,3,2,0.61,1,35.0,budget approved; need pricing; curious about ai,1
L1257,Education Corp 263,education,248.0,cold_list,,3,2,0.1,0,24.0,student project; curious about ai; budget approved,0
L1835,Logistics Corp 59,logistics,54.0,organic,0.0,2,0,0.29,1,21.0,implement this quarter; student project; newsletter,0
L1700,Healthcare Corp 74,healthcare,156.0,cold_list,2.0,6,2,0.53,0,12.0,general information; compare vendors; just browsing,0
L0317,Fintech Corp 124,fintech,226.0,organic,,6,0,0.29,0,10.0,student project; need pricing; compare vendors,0
L0648,Fintech Corp 342,fintech,130.0,organic,0.0,4,2,0.19,0,1.0,general information; need pricing; budget approved,0
L1434,Logistics Corp 242,logistics,51.0,organic,2.0,3,1,0.23,0,41.0,general information; just browsing; student project,0
L1479,Retail Corp 228,retail,19.0,cold_list,1.0,6,1,0.56,0,2.0,send brochure; general information; curious about ai,0
L0709,Retail Corp 212,retail,57.0,referral,1.0,4,2,0.22,0,86.0,just browsing; general information; need pricing,0
L1382,Retail Corp 351,retail,188.0,organic,1.0,3,0,0.24,0,17.0,just browsing; send brochure; student project,0
L1282,Retail Corp 8,retail,261.0,paid,2.0,5,4,0.16,0,1.0,curious about ai; budget approved; general information,0
L1768,Logistics Corp 134,logistics,325.0,webinar,1.0,6,4,0.53,0,3.0,ready to buy; budget approved; compare vendors,1
L0972,Logistics Corp 157,logistics,,paid,,4,0,0.03,0,72.0,general information; just browsing; send brochure,0
L0627,Logistics Corp 170,logistics,89.0,referral,1.0,1,1,0.4,0,26.0,just browsing; newsletter; general information,0
L0632,Logistics Corp 363,logistics,622.0,referral,,5,2,0.76,0,1.0,request demo; send brochure; implement this quarter,1
L1306,Retail Corp 95,retail,24.0,cold_list,1.0,3,0,0.07,0,12.0,curious about ai; compare vendors; general information,0
L1400,Retail Corp 334,retail,5.0,organic,1.0,4,1,0.14,0,35.0,general information; student project; send brochure,0
L1408,Education Corp 120,education,30.0,paid,2.0,4,4,0.43,0,6.0,just browsing; implement this quarter; compare vendors,0
L1248,Healthcare Corp 159,healthcare,418.0,webinar,0.0,6,2,0.07,0,3.0,budget approved; send brochure; student project,0
D0023,education corporation 28,education,34.0,webinar,0.0,4,0,0.5,0,5.0,curious about ai; newsletter; send brochure,0
L1254,Logistics Corp 174,logistics,49.0,organic,1.0,3,1,0.2,0,23.0,compare vendors; newsletter; just browsing,0
L1496,Education Corp 190,education,249.0,webinar,0.0,5,1,0.56,0,7.0,send brochure; general information; compare vendors,0
L1371,Healthcare Corp 249,healthcare,213.0,organic,0.0,3,2,0.63,0,3.0,newsletter; curious about ai; request demo,0
L1529,Manufacturing Corp 286,manufacturing,,cold_list,0.0,5,0,0.38,0,20.0,curious about ai; send brochure; need pricing,0
L1663,Logistics Corp 304,logistics,156.0,cold_list,1.0,1,1,0.32,0,18.0,student project; ready to buy; curious about ai,0
L1354,Education Corp 16,education,56.0,webinar,1.0,6,2,0.62,0,12.0,send brochure; general information; newsletter,0
L1821,Retail Corp 259,retail,31.0,paid,0.0,5,4,0.29,0,4.0,general information; implement this quarter; curious about ai,0
L1996,Manufacturing Corp 299,manufacturing,2206.0,organic,,5,2,0.54,0,18.0,just browsing; general information; request demo,0
L1969,Retail Corp 82,retail,101.0,paid,0.0,4,2,0.19,0,44.0,general information; student project; newsletter,0
L1643,Logistics Corp 373,logistics,10.0,organic,1.0,3,2,0.31,1,33.0,need pricing; request demo; implement this quarter,1
L1915,Logistics Corp 247,logistics,102.0,paid,0.0,4,2,0.25,0,24.0,student project; curious about ai; send brochure,0
L0795,Manufacturing Corp 258,manufacturing,165.0,organic,1.0,1,3,0.23,0,3.0,budget approved; general information; ready to buy,0
L0645,Education Corp 336,education,49.0,organic,1.0,6,3,0.1,0,7.0,newsletter; budget approved; just browsing,0
L1012,Retail Corp 211,retail,41.0,webinar,0.0,7,4,0.38,0,14.0,just browsing; send brochure; compare vendors,0
L1905,Retail Corp 107,retail,21.0,organic,2.0,3,2,0.66,1,25.0,need pricing; curious about ai; send brochure,0
L0556,Manufacturing Corp 3,manufacturing,915.0,organic,0.0,2,1,0.68,0,22.0,send brochure; curious about ai; just browsing,0
L0681,Logistics Corp 378,logistics,65.0,webinar,,1,1,0.29,0,3.0,compare vendors; budget approved; implement this quarter,0
L0577,Retail Corp 266,retail,137.0,paid,1.0,10,2,0.46,0,1.0,curious about ai; compare vendors; student project,0
L1819,Fintech Corp 262,fintech,,webinar,1.0,9,4,0.44,0,22.0,send brochure; newsletter; general information,1
L1109,Logistics Corp 89,logistics,68.0,organic,0.0,5,1,0.9,0,16.0,newsletter; send brochure; student project,0
L1266,Logistics Corp 285,logistics,111.0,organic,0.0,5,1,0.4,0,6.0,just browsing; general information; newsletter,0
L1722,Fintech Corp 79,fintech,220.0,cold_list,0.0,4,2,0.23,0,17.0,ready to buy; budget approved; request demo,0
L1183,Logistics Corp 102,logistics,200.0,organic,0.0,4,6,0.51,0,29.0,request demo; compare vendors; ready to buy,1
L0524,Logistics Corp 47,logistics,69.0,organic,1.0,5,1,0.32,1,43.0,ready to buy; general information; implement this quarter,0
L1059,Fintech Corp 287,fintech,359.0,organic,0.0,4,3,0.21,1,5.0,request demo; ready to buy; implement this quarter,0
L0540,Healthcare Corp 78,healthcare,1761.0,cold_list,1.0,3,2,0.51,0,30.0,general information; curious about ai; just browsing,0
L1194,Education Corp 110,education,136.0,webinar,2.0,5,1,0.22,0,26.0,send brochure; request demo; implement this quarter,1
L1678,Education Corp 277,education,84.0,organic,0.0,6,2,0.45,0,28.0,request demo; ready to buy; general information,0
L0748,Education Corp 377,education,465.0,organic,0.0,3,1,0.13,0,18.0,general information; just browsing; implement this quarter,0
L1918,Retail Corp 139,retail,21.0,webinar,2.0,3,1,0.25,0,15.0,send brochure; curious about ai; newsletter,0
L1430,Healthcare Corp 268,healthcare,173.0,cold_list,3.0,6,4,0.28,0,7.0,budget approved; curious about ai; implement this quarter,0
L0484,Logistics Corp 274,logistics,84.0,organic,0.0,7,2,0.32,0,55.0,just browsing; general information; student project,0
L1757,Healthcare Corp 60,healthcare,82.0,paid,2.0,5,0,0.24,0,91.0,student project; general information; curious about ai,0
L0095,Fintech Corp 313,fintech,270.0,organic,1.0,6,3,0.36,1,7.0,request demo; curious about ai; need pricing,0
L1020,Healthcare Corp 391,healthcare,150.0,organic,2.0,6,2,0.55,1,8.0,budget approved; need pricing; student project,0
L0563,Fintech Corp 176,fintech,205.0,paid,1.0,2,0,0.38,0,22.0,curious about ai; just browsing; student project,0
L1264,Retail Corp 352,retail,366.0,paid,1.0,7,2,0.54,0,9.0,request demo; general information; curious about ai,0
L0742,Education Corp 57,education,120.0,referral,0.0,2,0,0.34,0,1.0,student project; general information; send brochure,0
L0863,Retail Corp 17,retail,265.0,organic,1.0,4,3,0.09,0,9.0,ready to buy; just browsing; curious about ai,1
L1598,Education Corp 133,education,11.0,referral,1.0,8,1,0.03,0,13.0,general information; curious about ai; newsletter,0
L1714,Manufacturing Corp 65,manufacturing,119.0,cold_list,0.0,3,0,0.13,0,2.0,budget approved; just browsing; student project,0
L1484,Fintech Corp 67,fintech,1215.0,organic,0.0,2,0,0.48,0,21.0,general information; newsletter; just browsing,0
L0891,Healthcare Corp 190,healthcare,48.0,cold_list,2.0,3,0,0.13,0,0.0,student project; just browsing; curious about ai,0
L1577,Education Corp 87,education,544.0,paid,3.0,3,2,0.35,0,0.0,request demo; implement this quarter; general information,1
L1881,Fintech Corp 275,fintech,211.0,cold_list,0.0,4,1,0.12,1,5.0,send brochure; need pricing; ready to buy,0
L1038,Retail Corp 233,retail,2225.0,organic,0.0,4,1,0.49,1,86.0,student project; request demo; newsletter,0
L0206,Logistics Corp 71,logistics,29.0,referral,3.0,4,2,0.18,1,15.0,ready to buy; student project; implement this quarter,1
L0392,Retail Corp 316,retail,40.0,webinar,3.0,5,2,0.04,0,20.0,implement this quarter; need pricing; send brochure,1
L0794,Logistics Corp 279,logistics,,organic,0.0,5,3,0.44,0,2.0,student project; curious about ai; implement this quarter,0
L0870,Fintech Corp 337,fintech,86.0,organic,1.0,2,2,0.21,0,25.0,curious about ai; newsletter; student project,0
L0397,Manufacturing Corp 289,manufacturing,95.0,organic,,4,3,0.27,1,1.0,request demo; budget approved; implement this quarter,1
L0766,Logistics Corp 317,logistics,532.0,referral,0.0,3,1,0.22,0,12.0,student project; newsletter; just browsing,0
L1907,Logistics Corp 252,logistics,,organic,1.0,3,3,0.51,0,7.0,need pricing; general information; request demo,0
L1241,Manufacturing Corp 295,manufacturing,18.0,organic,1.0,4,0,0.44,0,58.0,just browsing; newsletter; student project,0
L1028,Fintech Corp 61,fintech,139.0,webinar,3.0,4,3,0.64,0,4.0,student project; need pricing; general information,0
L1792,Logistics Corp 260,logistics,321.0,organic,0.0,0,0,0.74,0,28.0,student project; general information; curious about ai,0
L0642,Logistics Corp 148,logistics,144.0,webinar,0.0,2,0,0.37,0,23.0,budget approved; just browsing; compare vendors,0
L1960,Fintech Corp 256,fintech,72.0,cold_list,1.0,6,6,0.23,0,6.0,request demo; implement this quarter; need pricing,0
L0612,Healthcare Corp 207,healthcare,176.0,cold_list,2.0,1,1,0.33,0,24.0,need pricing; curious about ai; send brochure,0
L1762,Logistics Corp 208,logistics,177.0,referral,1.0,2,1,0.41,1,18.0,budget approved; request demo; compare vendors,1
L0960,Retail Corp 286,retail,1246.0,organic,1.0,7,3,0.76,0,34.0,just browsing; curious about ai; general information,0
L1570,Manufacturing Corp 69,manufacturing,764.0,referral,2.0,3,1,0.43,1,2.0,budget approved; compare vendors; need pricing,1
L0725,Logistics Corp 387,logistics,494.0,referral,1.0,3,3,0.26,1,30.0,ready to buy; request demo; implement this quarter,1
L1982,Education Corp 134,education,183.0,organic,1.0,4,1,0.27,1,7.0,send brochure; need pricing; request demo,0
L0683,Retail Corp 362,retail,236.0,organic,2.0,6,0,0.22,1,5.0,just browsing; curious about ai; compare vendors,0
L0098,Logistics Corp 69,logistics,4083.0,paid,0.0,5,1,0.32,0,4.0,just browsing; newsletter; curious about ai,0
L0804,Logistics Corp 263,logistics,309.0,webinar,1.0,4,0,0.36,0,11.0,send brochure; newsletter; budget approved,0
L1751,Logistics Corp 365,logistics,,organic,0.0,2,2,0.21,0,25.0,request demo; student project; implement this quarter,0
L1597,Logistics Corp 341,logistics,,organic,0.0,5,0,0.05,0,18.0,curious about ai; just browsing; student project,0
L0406,Manufacturing Corp 179,manufacturing,27.0,organic,2.0,5,2,0.04,0,60.0,just browsing; send brochure; curious about ai,0
L0502,Healthcare Corp 249,healthcare,45.0,paid,0.0,5,2,0.6,0,3.0,student project; newsletter; send brochure,0
L1071,Fintech Corp 318,fintech,259.0,paid,1.0,1,2,0.34,0,13.0,need pricing; budget approved; send brochure,0
L1056,Healthcare Corp 328,healthcare,63.0,organic,,0,0,0.49,0,16.0,curious about ai; need pricing; general information,0
L0929,Fintech Corp 185,fintech,99.0,paid,2.0,3,2,0.33,0,3.0,just browsing; send brochure; newsletter,0
L0779,Education Corp 130,education,,paid,1.0,5,2,0.63,0,14.0,need pricing; compare vendors; student project,0
L1863,Retail Corp 318,retail,756.0,organic,1.0,9,1,0.31,0,9.0,budget approved; student project; request demo,0
L0200,Education Corp 148,education,217.0,paid,1.0,7,0,0.25,1,24.0,need pricing; implement this quarter; newsletter,0
L0134,Retail Corp 320,retail,183.0,organic,1.0,2,1,0.36,0,2.0,need pricing; just browsing; ready to buy,0
L1051,Logistics Corp 10,logistics,,organic,0.0,4,3,0.23,0,40.0,ready to buy; student project; compare vendors,0
L0040,Retail Corp 330,retail,166.0,webinar,2.0,5,0,0.41,0,70.0,just browsing; curious about ai; student project,0
L1017,Education Corp 142,education,96.0,paid,2.0,1,1,0.37,0,7.0,implement this quarter; general information; compare vendors,0
L0230,Logistics Corp 129,logistics,102.0,paid,0.0,0,2,0.19,0,72.0,compare vendors; request demo; just browsing,0
L1513,Fintech Corp 310,fintech,631.0,referral,0.0,3,2,0.25,0,22.0,general information; send brochure; curious about ai,0
L1796,Retail Corp 170,retail,44.0,cold_list,0.0,3,2,0.2,0,16.0,ready to buy; student project; send brochure,0
L0378,Manufacturing Corp 346,manufacturing,95.0,webinar,1.0,6,4,0.46,1,32.0,general information; implement this quarter; budget approved,1
L0288,Retail Corp 194,retail,339.0,referral,0.0,4,1,0.11,0,9.0,budget approved; need pricing; compare vendors,0
L0418,Logistics Corp 256,logistics,789.0,paid,2.0,6,3,0.49,0,2.0,just browsing; curious about ai; send brochure,0
L1698,Healthcare Corp 138,healthcare,253.0,cold_list,1.0,2,2,0.02,0,5.0,student project; curious about ai; just browsing,0
L0391,Logistics Corp 228,logistics,79.0,referral,1.0,3,2,0.54,0,3.0,send brochure; compare vendors; general information,0
L0592,Manufacturing Corp 191,manufacturing,1376.0,referral,2.0,6,4,0.11,1,26.0,budget approved; need pricing; implement this quarter,1
L1522,Healthcare Corp 300,healthcare,74.0,referral,3.0,6,0,0.54,0,4.0,newsletter; just browsing; general information,0
L1162,Education Corp 273,education,,webinar,2.0,2,0,0.29,1,1.0,just browsing; curious about ai; implement this quarter,1
L1086,Education Corp 261,education,85.0,organic,1.0,5,1,0.49,0,71.0,send brochure; student project; general information,0
L1495,Fintech Corp 27,fintech,13.0,organic,1.0,4,1,0.49,1,43.0,ready to buy; budget approved; request demo,0
L0647,Retail Corp 242,retail,89.0,organic,0.0,2,1,0.39,0,3.0,implement this quarter; request demo; compare vendors,0
L1152,Logistics Corp 53,logistics,118.0,webinar,0.0,5,2,0.07,0,10.0,student project; send brochure; general information,1
L1367,Logistics Corp 234,logistics,123.0,referral,0.0,8,0,0.29,0,4.0,send brochure; ready to buy; student project,0
L0520,Education Corp 280,education,104.0,organic,2.0,5,1,0.59,0,10.0,request demo; curious about ai; implement this quarter,0
L1862,Healthcare Corp 284,healthcare,126.0,referral,0.0,5,1,0.15,0,0.0,implement this quarter; ready to buy; budget approved,0
L1880,Retail Corp 243,retail,144.0,referral,1.0,6,2,0.58,0,6.0,general information; curious about ai; just browsing,0
L0064,Fintech Corp 6,fintech,185.0,organic,3.0,3,0,0.07,0,47.0,just browsing; request demo; curious about ai,0
L1836,Logistics Corp 204,logistics,745.0,referral,1.0,3,1,0.1,0,3.0,newsletter; student project; just browsing,1
L0014,Retail Corp 225,retail,280.0,organic,1.0,5,3,0.48,0,5.0,just browsing; need pricing; curious about ai,1
L1180,Fintech Corp 326,fintech,23.0,webinar,3.0,4,3,0.12,0,39.0,compare vendors; just browsing; send brochure,0
L1064,Manufacturing Corp 47,manufacturing,7.0,cold_list,1.0,4,1,0.42,0,42.0,compare vendors; need pricing; general information,1
L0492,Fintech Corp 279,fintech,55.0,referral,0.0,5,1,0.15,0,8.0,send brochure; general information; implement this quarter,0
L0379,Fintech Corp 141,fintech,53.0,webinar,,1,0,0.32,0,44.0,newsletter; just browsing; curious about ai,0
L0187,Logistics Corp 210,logistics,3345.0,organic,1.0,2,2,0.06,0,2.0,curious about ai; student project; compare vendors,0
L0763,Logistics Corp 35,logistics,384.0,organic,0.0,4,0,0.12,0,14.0,send brochure; student project; just browsing,0
L0216,Logistics Corp 191,logistics,25.0,organic,2.0,4,0,0.16,0,1.0,newsletter; curious about ai; send brochure,0
L1945,Healthcare Corp 224,healthcare,229.0,organic,0.0,3,0,0.44,0,8.0,student project; curious about ai; newsletter,0
L0791,Manufacturing Corp 71,manufacturing,388.0,cold_list,2.0,3,2,0.48,0,19.0,send brochure; implement this quarter; curious about ai,0
L1076,Retail Corp 135,retail,209.0,referral,3.0,1,0,0.18,0,22.0,send brochure; just browsing; student project,0
L0878,Fintech Corp 288,fintech,27.0,organic,3.0,4,2,0.48,1,38.0,need pricing; request demo; compare vendors,1
L0337,Fintech Corp 94,fintech,475.0,webinar,0.0,4,2,0.77,0,15.0,send brochure; compare vendors; curious about ai,0
L1772,Fintech Corp 202,fintech,226.0,paid,1.0,6,1,0.34,0,12.0,general information; curious about ai; just browsing,0
L0719,Healthcare Corp 250,healthcare,73.0,webinar,,7,5,0.2,1,6.0,need pricing; ready to buy; request demo,1
L1748,Retail Corp 346,retail,36.0,cold_list,2.0,4,2,0.39,0,27.0,ready to buy; compare vendors; curious about ai,0
L0295,Healthcare Corp 303,healthcare,26.0,paid,0.0,3,1,0.56,0,0.0,implement this quarter; student project; budget approved,0
L1725,Logistics Corp 32,logistics,44.0,webinar,1.0,6,2,0.3,0,13.0,send brochure; student project; compare vendors,0
L1016,Fintech Corp 25,fintech,93.0,organic,,5,6,0.15,0,25.0,implement this quarter; general information; need pricing,0
L1275,Manufacturing Corp 319,manufacturing,56.0,webinar,2.0,4,0,0.19,0,64.0,curious about ai; general information; newsletter,0
L1750,Fintech Corp 385,fintech,74.0,organic,0.0,6,4,0.49,0,16.0,compare vendors; request demo; ready to buy,0
L1485,Logistics Corp 350,logistics,1309.0,paid,0.0,2,2,0.37,1,7.0,compare vendors; implement this quarter; request demo,0
L0455,Logistics Corp 193,logistics,,webinar,,5,3,0.27,1,48.0,ready to buy; budget approved; compare vendors,1
D0058,logistics corporation 132,logistics,398.0,cold_list,,6,1,0.26,1,2.0,just browsing; need pricing; request demo,0
L0815,Healthcare Corp 256,healthcare,350.0,paid,1.0,4,3,0.19,0,23.0,curious about ai; send brochure; student project,0
L1886,Logistics Corp 23,logistics,89.0,organic,0.0,7,0,0.48,1,68.0,compare vendors; send brochure; curious about ai,0
L0269,Logistics Corp 275,logistics,24.0,cold_list,1.0,2,1,0.19,0,5.0,ready to buy; just browsing; general information,0
L0995,Retail Corp 119,retail,22.0,webinar,3.0,3,1,0.3,0,22.0,send brochure; curious about ai; student project,0
L0201,Healthcare Corp 149,healthcare,153.0,organic,,4,2,0.49,0,4.0,general information; newsletter; just browsing,1
L0161,Healthcare Corp 80,healthcare,108.0,paid,0.0,2,2,0.22,1,33.0,compare vendors; ready to buy; budget approved,0
L1579,Education Corp 52,education,,referral,0.0,4,1,0.29,0,26.0,curious about ai; send brochure; ready to buy,0
L0729,Retail Corp 6,retail,14.0,webinar,1.0,6,3,0.36,0,12.0,budget approved; newsletter; student project,0
L0401,Healthcare Corp 363,healthcare,121.0,paid,0.0,2,1,0.3,0,9.0,implement this quarter; general information; compare vendors,0
L0702,Logistics Corp 181,logistics,29.0,organic,0.0,4,5,0.35,0,15.0,just browsing; send brochure; curious about ai,0
L1500,Fintech Corp 199,fintech,33.0,organic,0.0,8,3,0.23,0,20.0,request demo; compare vendors; send brochure,0
L1845,Fintech Corp 377,fintech,66.0,referral,1.0,5,2,0.38,0,7.0,ready to buy; curious about ai; send brochure,0
L1795,Manufacturing Corp 118,manufacturing,69.0,organic,0.0,4,1,0.37,0,7.0,student project; budget approved; newsletter,0
L1129,Healthcare Corp 340,healthcare,54.0,organic,3.0,3,3,0.41,0,2.0,ready to buy; curious about ai; request demo,1
L0565,Fintech Corp 237,fintech,75.0,organic,3.0,4,0,0.27,0,5.0,general information; just browsing; send brochure,0
L1413,Healthcare Corp 233,healthcare,148.0,referral,0.0,3,0,0.36,0,5.0,curious about ai; budget approved; implement this quarter,0
L1021,Fintech Corp 247,fintech,36.0,webinar,1.0,4,4,0.53,0,3.0,just browsing; curious about ai; request demo,1
L1025,Manufacturing Corp 242,manufacturing,89.0,cold_list,2.0,4,2,0.42,0,9.0,student project; just browsing; general information,0
L1411,Healthcare Corp 377,healthcare,103.0,paid,1.0,3,3,0.15,0,61.0,compare vendors; need pricing; request demo,0
L1895,Logistics Corp 382,logistics,215.0,referral,1.0,5,3,0.14,0,9.0,general information; send brochure; need pricing,1
L1585,Healthcare Corp 336,healthcare,125.0,referral,0.0,2,1,0.12,0,7.0,student project; send brochure; request demo,0
L1955,Healthcare Corp 389,healthcare,577.0,referral,2.0,6,3,0.13,0,16.0,general information; just browsing; request demo,1
L1104,Logistics Corp 368,logistics,66.0,webinar,1.0,5,1,0.18,0,20.0,just browsing; general information; student project,0
L0205,Manufacturing Corp 230,manufacturing,51.0,paid,3.0,3,3,0.37,0,16.0,compare vendors; need pricing; budget approved,0
L0034,Retail Corp 273,retail,17.0,webinar,0.0,5,1,0.31,0,7.0,request demo; student project; compare vendors,0
L1966,Fintech Corp 108,fintech,66.0,referral,0.0,6,1,0.37,0,9.0,implement this quarter; just browsing; ready to buy,0
L0775,Education Corp 1,education,22.0,organic,1.0,7,3,0.13,0,32.0,send brochure; implement this quarter; curious about ai,0
L0508,Retail Corp 213,retail,,paid,0.0,3,0,0.27,1,23.0,ready to buy; student project; implement this quarter,0
L1451,Fintech Corp 233,fintech,,webinar,1.0,7,3,0.32,0,4.0,need pricing; curious about ai; implement this quarter,0
L1478,Retail Corp 357,retail,114.0,webinar,2.0,3,0,0.16,1,2.0,need pricing; request demo; ready to buy,0
D0041,fintech corporation 86,fintech,152.0,paid,2.0,8,1,0.39,0,81.0,request demo; general information; just browsing,0
L1390,Healthcare Corp 190,healthcare,74.0,webinar,3.0,4,1,0.6,0,19.0,ready to buy; budget approved; just browsing,0
L0091,Fintech Corp 161,fintech,235.0,organic,0.0,2,2,0.22,0,8.0,compare vendors; newsletter; budget approved,0
L1363,Logistics Corp 87,logistics,435.0,organic,0.0,1,0,0.53,0,50.0,student project; just browsing; send brochure,0
L0897,Logistics Corp 371,logistics,589.0,organic,2.0,3,0,0.67,0,14.0,newsletter; just browsing; student project,0
L0564,Fintech Corp 19,fintech,11.0,organic,0.0,3,3,0.42,1,1.0,curious about ai; need pricing; general information,0
L1369,Manufacturing Corp 56,manufacturing,325.0,webinar,1.0,3,1,0.26,0,2.0,student project; send brochure; just browsing,0
L0776,Fintech Corp 391,fintech,18.0,organic,1.0,6,2,0.2,1,30.0,newsletter; general information; send brochure,1
L0241,Education Corp 233,education,79.0,referral,2.0,2,2,0.33,0,21.0,student project; curious about ai; compare vendors,0
L0013,Education Corp 5,education,57.0,webinar,,5,2,0.47,0,34.0,student project; general information; curious about ai,0
L0315,Manufacturing Corp 248,manufacturing,,paid,2.0,5,4,0.33,1,50.0,implement this quarter; newsletter; need pricing,0
L0600,Retail Corp 43,retail,61.0,organic,0.0,2,2,0.2,1,74.0,request demo; curious about ai; need pricing,0
L0387,Healthcare Corp 132,healthcare,7.0,paid,1.0,3,2,0.37,0,23.0,budget approved; curious about ai; compare vendors,0
L1297,Logistics Corp 95,logistics,16.0,paid,0.0,3,2,0.06,1,7.0,curious about ai; student project; compare vendors,0
L0166,Education Corp 76,education,105.0,webinar,0.0,2,1,0.09,0,18.0,student project; general information; just browsing,0
L0840,Logistics Corp 51,logistics,239.0,cold_list,1.0,1,1,0.26,0,14.0,just browsing; ready to buy; curious about ai,0
L0020,Fintech Corp 278,fintech,271.0,webinar,0.0,7,2,0.38,0,9.0,newsletter; send brochure; general information,1
L0646,Logistics Corp 255,logistics,623.0,paid,0.0,12,2,0.47,0,20.0,student project; general information; curious about ai,1
L1842,Logistics Corp 99,logistics,25.0,organic,3.0,3,0,0.53,1,9.0,request demo; need pricing; general information,1
L1508,Logistics Corp 254,logistics,,organic,0.0,1,1,0.06,0,15.0,newsletter; curious about ai; student project,0
L1154,Retail Corp 206,retail,35.0,organic,3.0,4,1,0.12,0,6.0,need pricing; just browsing; budget approved,0
L1528,Logistics Corp 165,logistics,546.0,paid,0.0,5,1,0.09,1,1.0,need pricing; newsletter; curious about ai,1
L0831,Retail Corp 341,retail,101.0,webinar,0.0,3,4,0.29,0,2.0,curious about ai; ready to buy; budget approved,0
L1267,Healthcare Corp 375,healthcare,11.0,referral,2.0,2,2,0.12,0,25.0,need pricing; ready to buy; compare vendors,0
L1590,Logistics Corp 131,logistics,43.0,organic,1.0,1,1,0.25,0,5.0,general information; just browsing; ready to buy,0
L1899,Logistics Corp 339,logistics,112.0,organic,,3,2,0.23,0,11.0,curious about ai; just browsing; budget approved,1
L0562,Education Corp 246,education,643.0,webinar,0.0,4,2,0.32,0,19.0,just browsing; student project; general information,0
D0022,manufacturing corporation 334,manufacturing,473.0,organic,1.0,3,0,0.38,0,6.0,general information; newsletter; student project,0
L0686,Retail Corp 375,retail,89.0,paid,3.0,1,0,0.4,0,47.0,just browsing; request demo; newsletter,0
L0957,Retail Corp 29,retail,99.0,paid,2.0,6,3,0.18,0,37.0,newsletter; curious about ai; student project,0
L0189,Manufacturing Corp 66,manufacturing,39.0,organic,2.0,8,2,0.63,0,13.0,general information; request demo; newsletter,0
L1806,Logistics Corp 379,logistics,267.0,paid,2.0,3,1,0.71,1,65.0,implement this quarter; compare vendors; budget approved,0
L0975,Fintech Corp 268,fintech,38.0,paid,0.0,3,2,0.12,0,5.0,budget approved; need pricing; curious about ai,0
L0699,Manufacturing Corp 238,manufacturing,97.0,cold_list,1.0,3,1,0.33,0,1.0,student project; general information; send brochure,0
L1499,Fintech Corp 295,fintech,665.0,paid,,2,2,0.07,0,110.0,newsletter; general information; ready to buy,0
L1705,Healthcare Corp 278,healthcare,101.0,referral,,3,0,0.01,0,63.0,curious about ai; newsletter; student project,0
L0510,Logistics Corp 116,logistics,36.0,paid,0.0,6,1,0.14,0,3.0,compare vendors; student project; implement this quarter,0
L1082,Healthcare Corp 90,healthcare,88.0,webinar,1.0,4,2,0.14,1,2.0,need pricing; compare vendors; request demo,0
L0474,Manufacturing Corp 102,manufacturing,1063.0,cold_list,0.0,3,2,0.56,0,9.0,request demo; send brochure; implement this quarter,0
L1584,Fintech Corp 195,fintech,35.0,referral,1.0,4,1,0.07,0,23.0,ready to buy; just browsing; send brochure,0
L0856,Fintech Corp 317,fintech,62.0,organic,2.0,2,2,0.08,0,16.0,newsletter; implement this quarter; student project,0
L0747,Retail Corp 184,retail,295.0,webinar,2.0,0,3,0.76,0,16.0,student project; request demo; implement this quarter,1
L0252,Retail Corp 123,retail,176.0,paid,1.0,3,0,0.49,0,1.0,curious about ai; compare vendors; student project,0
L0021,Manufacturing Corp 149,manufacturing,8.0,organic,3.0,3,2,0.06,0,21.0,general information; send brochure; ready to buy,0
L1337,Retail Corp 75,retail,52.0,referral,1.0,5,1,0.35,0,38.0,curious about ai; general information; send brochure,0
L0459,Fintech Corp 126,fintech,421.0,paid,1.0,0,0,0.53,0,6.0,student project; implement this quarter; just browsing,0
L1184,Logistics Corp 185,logistics,,organic,1.0,8,1,0.33,0,5.0,just browsing; implement this quarter; send brochure,0
L0276,Manufacturing Corp 87,manufacturing,25.0,organic,0.0,4,2,0.37,0,6.0,newsletter; send brochure; general information,0
L0955,Healthcare Corp 259,healthcare,53.0,referral,2.0,4,3,0.25,0,25.0,send brochure; implement this quarter; just browsing,0
L1215,Retail Corp 354,retail,397.0,organic,1.0,6,1,0.62,1,0.0,request demo; compare vendors; ready to buy,1
L0385,Healthcare Corp 360,healthcare,681.0,organic,1.0,4,1,0.41,0,9.0,ready to buy; implement this quarter; send brochure,0
L0805,Logistics Corp 38,logistics,40.0,referral,0.0,1,0,0.21,1,10.0,send brochure; budget approved; curious about ai,0
L1437,Retail Corp 66,retail,35.0,cold_list,0.0,6,1,0.25,0,2.0,budget approved; general information; just browsing,0
L1515,Manufacturing Corp 346,manufacturing,13.0,cold_list,0.0,6,2,0.21,0,47.0,general information; curious about ai; newsletter,0
L0343,Retail Corp 199,retail,51.0,organic,0.0,4,2,0.17,0,14.0,just browsing; student project; curious about ai,0
L0769,Fintech Corp 194,fintech,46.0,organic,0.0,1,0,0.46,0,7.0,curious about ai; student project; general information,0
L1685,Manufacturing Corp 74,manufacturing,,webinar,2.0,6,2,0.11,1,6.0,general information; need pricing; request demo,0
L0130,Logistics Corp 329,logistics,273.0,cold_list,1.0,1,1,0.54,0,7.0,need pricing; send brochure; student project,0
L1482,Retail Corp 115,retail,113.0,paid,0.0,2,3,0.73,0,9.0,compare vendors; general information; just browsing,0
L0330,Fintech Corp 107,fintech,159.0,referral,1.0,6,4,0.5,0,10.0,send brochure; implement this quarter; student project,1
L1238,Logistics Corp 146,logistics,21.0,organic,0.0,1,3,0.21,0,10.0,newsletter; need pricing; student project,0
L0466,Fintech Corp 185,fintech,69.0,webinar,,5,1,0.22,0,6.0,general information; send brochure; newsletter,0
L1638,Manufacturing Corp 106,manufacturing,178.0,webinar,1.0,4,0,0.44,1,30.0,curious about ai; general information; newsletter,0
L1095,Manufacturing Corp 239,manufacturing,363.0,organic,2.0,7,3,0.9,1,51.0,request demo; need pricing; budget approved,1
L1130,Healthcare Corp 324,healthcare,260.0,organic,0.0,4,0,0.62,0,32.0,budget approved; general information; just browsing,0
L1294,Manufacturing Corp 371,manufacturing,127.0,organic,0.0,7,3,0.66,0,36.0,student project; request demo; curious about ai,0
L0860,Fintech Corp 374,fintech,50.0,webinar,1.0,5,4,0.07,0,17.0,curious about ai; budget approved; send brochure,0
