mode,seed,otd,avg_late,total_cost,freight,penalty,overtime,hold,human,touches,msgs,comm_s,coord_peak,peak_node,hs_err,jain,air,makespan
static,0,0.5,3.0833333333333335,63222.93605202461,51500.0,10323.736052024622,0.0,535.1999999999882,864.0,6.0,0,0.0,0,0,0.0,0.912712542900314,0,25.350000000000225
static,1,0.3333333333333333,4.5,81186.06544799684,61500.0,18227.66544799684,0.0,594.3999999999874,864.0,6.0,0,0.0,0,0,0.16666666666666666,0.8971388647536113,0,27.500000000000256
static,2,0.6666666666666666,1.6666666666666667,68015.64238181328,61000.0,5559.242381813275,0.0,592.399999999995,864.0,6.0,0,0.0,0,0,0.0,0.9326501442097389,0,20.500000000000156
static,3,0.5833333333333334,2.6666666666666665,60465.49325667781,48300.0,10777.893256677815,0.0,523.5999999999931,864.0,6.0,0,0.0,0,0,0.16666666666666666,0.9339994213645798,0,25.05000000000022
static,4,1.0,0.0,56978.799999999996,55600.0,0.0,0.0,514.7999999999953,864.0,6.0,0,0.0,0,0,0.0,0.9231949718332383,0,20.65000000000016
static,5,0.5,3.0833333333333335,63153.15969835135,52200.0,9608.759698351356,0.0,480.39999999999316,864.0,6.0,0,0.0,0,0,0.08333333333333333,0.9321470131883307,0,23.850000000000204
static,6,0.8333333333333334,0.8333333333333334,67671.16666407017,63200.0,3007.566664070177,0.0,599.5999999999963,864.0,6.0,0,0.0,0,0,0.0,0.9081152689706943,0,20.70000000000016
static,7,0.5833333333333334,2.0833333333333335,60478.70519483056,54000.0,4981.105194830568,0.0,633.5999999999914,864.0,6.0,0,0.0,0,0,0.0,0.9332840267076232,0,25.10000000000022
static,8,0.8333333333333334,0.8333333333333334,57574.8784872985,53600.0,2692.4784872985065,0.0,418.3999999999962,864.0,6.0,0,0.0,0,0,0.0,0.9196513861905482,0,19.30000000000014
static,9,0.5833333333333334,2.0833333333333335,71050.28283639817,64800.0,4860.682836398175,0.0,525.5999999999937,864.0,6.0,0,0.0,0,0,0.0,0.9196062757998416,0,21.150000000000166
static,10,0.6666666666666666,2.25,67275.60544102294,60500.0,5415.205441022951,0.0,496.3999999999953,864.0,6.0,0,0.0,0,0,0.0,0.9284538608023601,0,18.450000000000127
static,11,0.4166666666666667,4.083333333333333,61132.25441607626,49300.0,10495.054416076271,0.0,473.1999999999891,864.0,6.0,0,0.0,0,0,0.25,0.8865067663326951,0,28.750000000000274
static,12,0.5,2.5,67528.18740484443,58500.0,7486.987404844427,0.0,677.1999999999957,864.0,6.0,0,0.0,0,0,0.16666666666666666,0.9342291611894421,0,18.800000000000132
static,13,0.6666666666666666,1.6666666666666667,69450.1638695223,62600.0,5433.3638695223,0.0,552.7999999999921,864.0,6.0,0,0.0,0,0,0.08333333333333333,0.9188490743187158,0,24.90000000000022
static,14,0.5,2.5,47677.33668887632,40500.0,5789.336688876326,0.0,523.9999999999931,864.0,6.0,0,0.0,0,0,0.25,0.9227255003806191,0,22.700000000000188
static,15,0.75,1.25,68540.3537699275,63900.0,3284.753769927508,0.0,491.5999999999955,864.0,6.0,0,0.0,0,0,0.08333333333333333,0.9160518230032121,0,17.25000000000011
static,16,0.3333333333333333,3.3333333333333335,62597.64874156794,51700.0,9415.64874156794,0.0,617.9999999999926,864.0,6.0,0,0.0,0,0,0.08333333333333333,0.943535417996029,0,25.450000000000227
static,17,0.4166666666666667,2.9166666666666665,59083.214886836766,48400.0,9250.814886836768,0.0,568.3999999999924,864.0,6.0,0,0.0,0,0,0.0,0.9298762741965256,0,21.100000000000165
static,18,0.5833333333333334,2.6666666666666665,72586.08006435494,62000.0,9211.280064354962,0.0,510.7999999999923,864.0,6.0,0,0.0,0,0,0.16666666666666666,0.9035126542031159,0,21.150000000000166
static,19,0.5,3.0833333333333335,65075.96778198073,54300.0,9394.367781980742,0.0,517.5999999999941,864.0,6.0,0,0.0,0,0,0.08333333333333333,0.9117451405955277,0,18.350000000000126
static,20,0.75,1.25,55705.17135290108,51200.0,3128.3713529010856,0.0,512.7999999999928,864.0,6.0,0,0.0,0,0,0.08333333333333333,0.9381654781672375,0,26.30000000000024
static,21,0.5833333333333334,2.0833333333333335,60430.54791106827,52500.0,6530.547911068279,0.0,535.9999999999923,864.0,6.0,0,0.0,0,0,0.3333333333333333,0.9295542056229613,0,21.950000000000177
static,22,0.75,1.25,58674.68763324979,54200.0,2979.087633249792,0.0,631.599999999996,864.0,6.0,0,0.0,0,0,0.0,0.9305161566604466,0,17.85000000000012
static,23,0.4166666666666667,5.25,75209.27443891838,54800.0,18923.274438918394,0.0,621.9999999999856,864.0,6.0,0,0.0,0,0,0.08333333333333333,0.863644926336672,0,31.550000000000313
static,24,0.6666666666666666,2.8333333333333335,57775.91287795885,47000.0,9311.512877958852,0.0,600.3999999999909,864.0,6.0,0,0.0,0,0,0.08333333333333333,0.9328274281868604,0,22.650000000000187
static,25,0.75,1.25,54804.27992627662,51400.0,2049.8799262766283,0.0,490.3999999999945,864.0,6.0,0,0.0,0,0,0.0,0.9411789428921441,0,20.15000000000015
static,26,0.8333333333333334,0.8333333333333334,51856.3710980248,49000.0,1577.5710980248036,0.0,414.799999999996,864.0,6.0,0,0.0,0,0,0.25,0.8919360271824256,0,19.600000000000144
static,27,0.6666666666666666,2.25,66308.2668287341,56300.0,8652.666828734098,0.0,491.5999999999909,864.0,6.0,0,0.0,0,0,0.0,0.9432827285574825,0,22.550000000000185
static,28,0.75,1.25,56970.171140453924,52700.0,2938.971140453931,0.0,467.19999999999243,864.0,6.0,0,0.0,0,0,0.0,0.9425011687701732,0,24.150000000000208
static,29,0.75,1.8333333333333333,61929.75710784343,53300.0,7160.957107843434,0.0,604.7999999999945,864.0,6.0,0,0.0,0,0,0.0,0.9191346989178688,0,18.400000000000126
static,30,0.6666666666666666,1.6666666666666667,52089.30533278124,48100.0,2582.105332781246,0.0,543.199999999993,864.0,6.0,0,0.0,0,0,0.08333333333333333,0.9544893309319491,0,21.200000000000166
static,31,0.5,2.5,60590.98888291363,51800.0,7376.588882913635,0.0,550.3999999999919,864.0,6.0,0,0.0,0,0,0.0,0.928861878869216,0,21.700000000000173
static,32,0.8333333333333334,0.8333333333333334,38756.303942207094,36500.0,944.703942207093,0.0,447.59999999999576,864.0,6.0,0,0.0,0,0,0.0,0.9051868971224267,0,19.150000000000137
static,33,0.5833333333333334,2.0833333333333335,54099.913412136455,47400.0,5178.313412136454,0.0,657.5999999999959,864.0,6.0,0,0.0,0,0,0.16666666666666666,0.9069906046455848,0,18.65000000000013
static,34,0.5833333333333334,2.0833333333333335,53842.47990863195,46600.0,5860.879908631953,0.0,517.5999999999915,864.0,6.0,0,0.0,0,0,0.0,0.9386685093941342,0,22.600000000000186
static,35,0.75,1.25,55857.63832090318,51300.0,3212.43832090319,0.0,481.1999999999929,864.0,6.0,0,0.0,0,0,0.0,0.9325965462740142,0,20.500000000000156
static,36,0.6666666666666666,1.6666666666666667,59420.948615488436,53800.0,4177.748615488442,0.0,579.1999999999985,864.0,6.0,0,0.0,0,0,0.0,0.9152411574271053,0,14.850000000000076
static,37,0.8333333333333334,0.8333333333333334,61025.064148292455,56900.0,2814.2641482924596,0.0,446.79999999999563,864.0,6.0,0,0.0,0,0,0.0,0.9081238759484672,0,16.4500000000001
static,38,0.4166666666666667,3.5,57935.74621137527,50400.0,6062.946211375274,0.0,608.7999999999943,864.0,6.0,0,0.0,0,0,0.08333333333333333,0.921887147412301,0,19.750000000000146
static,39,0.8333333333333334,0.8333333333333334,52643.355989607044,49600.0,1663.3559896070503,0.0,515.9999999999953,864.0,6.0,0,0.0,0,0,0.0,0.9484237192230641,0,19.40000000000014
static,40,0.5833333333333334,3.25,66465.45104251063,44700.0,20367.05104251063,0.0,534.3999999999943,864.0,6.0,0,0.0,0,0,0.16666666666666666,0.9177881576714362,0,21.40000000000017
static,41,0.8333333333333334,0.8333333333333334,63112.11294692841,58600.0,3093.3129469284204,0.0,554.799999999996,864.0,6.0,0,0.0,0,0,0.0,0.8913864037869705,0,19.750000000000146
static,42,0.5,4.833333333333333,74586.60074739109,49800.0,23453.4007473911,0.0,469.19999999998856,864.0,6.0,0,0.0,0,0,0.08333333333333333,0.8927146241006206,0,33.25000000000025
static,43,0.5833333333333334,2.0833333333333335,59871.2049663388,53200.0,5143.204966338812,0.0,663.9999999999949,864.0,6.0,0,0.0,0,0,0.16666666666666666,0.915547663340522,0,20.500000000000156
static,44,0.75,1.8333333333333333,60814.15906460533,48900.0,10535.359064605338,0.0,514.7999999999928,864.0,6.0,0,0.0,0,0,0.16666666666666666,0.9220760464888341,0,21.850000000000176
static,45,0.75,1.25,64051.896170023116,58900.0,3788.6961700231286,0.0,499.199999999993,864.0,6.0,0,0.0,0,0,0.0,0.8934812735817612,0,25.00000000000022
static,46,0.75,1.8333333333333333,49551.86135511861,36700.0,11520.261355118622,0.0,467.5999999999933,864.0,6.0,0,0.0,0,0,0.08333333333333333,0.9201656127979191,0,22.05000000000018
static,47,0.75,1.25,53992.58631365529,49600.0,3065.386313655291,0.0,463.19999999999493,864.0,6.0,0,0.0,0,0,0.0,0.9220258192167125,0,17.500000000000114
static,48,0.9166666666666666,0.4166666666666667,57247.644088951056,54500.0,1448.844088951059,0.0,434.7999999999942,864.0,6.0,0,0.0,0,0,0.0,0.9165331719823493,0,19.850000000000147
static,49,0.5833333333333334,2.0833333333333335,61048.68718833324,54500.0,5117.487188333247,0.0,567.1999999999956,864.0,6.0,0,0.0,0,0,0.08333333333333333,0.9306360619011895,0,18.75000000000013
static,50,0.6666666666666666,1.6666666666666667,53460.23130158572,48400.0,3642.2313015857276,0.0,553.9999999999919,864.0,6.0,0,0.0,0,0,0.0,0.8824484223038979,0,25.300000000000225
static,51,0.6666666666666666,1.6666666666666667,73686.07653680968,68900.0,3479.676536809684,0.0,442.3999999999961,864.0,6.0,0,0.0,0,0,0.0,0.9429863289406591,0,19.000000000000135
static,52,0.5833333333333334,2.0833333333333335,44166.904885002594,36800.0,6076.104885002598,0.0,426.79999999999416,864.0,6.0,0,0.0,0,0,0.3333333333333333,0.9057845447682326,0,18.950000000000134
static,53,0.6666666666666666,1.6666666666666667,52263.965680262816,46500.0,4370.365680262823,0.0,529.5999999999938,864.0,6.0,0,0.0,0,0,0.08333333333333333,0.9208927161059882,0,22.550000000000185
static,54,0.8333333333333334,0.8333333333333334,56712.026095357935,53500.0,1854.0260953579418,0.0,493.999999999994,864.0,6.0,0,0.0,0,0,0.08333333333333333,0.9116351508128996,0,21.250000000000167
static,55,0.5833333333333334,2.0833333333333335,66716.31826814736,61800.0,3532.7182681473546,0.0,519.5999999999914,864.0,6.0,0,0.0,0,0,0.0,0.9274253461332611,0,23.100000000000193
static,56,0.5,3.0833333333333335,61301.636116196336,53500.0,6214.0361161963365,0.0,723.5999999999968,864.0,6.0,0,0.0,0,0,0.08333333333333333,0.9098118883725814,0,19.30000000000014
static,57,0.5,2.5,58106.718522667055,51900.0,4783.918522667061,0.0,558.7999999999938,864.0,6.0,0,0.0,0,0,0.08333333333333333,0.9368878654110345,0,19.40000000000014
static,58,0.5,3.0833333333333335,58706.325869657216,46200.0,11080.325869657221,0.0,561.9999999999952,864.0,6.0,0,0.0,0,0,0.16666666666666666,0.9328505151857116,0,19.45000000000014
static,59,0.16666666666666666,5.333333333333333,65164.55889910002,47700.0,16021.358899100032,0.0,579.1999999999896,864.0,6.0,0,0.0,0,0,0.08333333333333333,0.9326608596543584,0,23.200000000000195
static,60,0.6666666666666666,2.8333333333333335,73527.24889651072,58400.0,13699.248896510722,0.0,563.999999999993,864.0,6.0,0,0.0,0,0,0.0,0.9337039755571337,0,26.900000000000247
static,61,0.5833333333333334,2.0833333333333335,58035.073378639376,51800.0,4883.87337863938,0.0,487.1999999999937,864.0,6.0,0,0.0,0,0,0.0,0.9113325571676828,0,22.10000000000018
static,62,0.8333333333333334,0.8333333333333334,69760.69566501147,65600.0,2894.695665011489,0.0,401.9999999999919,864.0,6.0,0,0.0,0,0,0.08333333333333333,0.9468174745858944,0,26.750000000000245
static,63,0.4166666666666667,3.5,72086.15428170827,61700.0,8905.354281708278,0.0,616.7999999999884,864.0,6.0,0,0.0,0,0,0.16666666666666666,0.9184633898381359,0,26.000000000000234
static,64,0.5,3.0833333333333335,60297.67870084353,49500.0,9312.87870084353,0.0,620.7999999999932,864.0,6.0,0,0.0,0,0,0.08333333333333333,0.913506584157653,0,20.75000000000016
static,65,0.9166666666666666,0.4166666666666667,59639.50188140191,57100.0,1177.1018814019212,0.0,498.3999999999968,864.0,6.0,0,0.0,0,0,0.08333333333333333,0.9375436071143398,0,17.35000000000011
static,66,0.5,2.5,62673.52514053049,55200.0,6049.125140530494,0.0,560.3999999999928,864.0,6.0,0,0.0,0,0,0.08333333333333333,0.9269934851512293,0,20.550000000000157
static,67,0.9166666666666666,0.4166666666666667,50681.26136961902,47900.0,1571.261369619019,0.0,345.99999999999665,864.0,6.0,0,0.0,0,0,0.0,0.8775960545762732,0,19.000000000000135
static,68,0.5833333333333334,2.0833333333333335,60926.495899913185,53100.0,6336.095899913191,0.0,626.3999999999953,864.0,6.0,0,0.0,0,0,0.16666666666666666,0.9395845815855949,0,23.300000000000196
static,69,0.8333333333333334,0.8333333333333334,54637.36101068629,50200.0,3017.7610106863003,0.0,555.599999999994,864.0,6.0,0,0.0,0,0,0.0,0.9064664695522378,0,24.95000000000022
static,70,0.75,1.25,66531.2620659768,62600.0,2556.462065976815,0.0,510.799999999994,864.0,6.0,0,0.0,0,0,0.0,0.91554771100401,0,24.30000000000021
static,71,0.9166666666666666,0.4166666666666667,59582.73860518712,56700.0,1529.9386051871265,0.0,488.7999999999938,864.0,6.0,0,0.0,0,0,0.16666666666666666,0.9170671488311787,0,21.000000000000163
static,72,0.75,1.25,53719.95255723526,50200.0,2153.9525572352645,0.0,501.9999999999947,864.0,6.0,0,0.0,0,0,0.25,0.9372515255874252,0,20.600000000000158
static,73,0.5,3.0833333333333335,72029.93310242337,57300.0,13282.733102423372,0.0,583.1999999999924,864.0,6.0,0,0.0,0,0,0.08333333333333333,0.9038731011824476,0,25.950000000000234
static,74,0.6666666666666666,2.25,59169.82839577424,53300.0,4379.828395774247,0.0,625.9999999999915,864.0,6.0,0,0.0,0,0,0.08333333333333333,0.9225575587020172,0,25.65000000000023
static,75,0.9166666666666666,0.4166666666666667,48151.93817622411,45200.0,1526.3381762241138,0.0,561.5999999999965,864.0,6.0,0,0.0,0,0,0.0,0.9074014751535494,0,22.20000000000018
static,76,0.5833333333333334,2.0833333333333335,48042.102740551105,43100.0,3570.1027405511086,0.0,507.99999999999466,864.0,6.0,0,0.0,0,0,0.16666666666666666,0.9152540848446037,0,21.900000000000176
static,77,0.5,3.0833333333333335,67421.27080095427,51600.0,14284.070800954265,0.0,673.1999999999914,864.0,6.0,0,0.0,0,0,0.0,0.9136043687822825,0,23.6000000000002
static,78,0.8333333333333334,0.8333333333333334,56162.63854070106,51600.0,3258.238540701065,0.0,440.3999999999953,864.0,6.0,0,0.0,0,0,0.0,0.9254237320864409,0,20.900000000000162
static,79,0.4166666666666667,4.083333333333333,61600.377976079784,51200.0,8834.777976079791,0.0,701.5999999999909,864.0,6.0,0,0.0,0,0,0.0,0.9365735858784817,0,26.30000000000024
static,80,0.75,1.25,55981.71176899585,52000.0,2627.711768995856,0.0,489.9999999999946,864.0,6.0,0,0.0,0,0,0.3333333333333333,0.9272187980235258,0,19.550000000000143
static,81,0.3333333333333333,4.5,59991.20249420464,39300.0,19334.402494204656,0.0,492.7999999999895,864.0,6.0,0,0.0,0,0,0.16666666666666666,0.9274273453459992,0,25.200000000000223
static,82,0.5,4.25,73189.49449699814,58400.0,13298.694496998152,0.0,626.7999999999901,864.0,6.0,0,0.0,0,0,0.0,0.9238693975464768,0,26.35000000000024
static,83,0.4166666666666667,3.5,59937.12700826284,51800.0,6692.3270082628405,0.0,580.7999999999929,864.0,6.0,0,0.0,0,0,0.08333333333333333,0.9200077009497729,0,19.900000000000148
static,84,0.8333333333333334,0.8333333333333334,60408.94370466024,57700.0,1401.7437046602406,0.0,443.1999999999964,864.0,6.0,0,0.0,0,0,0.08333333333333333,0.9284307515421629,0,18.350000000000126
static,85,0.5833333333333334,2.6666666666666665,69473.30558485918,63800.0,4184.9055848591815,0.0,624.3999999999904,864.0,6.0,0,0.0,0,0,0.0,0.941331107312571,0,25.10000000000022
static,86,0.4166666666666667,3.5,61119.62168743741,52900.0,6793.621687437414,0.0,561.9999999999933,864.0,6.0,0,0.0,0,0,0.25,0.9302096231498193,0,20.550000000000157
static,87,0.75,1.25,56803.61242451629,52400.0,3022.41242451629,0.0,517.1999999999941,864.0,6.0,0,0.0,0,0,0.25,0.9443532570977563,0,22.75000000000019
static,88,0.8333333333333334,0.8333333333333334,64287.698534646675,59700.0,3256.898534646678,0.0,466.7999999999973,864.0,6.0,0,0.0,0,0,0.0,0.9309370993877132,0,16.000000000000092
static,89,0.5833333333333334,2.6666666666666665,68898.56541352981,57000.0,10320.165413529812,0.0,714.3999999999959,864.0,6.0,0,0.0,0,0,0.25,0.9479158722490558,0,17.450000000000113
static,90,0.8333333333333334,0.8333333333333334,69722.24430197167,66500.0,1960.24430197168,0.0,397.99999999999505,864.0,6.0,0,0.0,0,0,0.16666666666666666,0.9209192346329593,0,28.40000000000027
static,91,0.75,1.25,55537.44466834319,51300.0,2845.4446683431934,0.0,527.9999999999931,864.0,6.0,0,0.0,0,0,0.0,0.9203101281761662,0,21.700000000000173
static,92,0.4166666666666667,2.9166666666666665,68590.93666784705,59200.0,8014.936667847066,0.0,511.99999999998926,864.0,6.0,0,0.0,0,0,0.16666666666666666,0.9095667191114886,0,26.750000000000245
static,93,0.6666666666666666,1.6666666666666667,66160.53651716895,60500.0,4264.136517168949,0.0,532.3999999999922,864.0,6.0,0,0.0,0,0,0.08333333333333333,0.9411436947200593,0,29.050000000000278
static,94,0.5833333333333334,3.25,75785.00837269351,60700.0,13609.80837269352,0.0,611.1999999999912,864.0,6.0,0,0.0,0,0,0.16666666666666666,0.919021325577902,0,21.000000000000163
static,95,0.8333333333333334,0.8333333333333334,64926.500003826506,61300.0,2241.3000038265113,0.0,521.1999999999958,864.0,6.0,0,0.0,0,0,0.0,0.9341014972892003,0,19.800000000000146
static,96,0.8333333333333334,0.8333333333333334,61164.10924514959,57900.0,1798.509245149601,0.0,601.5999999999924,864.0,6.0,0,0.0,0,0,0.0,0.922649407959703,0,22.650000000000187
static,97,0.4166666666666667,3.5,58200.902675528596,49900.0,6852.902675528605,0.0,583.9999999999948,864.0,6.0,0,0.0,0,0,0.08333333333333333,0.931751245291938,0,18.65000000000013
static,98,0.4166666666666667,3.5,67107.41047990852,50100.0,15543.410479908516,0.0,599.9999999999941,864.0,6.0,0,0.0,0,0,0.08333333333333333,0.9040580289994915,0,19.700000000000145
static,99,0.8333333333333334,0.8333333333333334,56032.01388940946,51400.0,3288.813889409467,0.0,479.19999999999493,864.0,6.0,0,0.0,0,0,0.08333333333333333,0.8993696602653181,0,20.05000000000015
static,100,0.6666666666666666,1.6666666666666667,46330.57743892797,39700.0,5274.577438927977,0.0,491.9999999999929,864.0,6.0,0,0.0,0,0,0.08333333333333333,0.9455589088109779,0,24.600000000000215
static,101,0.5833333333333334,2.0833333333333335,61467.09697900394,56900.0,3094.696979003946,0.0,608.399999999996,864.0,6.0,0,0.0,0,0,0.0,0.9468228427366508,0,17.20000000000011
static,102,0.6666666666666666,1.6666666666666667,52685.61729657696,46200.0,5112.417296576965,0.0,509.19999999999266,864.0,6.0,0,0.0,0,0,0.0,0.9197766068755661,0,20.950000000000163
static,103,0.5833333333333334,2.6666666666666665,66453.65214494347,56100.0,8914.45214494347,0.0,575.1999999999941,864.0,6.0,0,0.0,0,0,0.08333333333333333,0.9102205629799529,0,23.6500000000002
static,104,0.75,1.25,59285.71011451151,55900.0,2024.9101145115162,0.0,496.7999999999945,864.0,6.0,0,0.0,0,0,0.16666666666666666,0.9193655113528562,0,25.05000000000022
static,105,0.75,1.8333333333333333,59324.50610927368,53700.0,4202.506109273685,0.0,557.9999999999959,864.0,6.0,0,0.0,0,0,0.16666666666666666,0.9314530440336322,0,17.800000000000118
static,106,0.75,1.25,53202.90220623837,49000.0,2834.10220623837,0.0,504.79999999999507,864.0,6.0,0,0.0,0,0,0.0,0.9478528443282441,0,20.250000000000153
static,107,0.75,1.25,61520.2732156846,57800.0,2359.8732156846086,0.0,496.39999999999384,864.0,6.0,0,0.0,0,0,0.08333333333333333,0.8964750099352227,0,20.300000000000153
static,108,0.4166666666666667,3.5,60963.38966897385,51800.0,7688.989668973855,0.0,610.3999999999922,864.0,6.0,0,0.0,0,0,0.0,0.8881281703022406,0,23.6500000000002
static,109,0.5,3.0833333333333335,74876.38931121232,63200.0,10231.589311212329,0.0,580.7999999999921,864.0,6.0,0,0.0,0,0,0.08333333333333333,0.8776527841745049,0,29.050000000000278
static,110,0.75,1.25,57614.91485068979,53800.0,2399.314850689803,0.0,551.5999999999938,864.0,6.0,0,0.0,0,0,0.0,0.9406523432130083,0,19.30000000000014
static,111,0.6666666666666666,1.6666666666666667,67935.83526989892,60200.0,6363.435269898923,0.0,508.3999999999917,864.0,6.0,0,0.0,0,0,0.08333333333333333,0.913553426078632,0,25.65000000000023
static,112,0.8333333333333334,0.8333333333333334,66071.97156833422,62600.0,2123.9715683342306,0.0,483.9999999999951,864.0,6.0,0,0.0,0,0,0.0,0.8852396033644994,0,24.000000000000206
static,113,0.5833333333333334,2.0833333333333335,62333.86982096036,55500.0,5511.469820960373,0.0,458.3999999999881,864.0,6.0,0,0.0,0,0,0.0,0.913760365131162,0,25.450000000000227
static,114,0.75,1.25,48657.27618311959,44500.0,2692.4761831195965,0.0,600.7999999999968,864.0,6.0,0,0.0,0,0,0.25,0.928128623992241,0,17.15000000000011
static,115,0.6666666666666666,1.6666666666666667,46335.79888503501,41700.0,3298.998885035023,0.0,472.79999999999154,864.0,6.0,0,0.0,0,0,0.08333333333333333,0.9202326201423129,0,28.050000000000264
static,116,0.5833333333333334,2.0833333333333335,53536.2594880718,49300.0,2886.6594880718058,0.0,485.599999999995,864.0,6.0,0,0.0,0,0,0.08333333333333333,0.9252208346023336,0,19.600000000000144
static,117,0.3333333333333333,4.5,56549.928318840735,42000.0,13002.328318840746,0.0,683.5999999999917,864.0,6.0,0,0.0,0,0,0.16666666666666666,0.9323330896860655,0,27.300000000000253
static,118,0.6666666666666666,1.6666666666666667,54448.80607401198,48400.0,4732.406074011993,0.0,452.39999999999407,864.0,6.0,0,0.0,0,0,0.0,0.9338607990010075,0,27.650000000000258
static,119,0.6666666666666666,1.6666666666666667,59131.43625000127,53700.0,3933.436250001282,0.0,633.9999999999952,864.0,6.0,0,0.0,0,0,0.0,0.9303163611411461,0,17.90000000000012
static,120,0.8333333333333334,0.8333333333333334,46194.86403890727,42700.0,2209.264038907277,0.0,421.599999999994,864.0,6.0,0,0.0,0,0,0.08333333333333333,0.8879381212164655,0,21.700000000000173
static,121,0.5833333333333334,2.0833333333333335,55321.72217493256,47200.0,6770.522174932572,0.0,487.1999999999914,864.0,6.0,0,0.0,0,0,0.0,0.9410618626401787,0,21.700000000000173
static,122,0.5833333333333334,2.6666666666666665,59904.892797086686,51500.0,7060.09279708669,0.0,480.7999999999937,864.0,6.0,0,0.0,0,0,0.08333333333333333,0.9365299107699429,0,19.850000000000147
static,123,0.6666666666666666,2.25,59417.24516000926,52100.0,5886.445160009263,0.0,566.7999999999959,864.0,6.0,0,0.0,0,0,0.08333333333333333,0.937855843420032,0,17.85000000000012
static,124,0.8333333333333334,0.8333333333333334,48670.60504065015,46000.0,1243.0050406501541,0.0,563.5999999999964,864.0,6.0,0,0.0,0,0,0.0,0.9123294897003743,0,18.900000000000134
static,125,0.5833333333333334,3.25,58384.00839117238,47500.0,9443.208391172393,0.0,576.799999999991,864.0,6.0,0,0.0,0,0,0.25,0.9219174580030014,0,25.05000000000022
static,126,0.9166666666666666,0.4166666666666667,54873.946383899405,52000.0,1518.7463838994072,0.0,491.1999999999975,864.0,6.0,0,0.0,0,0,0.0,0.9416261917610121,0,17.000000000000107
static,127,0.4166666666666667,2.9166666666666665,70986.3170240151,61500.0,8127.917024015103,0.0,494.3999999999926,864.0,6.0,0,0.0,0,0,0.25,0.9099042314999314,0,19.050000000000136
static,128,0.75,1.25,61824.58167077654,57600.0,2852.9816707765476,0.0,507.599999999994,864.0,6.0,0,0.0,0,0,0.08333333333333333,0.9351870075803685,0,20.70000000000016
static,129,0.6666666666666666,1.6666666666666667,57718.89750962861,52100.0,4242.097509628615,0.0,512.7999999999973,864.0,6.0,0,0.0,0,0,0.08333333333333333,0.9326453167576891,0,15.750000000000089
static,130,0.75,1.25,50339.894983870865,45200.0,3721.4949838708726,0.0,554.3999999999977,864.0,6.0,0,0.0,0,0,0.16666666666666666,0.9360868686017929,0,18.00000000000012
static,131,0.75,1.25,69114.54977991746,64900.0,2871.349779917461,0.0,479.199999999994,864.0,6.0,0,0.0,0,0,0.0,0.9252956085058361,0,19.700000000000145
static,132,0.8333333333333334,0.8333333333333334,66782.75066300954,62400.0,3002.3506630095426,0.0,516.3999999999946,864.0,6.0,0,0.0,0,0,0.0,0.9097916202063563,0,25.850000000000232
static,133,0.5,2.5,63496.84134698586,57200.0,4890.8413469858615,0.0,541.9999999999918,864.0,6.0,0,0.0,0,0,0.0,0.923045159275565,0,22.75000000000019
static,134,0.16666666666666666,4.75,71739.98133794786,53100.0,17152.381337947863,0.0,623.5999999999893,864.0,6.0,0,0.0,0,0,0.16666666666666666,0.9184877180577927,0,25.80000000000023
static,135,0.5833333333333334,2.6666666666666665,56283.448804166015,46700.0,8231.048804166025,0.0,488.3999999999904,864.0,6.0,0,0.0,0,0,0.16666666666666666,0.9335899757979496,0,24.000000000000206
static,136,0.4166666666666667,2.9166666666666665,58286.08803860242,49400.0,7322.4880386024315,0.0,699.599999999993,864.0,6.0,0,0.0,0,0,0.08333333333333333,0.9172913317557265,0,21.250000000000167
static,137,0.5,3.6666666666666665,64129.60902292274,57000.0,5746.809022922751,0.0,518.7999999999917,864.0,6.0,0,0.0,0,0,0.0,0.9079574480375138,0,22.05000000000018
static,138,0.4166666666666667,2.9166666666666665,62116.5499816807,51200.0,9445.749981680705,0.0,606.7999999999931,864.0,6.0,0,0.0,0,0,0.08333333333333333,0.9321092474144088,0,22.10000000000018
static,139,0.8333333333333334,0.8333333333333334,55822.74049592718,52800.0,1540.3404959271834,0.0,618.3999999999959,864.0,6.0,0,0.0,0,0,0.0,0.9179153622482188,0,23.6000000000002
static,140,0.4166666666666667,4.083333333333333,73175.66726763036,61200.0,10420.46726763036,0.0,691.1999999999911,864.0,6.0,0,0.0,0,0,0.16666666666666666,0.9176203382426907,0,25.150000000000222
static,141,0.9166666666666666,0.4166666666666667,50557.50078807954,48300.0,901.1007880795432,0.0,492.399999999997,864.0,6.0,0,0.0,0,0,0.16666666666666666,0.9164546858950081,0,16.850000000000104
static,142,0.5833333333333334,2.6666666666666665,61160.28149356894,50400.0,9388.681493568949,0.0,507.5999999999919,864.0,6.0,0,0.0,0,0,0.25,0.8807998847126907,0,21.800000000000175
static,143,0.6666666666666666,1.6666666666666667,65999.90362356859,59800.0,4925.503623568598,0.0,410.3999999999921,864.0,6.0,0,0.0,0,0,0.0,0.9331597222219518,0,22.90000000000019
static,144,0.8333333333333334,0.8333333333333334,43866.71987434294,40900.0,1599.11987434294,0.0,503.5999999999956,864.0,6.0,0,0.0,0,0,0.08333333333333333,0.8939069386654788,0,18.850000000000133
static,145,0.3333333333333333,4.5,62341.864754702045,43300.0,17427.06475470205,0.0,750.7999999999925,864.0,6.0,0,0.0,0,0,0.08333333333333333,0.9284532863771519,0,23.100000000000193
static,146,0.75,1.25,53663.199919650746,50100.0,2282.399919650751,0.0,416.79999999999336,864.0,6.0,0,0.0,0,0,0.16666666666666666,0.9425072419549291,0,20.400000000000155
static,147,0.9166666666666666,0.4166666666666667,55394.6848560465,53100.0,1005.0848560465097,0.0,425.5999999999949,864.0,6.0,0,0.0,0,0,0.16666666666666666,0.9475084840937139,0,19.30000000000014
static,148,0.8333333333333334,0.8333333333333334,60702.59957717134,57000.0,2307.399577171349,0.0,531.199999999993,864.0,6.0,0,0.0,0,0,0.0,0.885139737120145,0,23.100000000000193
static,149,0.75,1.25,56469.78256339244,50800.0,4277.382563392445,0.0,528.3999999999978,864.0,6.0,0,0.0,0,0,0.08333333333333333,0.9237006930944617,0,15.400000000000084
static,150,0.5,2.5,69836.85301657053,60900.0,7500.45301657053,0.0,572.3999999999937,864.0,6.0,0,0.0,0,0,0.08333333333333333,0.9279483878274605,0,18.400000000000126
static,151,0.5,3.0833333333333335,64887.156132095835,54500.0,8816.356132095843,0.0,706.7999999999927,864.0,6.0,0,0.0,0,0,0.0,0.93443151715886,0,23.100000000000193
static,152,0.6666666666666666,2.25,74734.08229109661,62700.0,10474.88229109661,0.0,695.1999999999933,864.0,6.0,0,0.0,0,0,0.0,0.9162814363648608,0,22.10000000000018
static,153,0.8333333333333334,0.8333333333333334,60439.0989231086,57500.0,1601.0989231086066,0.0,473.9999999999957,864.0,6.0,0,0.0,0,0,0.08333333333333333,0.9214679718138095,0,17.35000000000011
static,154,0.75,1.25,62763.8084967166,57300.0,4087.008496716605,0.0,512.7999999999928,864.0,6.0,0,0.0,0,0,0.08333333333333333,0.9263694560928342,0,21.600000000000172
static,155,0.5833333333333334,2.6666666666666665,65164.194512822956,57900.0,5782.594512822964,0.0,617.5999999999915,864.0,6.0,0,0.0,0,0,0.0,0.9278900585651219,0,29.350000000000282
static,156,0.16666666666666666,6.5,77256.28205093143,49300.0,26393.08205093145,0.0,699.199999999989,864.0,6.0,0,0.0,0,0,0.0,0.905125519812497,0,24.700000000000216
static,157,0.5,3.0833333333333335,71441.7940291175,61700.0,8284.994029117513,0.0,592.7999999999906,864.0,6.0,0,0.0,0,0,0.0,0.9113525078100965,0,24.25000000000021
static,158,0.75,2.4166666666666665,63680.03118852178,49300.0,12868.431188521783,0.0,647.5999999999956,864.0,6.0,0,0.0,0,0,0.0,0.9394267835048149,0,18.950000000000134
static,159,0.5833333333333334,2.0833333333333335,52582.669656504855,46200.0,5033.869656504859,0.0,484.7999999999927,864.0,6.0,0,0.0,0,0,0.08333333333333333,0.9361817033155717,0,21.850000000000176
static,160,0.5833333333333334,2.0833333333333335,58558.00239480283,52300.0,4873.202394802837,0.0,520.7999999999935,864.0,6.0,0,0.0,0,0,0.0,0.9205320706804189,0,23.5000000000002
static,161,0.4166666666666667,4.083333333333333,70072.53905116618,56900.0,11736.139051166181,0.0,572.3999999999905,864.0,6.0,0,0.0,0,0,0.08333333333333333,0.9379448414678541,0,25.500000000000227
static,162,0.4166666666666667,4.666666666666667,66702.17793970673,41600.0,23667.377939706737,0.0,570.7999999999885,864.0,6.0,0,0.0,0,0,0.08333333333333333,0.9306250232937915,0,25.10000000000022
static,163,0.6666666666666666,1.6666666666666667,58711.544248890095,52600.0,4667.9442488901,0.0,579.5999999999951,864.0,6.0,0,0.0,0,0,0.16666666666666666,0.9300782737210729,0,18.150000000000123
static,164,0.8333333333333334,0.8333333333333334,59728.1239196506,55600.0,2818.9239196506,0.0,445.19999999999743,864.0,6.0,0,0.0,0,0,0.08333333333333333,0.8889650870401362,0,16.5500000000001
static,165,0.8333333333333334,0.8333333333333334,63172.13630650346,59100.0,2742.536306503459,0.0,465.5999999999956,864.0,6.0,0,0.0,0,0,0.16666666666666666,0.9528439993405865,0,19.500000000000142
static,166,0.5833333333333334,2.0833333333333335,53760.13564766746,47700.0,4653.735647667467,0.0,542.3999999999967,864.0,6.0,0,0.0,0,0,0.25,0.9392994762963394,0,18.150000000000123
static,167,0.5833333333333334,3.25,69252.03873395147,50000.0,17829.63873395148,0.0,558.399999999991,864.0,6.0,0,0.0,0,0,0.16666666666666666,0.9387457210842332,0,23.050000000000193
static,168,0.8333333333333334,0.8333333333333334,49529.813088183684,45800.0,2351.013088183686,0.0,514.7999999999956,864.0,6.0,0,0.0,0,0,0.08333333333333333,0.9371394391580388,0,18.900000000000134
static,169,0.5833333333333334,2.0833333333333335,61938.40709552092,54000.0,6526.007095520923,0.0,548.3999999999946,864.0,6.0,0,0.0,0,0,0.0,0.9112252138663887,0,21.45000000000017
static,170,0.8333333333333334,0.8333333333333334,58045.99295346131,54400.0,2279.992953461315,0.0,501.9999999999951,864.0,6.0,0,0.0,0,0,0.0,0.8869839129355019,0,19.45000000000014
static,171,0.5833333333333334,2.0833333333333335,51122.94830330697,44600.0,5059.3483033069715,0.0,599.5999999999951,864.0,6.0,0,0.0,0,0,0.16666666666666666,0.9388185151907704,0,20.80000000000016
static,172,0.5,4.25,66283.30743236045,46700.0,18194.507432360468,0.0,524.7999999999903,864.0,6.0,0,0.0,0,0,0.0,0.917041820138236,0,30.5000000000003
static,173,0.75,1.8333333333333333,62647.87848164058,52800.0,8459.078481640585,0.0,524.7999999999934,864.0,6.0,0,0.0,0,0,0.16666666666666666,0.9250531975813877,0,22.600000000000186
static,174,0.75,1.8333333333333333,66704.45626899108,57400.0,7890.856268991085,0.0,549.5999999999924,864.0,6.0,0,0.0,0,0,0.08333333333333333,0.9393254828352341,0,23.400000000000198
static,175,0.5833333333333334,2.0833333333333335,56715.7223072601,50500.0,4856.922307260102,0.0,494.7999999999944,864.0,6.0,0,0.0,0,0,0.08333333333333333,0.9286651474344142,0,19.750000000000146
static,176,0.9166666666666666,0.4166666666666667,55278.02574009104,52000.0,1860.825740091046,0.0,553.1999999999977,864.0,6.0,0,0.0,0,0,0.0,0.9404722371231936,0,16.800000000000104
static,177,0.5,2.5,53096.22905372971,46100.0,5381.829053729711,0.0,750.3999999999951,864.0,6.0,0,0.0,0,0,0.0,0.9343607938794951,0,19.500000000000142
static,178,0.75,1.25,46750.72187074574,39900.0,5499.121870745742,0.0,487.5999999999977,864.0,6.0,0,0.0,0,0,0.08333333333333333,0.9384091459253315,0,16.200000000000095
static,179,0.6666666666666666,1.6666666666666667,49563.995011896935,45200.0,3046.795011896941,0.0,453.1999999999946,864.0,6.0,0,0.0,0,0,0.0,0.9477484256445826,0,18.60000000000013
static,180,0.5833333333333334,2.0833333333333335,53582.41167655581,47300.0,4918.411676555817,0.0,499.9999999999943,864.0,6.0,0,0.0,0,0,0.3333333333333333,0.8797426455375099,0,17.600000000000115
static,181,0.3333333333333333,5.083333333333333,65654.78200481045,48800.0,15392.782004810466,0.0,597.9999999999886,864.0,6.0,0,0.0,0,0,0.0,0.9067329222378435,0,23.350000000000197
static,182,0.5,3.0833333333333335,74774.67704923224,66100.0,7249.477049232244,0.0,561.1999999999942,864.0,6.0,0,0.0,0,0,0.16666666666666666,0.9265013636109294,0,18.75000000000013
static,183,0.8333333333333334,0.8333333333333334,60637.9363392562,57800.0,1499.5363392562033,0.0,474.3999999999951,864.0,6.0,0,0.0,0,0,0.08333333333333333,0.9427240137651044,0,20.10000000000015
static,184,0.4166666666666667,2.9166666666666665,61927.86236173074,53100.0,7353.062361730743,0.0,610.7999999999952,864.0,6.0,0,0.0,0,0,0.0,0.9316401412224334,0,19.050000000000136
static,185,0.8333333333333334,0.8333333333333334,51850.74671337009,47600.0,2814.7467133700957,0.0,571.9999999999962,864.0,6.0,0,0.0,0,0,0.0,0.9232102865143481,0,17.650000000000116
static,186,0.4166666666666667,3.5,62561.11232279933,51400.0,9625.11232279934,0.0,671.9999999999927,864.0,6.0,0,0.0,0,0,0.08333333333333333,0.9275271551158256,0,20.500000000000156
static,187,0.9166666666666666,0.4166666666666667,43631.16345266412,41900.0,427.9634526641257,0.0,439.1999999999962,864.0,6.0,0,0.0,0,0,0.08333333333333333,0.9040625136039884,0,18.450000000000127
static,188,0.75,1.25,59729.714676010735,54600.0,3713.714676010745,0.0,551.9999999999914,864.0,6.0,0,0.0,0,0,0.0,0.9143407616985944,0,23.750000000000203
static,189,0.5,3.0833333333333335,56520.359786353176,45900.0,9117.159786353182,0.0,639.1999999999936,864.0,6.0,0,0.0,0,0,0.08333333333333333,0.9117742032206324,0,22.700000000000188
static,190,0.6666666666666666,1.6666666666666667,61170.53623784962,55900.0,3914.1362378496287,0.0,492.3999999999912,864.0,6.0,0,0.0,0,0,0.0,0.9241751048666524,0,23.4500000000002
static,191,0.5,2.5,69334.27002245755,61300.0,6535.870022457555,0.0,634.3999999999965,864.0,6.0,0,0.0,0,0,0.0,0.9485345179736874,0,17.600000000000115
static,192,0.75,1.25,58431.53439488104,55600.0,1535.1343948810438,0.0,432.3999999999939,864.0,6.0,0,0.0,0,0,0.16666666666666666,0.8874897563509395,0,20.600000000000158
static,193,0.4166666666666667,3.5,60714.69677389794,47200.0,11957.896773897939,0.0,692.799999999994,864.0,6.0,0,0.0,0,0,0.0,0.9417787869976892,0,22.500000000000185
static,194,0.75,1.25,52353.55044936506,47500.0,3426.7504493650627,0.0,562.7999999999936,864.0,6.0,0,0.0,0,0,0.08333333333333333,0.9208006962574872,0,20.300000000000153
static,195,0.5833333333333334,2.6666666666666665,59989.51197920071,52100.0,6348.3119792007155,0.0,677.1999999999937,864.0,6.0,0,0.0,0,0,0.16666666666666666,0.9145646800777304,0,25.950000000000234
static,196,0.6666666666666666,1.6666666666666667,61373.21581102333,54400.0,5513.215811023328,0.0,595.999999999998,864.0,6.0,0,0.0,0,0,0.0,0.9167777475808926,0,17.15000000000011
static,197,0.75,1.25,56488.456697896036,51700.0,3415.2566978960467,0.0,509.19999999999334,864.0,6.0,0,0.0,0,0,0.16666666666666666,0.9088477594293879,0,24.35000000000021
static,198,0.9166666666666666,0.4166666666666667,47859.83193026514,45600.0,910.6319302651458,0.0,485.1999999999962,864.0,6.0,0,0.0,0,0,0.08333333333333333,0.9256524196032447,0,19.100000000000136
static,199,0.6666666666666666,1.6666666666666667,64342.38902335331,58500.0,4368.389023353313,0.0,609.9999999999934,864.0,6.0,0,0.0,0,0,0.16666666666666666,0.9410945300578817,0,19.600000000000144
static,200,0.5,2.5,69602.46322151282,61500.0,6764.0632215128335,0.0,474.39999999999304,864.0,6.0,0,0.0,0,0,0.0,0.9287805119339587,0,18.75000000000013
static,201,0.5,3.0833333333333335,70555.9021960939,62200.0,6919.502196093906,0.0,572.399999999994,864.0,6.0,0,0.0,0,0,0.0,0.934540650501409,0,21.250000000000167
static,202,0.5,2.5,48403.40138433265,43200.0,3819.401384332651,0.0,519.9999999999923,864.0,6.0,0,0.0,0,0,0.0,0.9358775251001257,0,21.55000000000017
static,203,0.6666666666666666,2.25,69745.41607918612,56500.0,11889.81607918613,0.0,491.59999999999553,864.0,6.0,0,0.0,0,0,0.16666666666666666,0.9052219606982298,0,20.450000000000156
static,204,0.8333333333333334,0.8333333333333334,64891.32501689581,61600.0,1925.325016895818,0.0,501.999999999995,864.0,6.0,0,0.0,0,0,0.16666666666666666,0.9320475202174693,0,19.800000000000146
static,205,0.6666666666666666,1.6666666666666667,51013.18911779458,45800.0,3768.789117794589,0.0,580.3999999999936,864.0,6.0,0,0.0,0,0,0.0,0.9186931114772249,0,22.85000000000019
static,206,0.5,4.833333333333333,76191.32249223068,52400.0,22275.722492230692,0.0,651.5999999999923,864.0,6.0,0,0.0,0,0,0.0,0.9287257210643318,0,21.050000000000164
static,207,0.5833333333333334,2.0833333333333335,60985.291724848925,53800.0,5762.891724848932,0.0,558.3999999999916,864.0,6.0,0,0.0,0,0,0.0,0.9242580413329787,0,22.25000000000018
static,208,0.9166666666666666,0.4166666666666667,60855.109436022874,59000.0,477.9094360228785,0.0,513.199999999995,864.0,6.0,0,0.0,0,0,0.16666666666666666,0.9190963596629591,0,18.65000000000013
static,209,0.6666666666666666,1.6666666666666667,69201.50943928598,62700.0,5070.309439285977,0.0,567.1999999999928,864.0,6.0,0,0.0,0,0,0.0,0.9468734924433976,0,22.300000000000182
static,210,0.5,2.5,73672.3311731967,67100.0,5126.731173196709,0.0,581.5999999999925,864.0,6.0,0,0.0,0,0,0.08333333333333333,0.9448976656483775,0,22.05000000000018
static,211,0.5833333333333334,3.25,63155.6690459505,48600.0,13156.46904595051,0.0,535.1999999999915,864.0,6.0,0,0.0,0,0,0.0,0.9089023125264876,0,25.500000000000227
static,212,0.4166666666666667,4.666666666666667,65924.27322769849,41400.0,23062.6732276985,0.0,597.5999999999935,864.0,6.0,0,0.0,0,0,0.16666666666666666,0.899538764232049,0,19.600000000000144
static,213,0.75,1.25,54352.7251415938,50900.0,1987.9251415938074,0.0,600.799999999994,864.0,6.0,0,0.0,0,0,0.0,0.9388028912958609,0,21.000000000000163
static,214,0.6666666666666666,2.25,68855.1510247436,63000.0,4381.151024743613,0.0,609.9999999999918,864.0,6.0,0,0.0,0,0,0.08333333333333333,0.9279046968576352,0,23.4500000000002
static,215,0.6666666666666666,2.25,66219.86169712897,53900.0,11096.661697128973,0.0,359.19999999999163,864.0,6.0,0,0.0,0,0,0.16666666666666666,0.9313867688367216,0,22.25000000000018
static,216,0.5833333333333334,2.0833333333333335,55782.700174956575,49100.0,5180.700174956583,0.0,637.9999999999961,864.0,6.0,0,0.0,0,0,0.0,0.9375843947833119,0,18.500000000000128
static,217,0.5833333333333334,3.8333333333333335,74407.47752779373,58400.0,14467.47752779375,0.0,675.9999999999906,864.0,6.0,0,0.0,0,0,0.0,0.9411306068426393,0,27.950000000000262
static,218,0.4166666666666667,2.9166666666666665,70599.72640344952,63500.0,5764.926403449523,0.0,470.799999999992,864.0,6.0,0,0.0,0,0,0.08333333333333333,0.9514524625583808,0,24.90000000000022
static,219,0.8333333333333334,0.8333333333333334,50811.2296278402,48300.0,1083.2296278402046,0.0,563.9999999999933,864.0,6.0,0,0.0,0,0,0.08333333333333333,0.9131113522229329,0,24.150000000000208
static,220,0.75,1.25,56857.322264382536,52600.0,2902.522264382539,0.0,490.79999999999757,864.0,6.0,0,0.0,0,0,0.25,0.9174962765538909,0,16.350000000000097
static,221,0.8333333333333334,0.8333333333333334,49022.68386754733,45700.0,1880.2838675473326,0.0,578.3999999999952,864.0,6.0,0,0.0,0,0,0.08333333333333333,0.9233643529472965,0,23.050000000000193
static,222,0.5,2.5,67408.73271227787,61200.0,4814.332712277868,0.0,530.3999999999902,864.0,6.0,0,0.0,0,0,0.08333333333333333,0.9243937776969047,0,26.200000000000237
static,223,0.3333333333333333,4.5,76626.81280165132,58600.0,16506.012801651334,0.0,656.7999999999895,864.0,6.0,0,0.0,0,0,0.0,0.9232082224343379,0,26.250000000000238
static,224,0.6666666666666666,1.6666666666666667,57254.83941548982,49700.0,6256.03941548982,0.0,434.7999999999952,864.0,6.0,0,0.0,0,0,0.0,0.9167398023427329,0,18.70000000000013
static,225,0.9166666666666666,0.4166666666666667,59367.51512663329,57400.0,705.5151266332979,0.0,397.9999999999925,864.0,6.0,0,0.0,0,0,0.0,0.9212169559594375,0,24.20000000000021
static,226,0.5833333333333334,2.0833333333333335,50481.55912573942,42900.0,6234.359125739432,0.0,483.19999999999277,864.0,6.0,0,0.0,0,0,0.0,0.9026116955805064,0,25.00000000000022
static,227,0.4166666666666667,4.083333333333333,66090.27765039541,55500.0,9215.077650395417,0.0,511.19999999998697,864.0,6.0,0,0.0,0,0,0.16666666666666666,0.9480730113582885,0,27.950000000000262
static,228,0.4166666666666667,3.5,69964.75561767835,57300.0,11258.755617678371,0.0,541.9999999999911,864.0,6.0,0,0.0,0,0,0.08333333333333333,0.9309939627374207,0,21.800000000000175
static,229,0.4166666666666667,4.666666666666667,75084.4153692394,50100.0,23586.015369239405,0.0,534.399999999991,864.0,6.0,0,0.0,0,0,0.16666666666666666,0.9297692880176905,0,25.75000000000023
static,230,0.75,1.25,48031.760397688486,43900.0,2779.36039768849,0.0,488.3999999999952,864.0,6.0,0,0.0,0,0,0.0,0.9324157324155334,0,22.90000000000019
static,231,0.75,1.25,63887.35854102356,58300.0,4176.558541023566,0.0,546.7999999999977,864.0,6.0,0,0.0,0,0,0.16666666666666666,0.9098778104192172,0,15.350000000000083
static,232,0.4166666666666667,3.5,69193.18200139185,54500.0,13221.582001391858,0.0,607.5999999999896,864.0,6.0,0,0.0,0,0,0.16666666666666666,0.9091686363143101,0,27.10000000000025
static,233,0.5,3.0833333333333335,56635.83447499487,49400.0,5775.434474994873,0.0,596.3999999999929,864.0,6.0,0,0.0,0,0,0.16666666666666666,0.9267848806385056,0,21.50000000000017
static,234,0.75,1.25,55028.20200626975,50200.0,3424.6020062697485,0.0,539.5999999999954,864.0,6.0,0,0.0,0,0,0.16666666666666666,0.9195551578847282,0,19.200000000000138
static,235,0.75,1.25,54059.50620694641,48800.0,3852.7062069464146,0.0,542.7999999999952,864.0,6.0,0,0.0,0,0,0.08333333333333333,0.9309340746684447,0,18.950000000000134
static,236,0.5833333333333334,2.0833333333333335,56127.53631280996,49000.0,5789.936312809971,0.0,473.59999999999354,864.0,6.0,0,0.0,0,0,0.0,0.941535590599268,0,19.650000000000144
static,237,0.8333333333333334,0.8333333333333334,50236.09166320943,46100.0,2840.4916632094296,0.0,431.5999999999957,864.0,6.0,0,0.0,0,0,0.0,0.926018507017553,0,19.800000000000146
static,238,0.4166666666666667,3.5,70163.82243424865,54100.0,14465.822434248646,0.0,733.9999999999959,864.0,6.0,0,0.0,0,0,0.16666666666666666,0.935895860469944,0,17.000000000000107
static,239,0.6666666666666666,1.6666666666666667,62503.13253433741,57400.0,3656.33253433742,0.0,582.799999999997,864.0,6.0,0,0.0,0,0,0.08333333333333333,0.9049393514578703,0,17.90000000000012
static,240,0.8333333333333334,0.8333333333333334,71211.48421752165,67400.0,2377.084217521652,0.0,570.3999999999976,864.0,6.0,0,0.0,0,0,0.0,0.9294021087513619,0,17.550000000000114
static,241,0.6666666666666666,1.6666666666666667,60504.30908472513,55400.0,3699.9090847251337,0.0,540.3999999999949,864.0,6.0,0,0.0,0,0,0.08333333333333333,0.899703340854346,0,21.150000000000166
static,242,0.6666666666666666,1.6666666666666667,65102.71708163748,59900.0,3834.717081637483,0.0,503.9999999999944,864.0,6.0,0,0.0,0,0,0.0,0.9492930836834842,0,19.050000000000136
static,243,0.75,1.25,66545.59166640289,61400.0,3817.5916664028955,0.0,463.9999999999985,864.0,6.0,0,0.0,0,0,0.08333333333333333,0.9217525367444763,0,16.400000000000098
static,244,0.5833333333333334,3.25,54989.050291652275,48300.0,5169.850291652283,0.0,655.1999999999923,864.0,6.0,0,0.0,0,0,0.0,0.9348706094297204,0,22.05000000000018
static,245,0.6666666666666666,1.6666666666666667,60047.82663607754,55700.0,2875.8266360775424,0.0,607.9999999999948,864.0,6.0,0,0.0,0,0,0.25,0.9257424193530818,0,21.200000000000166
static,246,0.8333333333333334,0.8333333333333334,57658.62506164231,54900.0,1393.8250616423184,0.0,500.7999999999961,864.0,6.0,0,0.0,0,0,0.08333333333333333,0.9379606986140836,0,18.60000000000013
static,247,0.5,3.6666666666666665,78938.11361501986,57700.0,19615.713615019857,0.0,758.3999999999936,864.0,6.0,0,0.0,0,0,0.08333333333333333,0.9316174813040564,0,27.650000000000258
static,248,0.8333333333333334,0.8333333333333334,46941.69886609429,44300.0,1334.0988660942924,0.0,443.5999999999967,864.0,6.0,0,0.0,0,0,0.08333333333333333,0.9077247302808149,0,18.00000000000012
static,249,0.6666666666666666,1.6666666666666667,52495.9073394834,45400.0,5738.307339483407,0.0,493.5999999999908,864.0,6.0,0,0.0,0,0,0.08333333333333333,0.9318873207824794,0,20.950000000000163
static,250,0.6666666666666666,1.6666666666666667,68476.38615420321,62900.0,4131.186154203208,0.0,581.1999999999961,864.0,6.0,0,0.0,0,0,0.16666666666666666,0.9069628181653947,0,19.45000000000014
static,251,0.5,2.5,58543.44349915349,49400.0,7689.843499153494,0.0,589.5999999999925,864.0,6.0,0,0.0,0,0,0.08333333333333333,0.9411381544071352,0,27.90000000000026
static,252,0.75,1.25,66175.68823359106,61500.0,3253.688233591079,0.0,557.9999999999958,864.0,6.0,0,0.0,0,0,0.0,0.909012079033572,0,17.90000000000012
static,253,0.5,3.0833333333333335,74221.71856186511,61400.0,11446.518561865123,0.0,511.199999999994,864.0,6.0,0,0.0,0,0,0.0,0.9258922998887992,0,18.950000000000134
static,254,0.75,1.25,60186.03374324658,55100.0,3706.833743246586,0.0,515.1999999999958,864.0,6.0,0,0.0,0,0,0.0,0.9260144248855784,0,19.100000000000136
static,255,0.75,1.25,65695.46336367421,61100.0,3222.26336367421,0.0,509.19999999999493,864.0,6.0,0,0.0,0,0,0.0,0.8704668209875298,0,21.850000000000176
static,256,0.6666666666666666,1.6666666666666667,59261.6663162412,54100.0,3733.6663162412106,0.0,563.9999999999957,864.0,6.0,0,0.0,0,0,0.08333333333333333,0.9309008916673948,0,16.5500000000001
static,257,0.3333333333333333,5.083333333333333,97445.64611461153,67700.0,28218.84611461154,0.0,662.7999999999911,864.0,6.0,0,0.0,0,0,0.0,0.842886087734954,0,24.25000000000021
static,258,0.6666666666666666,1.6666666666666667,63526.1375731686,57700.0,4517.737573168605,0.0,444.3999999999908,864.0,6.0,0,0.0,0,0,0.0,0.9406320256093911,0,23.400000000000198
static,259,0.9166666666666666,0.4166666666666667,60919.01063132118,57600.0,1885.8106313211863,0.0,569.199999999998,864.0,6.0,0,0.0,0,0,0.08333333333333333,0.9162264444637204,0,19.100000000000136
static,260,0.6666666666666666,2.25,49538.72051282055,42100.0,5997.520512820557,0.0,577.1999999999947,864.0,6.0,0,0.0,0,0,0.16666666666666666,0.9088890963597939,0,22.000000000000178
static,261,0.9166666666666666,0.4166666666666667,52494.93360840057,50100.0,1086.133608400576,0.0,444.79999999999734,864.0,6.0,0,0.0,0,0,0.08333333333333333,0.9354311526912829,0,17.30000000000011
static,262,0.8333333333333334,0.8333333333333334,46671.382960457486,43200.0,1956.1829604574878,0.0,651.1999999999955,864.0,6.0,0,0.0,0,0,0.0,0.9270945783338477,0,20.70000000000016
static,263,0.5,3.0833333333333335,74543.79754315379,61800.0,11282.997543153804,0.0,596.7999999999927,864.0,6.0,0,0.0,0,0,0.25,0.9238588945839031,0,20.300000000000153
static,264,0.6666666666666666,1.6666666666666667,71699.04460807578,66000.0,4416.644608075794,0.0,418.39999999999253,864.0,6.0,0,0.0,0,0,0.16666666666666666,0.9376430732418523,0,22.000000000000178
static,265,0.6666666666666666,1.6666666666666667,65905.57243585725,59200.0,5279.972435857255,0.0,561.5999999999941,864.0,6.0,0,0.0,0,0,0.0,0.9431969138228246,0,19.750000000000146
static,266,0.4166666666666667,4.083333333333333,69415.61015572723,51200.0,16710.010155727246,0.0,641.5999999999931,864.0,6.0,0,0.0,0,0,0.08333333333333333,0.8795427379769956,0,21.750000000000174
static,267,0.4166666666666667,4.083333333333333,59771.929295846174,46900.0,11494.329295846188,0.0,513.5999999999872,864.0,6.0,0,0.0,0,0,0.08333333333333333,0.9009775529494966,0,29.10000000000028
static,268,0.25,4.916666666666667,75190.72692984606,53200.0,20577.126929846076,0.0,549.599999999991,864.0,6.0,0,0.0,0,0,0.0,0.9363416431459146,0,26.700000000000244
static,269,0.5833333333333334,2.0833333333333335,57752.46564640846,52400.0,3816.8656464084697,0.0,671.599999999994,864.0,6.0,0,0.0,0,0,0.16666666666666666,0.8881196814899404,0,21.900000000000176
static,270,0.5833333333333334,2.6666666666666665,61998.45441608902,55000.0,5582.454416089029,0.0,551.9999999999932,864.0,6.0,0,0.0,0,0,0.16666666666666666,0.891997548693602,0,21.850000000000176
static,271,0.5,3.0833333333333335,73676.86135157992,62400.0,9850.061351579932,0.0,562.7999999999936,864.0,6.0,0,0.0,0,0,0.0,0.9393805635251203,0,21.700000000000173
static,272,0.6666666666666666,1.6666666666666667,56217.30973538906,51700.0,3109.709735389072,0.0,543.5999999999931,864.0,6.0,0,0.0,0,0,0.08333333333333333,0.9418669763774545,0,21.850000000000176
static,273,0.75,1.25,47088.959244402184,43500.0,2298.559244402186,0.0,426.39999999999173,864.0,6.0,0,0.0,0,0,0.0,0.9106569391148208,0,23.100000000000193
static,274,0.4166666666666667,5.25,83312.97593385384,50300.0,31476.97593385386,0.0,671.9999999999911,864.0,6.0,0,0.0,0,0,0.16666666666666666,0.8898691687053887,0,31.20000000000031
static,275,0.5833333333333334,2.0833333333333335,49055.30707455399,43200.0,4339.707074554,0.0,651.5999999999938,864.0,6.0,0,0.0,0,0,0.16666666666666666,0.9283947754847839,0,23.950000000000205
static,276,0.9166666666666666,0.4166666666666667,42514.93587285068,40400.0,734.5358728506847,0.0,516.399999999996,864.0,6.0,0,0.0,0,0,0.08333333333333333,0.9154787201121146,0,17.800000000000118
static,277,0.6666666666666666,1.6666666666666667,63151.21962225297,57900.0,3758.8196222529737,0.0,628.3999999999958,864.0,6.0,0,0.0,0,0,0.0,0.9008077132826978,0,18.300000000000125
static,278,0.9166666666666666,0.4166666666666667,58504.18330422485,56600.0,603.783304224852,0.0,436.39999999999384,864.0,6.0,0,0.0,0,0,0.08333333333333333,0.9139017285430024,0,18.75000000000013
static,279,0.4166666666666667,2.9166666666666665,61085.046126003435,51500.0,8026.64612600344,0.0,694.3999999999951,864.0,6.0,0,0.0,0,0,0.08333333333333333,0.91392554092649,0,22.600000000000186
static,280,0.5833333333333334,3.25,72019.20304120283,58600.0,11943.203041202845,0.0,611.999999999992,864.0,6.0,0,0.0,0,0,0.16666666666666666,0.9390113875337663,0,21.200000000000166
static,281,0.5,2.5,67907.80247361762,61000.0,5509.002473617633,0.0,534.7999999999925,864.0,6.0,0,0.0,0,0,0.08333333333333333,0.9318237638351273,0,25.300000000000225
static,282,0.6666666666666666,1.6666666666666667,58399.699191124295,52100.0,5016.499191124301,0.0,419.19999999999476,864.0,6.0,0,0.0,0,0,0.16666666666666666,0.8579848432534187,0,21.000000000000163
static,283,0.6666666666666666,1.6666666666666667,56940.273125129235,51300.0,4283.073125129243,0.0,493.19999999999334,864.0,6.0,0,0.0,0,0,0.0,0.9257995609089231,0,20.400000000000155
static,284,0.75,1.25,53709.23533487085,49700.0,2537.235334870854,0.0,607.9999999999931,864.0,6.0,0,0.0,0,0,0.0,0.9283786580569358,0,20.500000000000156
static,285,0.5833333333333334,2.0833333333333335,42230.337854559984,35100.0,5778.337854559992,0.0,487.99999999999113,864.0,6.0,0,0.0,0,0,0.25,0.9082962713148718,0,25.400000000000226
static,286,0.6666666666666666,1.6666666666666667,67848.9543964578,63500.0,3043.3543964578075,0.0,441.5999999999935,864.0,6.0,0,0.0,0,0,0.25,0.9366471734891246,0,20.80000000000016
static,287,0.8333333333333334,0.8333333333333334,64136.87518498955,60200.0,2459.6751849895522,0.0,613.1999999999937,864.0,6.0,0,0.0,0,0,0.08333333333333333,0.9175052664800518,0,21.850000000000176
static,288,0.4166666666666667,2.9166666666666665,54745.953834721,44800.0,8415.553834721004,0.0,666.3999999999935,864.0,6.0,0,0.0,0,0,0.08333333333333333,0.9110292238875192,0,22.25000000000018
static,289,0.6666666666666666,1.6666666666666667,54253.67249295334,47400.0,5529.672492953347,0.0,459.99999999999284,864.0,6.0,0,0.0,0,0,0.08333333333333333,0.8997871485050185,0,26.700000000000244
static,290,0.6666666666666666,1.6666666666666667,57913.56975593586,53700.0,2850.769755935866,0.0,498.7999999999928,864.0,6.0,0,0.0,0,0,0.08333333333333333,0.9042470181694199,0,22.80000000000019
static,291,0.6666666666666666,2.25,51513.60125140052,44800.0,5209.601251400531,0.0,639.9999999999958,864.0,6.0,0,0.0,0,0,0.08333333333333333,0.9450676324391154,0,18.65000000000013
static,292,0.5833333333333334,2.0833333333333335,72443.5674274734,64700.0,6282.767427473422,0.0,596.799999999995,864.0,6.0,0,0.0,0,0,0.08333333333333333,0.8617624751236922,0,21.55000000000017
static,293,0.6666666666666666,1.6666666666666667,55390.690750886155,48900.0,5056.290750886163,0.0,570.3999999999949,864.0,6.0,0,0.0,0,0,0.08333333333333333,0.9327544611141477,0,18.65000000000013
static,294,0.75,1.25,51110.847786074664,47000.0,2663.2477860746644,0.0,583.599999999997,864.0,6.0,0,0.0,0,0,0.08333333333333333,0.9204005094506396,0,21.250000000000167
static,295,0.6666666666666666,2.25,56614.39027358764,45800.0,9311.59027358764,0.0,638.7999999999948,864.0,6.0,0,0.0,0,0,0.25,0.934565763752962,0,18.60000000000013
static,296,0.5833333333333334,2.0833333333333335,59390.83173921228,51200.0,6665.631739212281,0.0,661.199999999997,864.0,6.0,0,0.0,0,0,0.0,0.926544993070092,0,18.150000000000123
static,297,0.5,2.5,62373.52954771745,54600.0,6392.329547717458,0.0,517.1999999999944,864.0,6.0,0,0.0,0,0,0.08333333333333333,0.9189277604585192,0,23.050000000000193
static,298,0.5,3.6666666666666665,66229.3615398383,49000.0,15725.76153983831,0.0,639.5999999999939,864.0,6.0,0,0.0,0,0,0.25,0.9119379399510088,0,20.00000000000015
static,299,0.8333333333333334,0.8333333333333334,68565.13355557316,64100.0,3050.33355557316,0.0,550.799999999996,864.0,6.0,0,0.0,0,0,0.0,0.8795774562707097,0,20.600000000000158
central,0,0.8333333333333334,0.5833333333333334,45975.18179635489,43500.0,1562.4130246088514,323.5687717460454,493.1999999999899,96.0,0.6666666666666666,864,19.04947200000013,45,8,0.0,0.8241011951607978,0,24.850000000000218
central,1,0.9166666666666666,0.4166666666666667,56564.57633671846,55200.0,649.0190480009724,34.757288717495605,536.7999999999922,144.0,1.0,779,17.17539199999999,45,8,0.0,0.8809028597361099,0,21.650000000000173
central,2,0.9166666666666666,0.08333333333333333,53058.31256242971,52200.0,204.31256242972063,0.0,569.9999999999959,84.0,0.5833333333333334,714,15.742271999999907,48,8,0.0,0.8948803395421401,0,19.000000000000135
central,3,0.6666666666666666,1.8333333333333333,48159.87117600823,42300.0,5070.411913747852,115.05926226038119,614.3999999999942,60.0,0.4166666666666667,746,16.447807999999938,60,11,0.08333333333333333,0.888396015372439,0,20.15000000000015
central,4,1.0,0.0,49846.399999999994,49200.0,0.0,0.0,586.3999999999954,60.0,0.4166666666666667,753,16.60214399999995,42,8,0.0,0.894921998541629,0,20.65000000000016
central,5,0.9166666666666666,0.4166666666666667,48939.81785601061,47700.0,618.5701665976719,92.44768941293952,432.7999999999958,96.0,0.6666666666666666,681,15.014687999999913,51,8,0.0,0.8716892032905411,0,17.650000000000116
central,6,1.0,0.0,54297.6,53700.0,0.0,0.0,525.5999999999965,72.0,0.5,710,15.654079999999908,51,8,0.08333333333333333,0.8835742444151301,0,18.70000000000013
central,7,0.8333333333333334,1.0,50329.21149506852,45600.0,3952.545945602536,22.665549465993028,657.999999999992,96.0,0.6666666666666666,882,19.44633600000016,57,12,0.0,0.9220953154631994,0,25.850000000000232
central,8,1.0,0.0,48641.2,48000.0,0.0,0.0,509.19999999999766,132.0,0.9166666666666666,681,15.014687999999913,54,8,0.0,0.9108094263192803,0,17.700000000000117
central,9,1.0,0.0,53980.799999999996,53400.0,0.0,0.0,508.7999999999963,72.0,0.5,720,15.874559999999907,51,8,0.08333333333333333,0.8881504143334171,0,19.200000000000138
central,10,0.6666666666666666,2.0,56487.68543695968,48700.0,6896.039495141211,128.04594181847023,703.5999999999965,60.0,0.4166666666666667,673,14.838303999999914,45,8,0.08333333333333333,0.9166376287755585,0,17.050000000000107
central,11,1.0,0.0,51376.26280235946,50600.0,0.0,272.26280235946257,395.9999999999919,108.0,0.75,830,18.299840000000074,46,8,0.0,0.7499050541861416,0,23.250000000000195
central,12,0.75,1.4166666666666667,56525.71631822645,51300.0,4375.716318226448,0.0,753.9999999999965,96.0,0.6666666666666666,675,14.882399999999913,51,8,0.0,0.8379501952498531,0,17.400000000000112
central,13,1.0,0.0,53138.799999999996,52500.0,0.0,0.0,554.7999999999934,84.0,0.5833333333333334,762,16.800575999999964,45,6,0.0,0.9147698197504484,0,21.150000000000166
central,14,0.8333333333333334,0.5,39801.71072299723,38100.0,957.8741525722994,27.43657042493286,632.3999999999957,84.0,0.5833333333333334,720,15.874559999999907,48,8,0.0,0.8657810091038092,0,19.40000000000014
central,15,0.75,1.25,62053.65031010397,55800.0,5439.379282754887,59.87102734908635,646.3999999999962,108.0,0.75,666,14.683967999999915,54,11,0.0,0.9100744305343443,0,17.100000000000108
central,16,0.5833333333333334,2.3333333333333335,52869.34197800532,46500.0,5406.644274539671,211.49770346566072,667.1999999999916,84.0,0.5833333333333334,872,19.225856000000142,56,8,0.0,0.915764938550528,0,24.35000000000021
central,17,0.9166666666666666,0.5833333333333334,45617.23880998146,42300.0,2613.928880198775,52.10992978269214,555.1999999999942,96.0,0.6666666666666666,738,16.271423999999925,51,8,0.0,0.781390613123323,0,20.250000000000153
central,18,0.6666666666666666,1.6666666666666667,61664.03844413826,55500.0,5325.188697160551,110.04974697771885,656.7999999999936,72.0,0.5,725,15.984799999999906,45,8,0.08333333333333333,0.8940718233913322,0,19.30000000000014
central,19,0.6666666666666666,1.6666666666666667,54778.62032110082,49200.0,4736.282889009167,156.73743209164738,637.5999999999963,48.0,0.3333333333333333,648,14.287103999999918,54,11,0.08333333333333333,0.9119762764017715,0,16.5000000000001
central,20,0.8333333333333334,0.4166666666666667,46428.434542386036,44700.0,987.2345423860369,0.0,657.199999999996,84.0,0.5833333333333334,722,15.918655999999906,51,8,0.0,0.9329342419835588,0,19.100000000000136
central,21,0.8333333333333334,1.0,50311.08841786969,45900.0,3722.0798886903312,47.40852917936965,557.5999999999924,84.0,0.5833333333333334,776,17.109247999999987,48,8,0.0,0.8754478301988197,0,21.35000000000017
central,22,0.75,0.9166666666666666,51042.62806580313,48000.0,2221.428065803131,0.0,761.1999999999964,60.0,0.4166666666666667,684,15.080831999999912,54,8,0.08333333333333333,0.9191277032531756,0,17.90000000000012
central,23,0.5,2.4166666666666665,62773.09334629663,55800.0,6030.060305478073,287.8330408185629,607.199999999988,48.0,0.3333333333333333,854,18.828992000000113,51,12,0.0,0.8620733853018103,0,24.750000000000217
central,24,0.9166666666666666,0.16666666666666666,46943.008438174926,46000.0,361.98092156803926,64.22751660690018,480.7999999999916,36.0,0.25,803,17.70454400000003,48,8,0.0,0.8668578845852286,0,22.75000000000019
central,25,0.9166666666666666,0.16666666666666666,43949.69325170082,42900.0,352.89325170082475,0.0,612.7999999999965,84.0,0.5833333333333334,690,15.213119999999911,57,8,0.0,0.9398876190545613,0,18.250000000000124
central,26,0.9166666666666666,0.16666666666666666,47692.748227915996,46500.0,536.7482279159984,0.0,595.9999999999975,60.0,0.4166666666666667,693,15.27926399999991,48,8,0.0,0.8584524366913038,0,18.200000000000124
central,27,0.9166666666666666,0.16666666666666666,55447.02941774248,54200.0,591.1144517379723,49.514966004512175,534.3999999999947,72.0,0.5,721,15.896607999999906,54,8,0.08333333333333333,0.8499577579330926,0,19.25000000000014
central,28,1.0,0.0,47437.23563957599,46800.0,0.0,25.235639576003106,503.99999999999386,108.0,0.75,779,17.17539199999999,45,8,0.0,0.8836879845837676,0,21.55000000000017
central,29,0.9166666666666666,0.4166666666666667,45970.869422729455,44100.0,1190.4401223485131,62.02930038094785,510.3999999999959,108.0,0.75,654,14.419391999999917,54,8,0.0,0.8971578337708211,0,16.6500000000001
central,30,0.75,1.25,44640.29602490214,41700.0,2206.696024902149,0.0,685.5999999999942,48.0,0.3333333333333333,755,16.646239999999953,51,8,0.0,0.9314715809700854,0,20.350000000000154
central,31,0.9166666666666666,0.16666666666666666,47413.94135090542,45900.0,727.9413509054297,0.0,653.9999999999957,132.0,0.9166666666666666,752,16.580095999999948,48,8,0.0,0.9284278698833466,0,20.500000000000156
central,32,0.8333333333333334,0.6666666666666666,36484.49301812877,34800.0,933.6930181287759,0.0,654.7999999999961,96.0,0.6666666666666666,726,16.006847999999906,51,8,0.0,0.9042849805560287,0,19.30000000000014
central,33,0.9166666666666666,0.4166666666666667,42079.139948433105,40800.0,444.35745598391566,29.58249244919002,685.1999999999969,120.0,0.8333333333333334,714,15.742271999999907,60,11,0.08333333333333333,0.9053742546339683,0,19.200000000000138
central,34,0.8333333333333334,0.6666666666666666,45150.862894257356,41100.0,3354.925538474028,44.3373557833403,567.5999999999938,84.0,0.5833333333333334,769,16.954911999999975,54,9,0.08333333333333333,0.8695209777073147,0,21.000000000000163
central,35,0.9166666666666666,0.5833333333333334,47711.378892055,44700.0,2300.1012751831577,25.677616871850123,601.599999999994,84.0,0.5833333333333334,738,16.271423999999925,51,7,0.08333333333333333,0.9333724197436891,0,19.95000000000015
central,36,0.9166666666666666,0.5833333333333334,53035.836375948296,50700.0,1600.3856826707124,59.45069327758617,603.9999999999987,72.0,0.5,588,12.964223999999927,57,8,0.0,0.925510876730312,0,14.000000000000064
central,37,1.0,0.0,50410.42523230057,49800.0,0.0,30.025232300573574,496.3999999999959,84.0,0.5833333333333334,650,14.331199999999917,54,7,0.0,0.8938267373286232,0,16.300000000000097
central,38,1.0,0.0,45492.30303965905,45000.0,0.0,31.903039659050926,424.39999999999475,36.0,0.25,735,16.20527999999992,50,8,0.0,0.8726165350454528,0,19.45000000000014
central,39,1.0,0.0,44779.2,44100.0,0.0,0.0,559.1999999999966,120.0,0.8333333333333334,705,15.543839999999909,51,8,0.0,0.9270717442559594,0,18.70000000000013
central,40,0.8333333333333334,0.5833333333333334,43576.326765436075,40200.0,2611.926765436084,0.0,632.3999999999958,132.0,0.9166666666666666,678,14.948543999999913,48,7,0.0,0.8868683695866543,0,17.700000000000117
central,41,0.9166666666666666,0.4166666666666667,56267.3887220714,53700.0,1877.788722071405,0.0,605.5999999999963,84.0,0.5833333333333334,708,15.609983999999908,60,8,0.0,0.8772478084694093,0,19.000000000000135
central,42,0.8333333333333334,1.0,52735.58453116534,49400.0,2441.0650852805757,313.7194458847702,484.799999999992,96.0,0.6666666666666666,839,18.49827200000009,48,8,0.0,0.8404556845663073,0,23.300000000000196
central,43,0.6666666666666666,1.8333333333333333,56604.31771134244,52500.0,3298.317711342448,0.0,745.9999999999959,60.0,0.4166666666666667,738,16.271423999999925,51,8,0.0,0.8365048149275832,0,19.800000000000146
central,44,1.0,0.0,45865.368991085874,45300.0,0.0,49.36899108587946,479.9999999999935,36.0,0.25,746,16.447807999999938,54,8,0.0,0.9109641167032262,0,20.300000000000153
central,45,0.9166666666666666,0.4166666666666667,53162.30642770701,51300.0,1119.48510428187,33.62132342514307,601.1999999999942,108.0,0.75,802,17.68249600000003,51,8,0.0,0.8392511057155235,0,22.350000000000183
central,46,0.9166666666666666,0.16666666666666666,34813.0261341519,33600.0,578.5006273794702,32.12550677243566,494.3999999999952,108.0,0.75,711,15.676127999999908,45,7,0.0,0.9465466490336221,0,19.000000000000135
central,47,0.8333333333333334,1.1666666666666667,45206.693188033816,41700.0,2782.476535091628,23.816652942191144,628.3999999999959,72.0,0.5,650,14.331199999999917,48,8,0.0,0.9003581588440447,0,16.5000000000001
central,48,1.0,0.0,46548.799999999996,45900.0,0.0,0.0,564.7999999999947,84.0,0.5833333333333334,696,15.34540799999991,48,8,0.0,0.8995539838170987,0,18.350000000000126
central,49,0.8333333333333334,0.5833333333333334,54959.972918465995,52700.0,1514.3729184659956,0.0,673.599999999996,72.0,0.5,672,14.816255999999914,51,11,0.0,0.8704334551755559,0,17.35000000000011
central,50,1.0,0.0,43220.799999999996,42600.0,0.0,0.0,536.799999999994,84.0,0.5833333333333334,738,16.271423999999925,45,8,0.0,0.9253634939393379,0,20.200000000000152
central,51,0.8333333333333334,1.1666666666666667,60411.58272154328,57600.0,1972.468640251317,90.71408129196482,652.399999999997,96.0,0.6666666666666666,654,14.419391999999917,54,11,0.0,0.9421756344517974,0,16.5500000000001
central,52,0.9166666666666666,0.5833333333333334,34985.659301194,32100.0,2153.472715759951,54.98658543405209,569.1999999999957,108.0,0.75,681,15.014687999999913,48,8,0.08333333333333333,0.9168081308656856,0,17.700000000000117
central,53,0.8333333333333334,0.5833333333333334,43630.178268378186,41700.0,1202.9782683781887,0.0,619.1999999999958,108.0,0.75,720,15.874559999999907,54,8,0.0,0.8855603488045967,0,19.45000000000014
central,54,1.0,0.0,48323.10470222392,47700.0,0.0,29.90470222392679,533.1999999999957,60.0,0.4166666666666667,711,15.676127999999908,47,8,0.08333333333333333,0.8968006868230225,0,18.800000000000132
central,55,0.8333333333333334,0.6666666666666666,55834.10665661651,53900.0,1226.8367894255098,141.26986719101134,505.9999999999915,60.0,0.4166666666666667,830,18.299840000000074,51,8,0.0,0.8971112018356229,0,22.550000000000185
central,56,0.75,1.4166666666666667,50287.6254840334,46800.0,2632.4254840334015,0.0,771.1999999999979,84.0,0.5833333333333334,642,14.154815999999919,60,11,0.0,0.8866884784275727,0,16.150000000000095
central,57,0.8333333333333334,0.8333333333333334,50062.90087753703,47700.0,1657.3008775370322,0.0,657.5999999999965,48.0,0.3333333333333333,660,14.551679999999916,51,8,0.0,0.8759869775099065,0,16.800000000000104
central,58,0.5833333333333334,2.0833333333333335,50317.54759263852,42200.0,7161.5582529563435,87.58933968218348,796.3999999999968,72.0,0.5,681,15.014687999999913,54,8,0.0,0.9084170205173601,0,17.550000000000114
central,59,0.9166666666666666,0.4166666666666667,50188.468858551925,48000.0,1600.6770590184885,25.791799533445502,489.99999999999517,72.0,0.5,699,15.41155199999991,54,8,0.0,0.8846384029780835,0,18.400000000000126
central,60,0.75,1.4166666666666667,57014.223173976556,51800.0,4288.613080628245,218.81009334831555,622.7999999999936,84.0,0.5833333333333334,758,16.712383999999957,48,7,0.0,0.7910072653042092,0,20.350000000000154
central,61,0.8333333333333334,0.6666666666666666,50596.03559574869,47400.0,2437.635595748695,0.0,662.399999999996,96.0,0.6666666666666666,750,16.535999999999945,54,7,0.0,0.8873529189085186,0,20.450000000000156
central,62,0.8333333333333334,0.5833333333333334,58805.45088166966,56100.0,1947.41232805986,86.03855360981362,599.9999999999935,72.0,0.5,799,17.616352000000024,51,8,0.0,0.915606104000234,0,22.05000000000018
central,63,0.8333333333333334,1.0,54072.6352661111,51900.0,1365.8307768083455,178.40448930276614,556.3999999999901,72.0,0.5,916,20.195968000000214,45,8,0.0,0.8970829614851776,0,26.800000000000246
central,64,0.8333333333333334,0.8333333333333334,51062.85176591265,48000.0,2278.3212643762945,106.9305015363673,629.5999999999947,48.0,0.3333333333333333,714,15.742271999999907,51,8,0.0,0.9000143542140808,0,19.25000000000014
central,65,0.9166666666666666,0.16666666666666666,53359.85371958207,52500.0,195.45371958207332,0.0,544.3999999999974,120.0,0.8333333333333334,672,14.816255999999914,54,8,0.0,0.9098326065549539,0,17.35000000000011
central,66,0.9166666666666666,0.5833333333333334,47826.18197978831,45300.0,1816.5153275196699,67.26665226864283,594.3999999999946,48.0,0.3333333333333333,760,16.75647999999996,57,8,0.0,0.8579465276016264,0,20.70000000000016
central,67,1.0,0.0,39357.766403153204,38700.0,0.0,24.566403153205005,525.1999999999973,108.0,0.75,696,15.34540799999991,54,11,0.08333333333333333,0.8926733315034311,0,18.500000000000128
central,68,0.75,1.0,49856.82280285608,47700.0,1460.8228028560868,0.0,635.9999999999956,60.0,0.4166666666666667,751,16.558047999999946,66,11,0.08333333333333333,0.9358817453283824,0,20.350000000000154
central,69,0.9166666666666666,0.4166666666666667,46774.25114132255,44700.0,1297.4629364321008,81.5882048904522,611.1999999999941,84.0,0.5833333333333334,808,17.81478400000004,51,8,0.0,0.8967256859531104,0,22.700000000000188
central,70,1.0,0.0,55841.2,55200.0,0.0,0.0,581.199999999996,60.0,0.4166666666666667,794,17.506112000000016,48,8,0.0,0.9015767407378313,0,22.25000000000018
central,71,1.0,0.0,50183.59999999999,49500.0,0.0,0.0,599.5999999999947,84.0,0.5833333333333334,741,16.33756799999993,48,8,0.08333333333333333,0.904249792186106,0,20.05000000000015
central,72,1.0,0.0,43232.0,42600.0,0.0,0.0,583.9999999999964,48.0,0.3333333333333333,729,16.07299199999991,51,8,0.0,0.8519315319045218,0,19.650000000000144
central,73,0.8333333333333334,0.75,55621.759352541485,52800.0,2037.7593525414923,0.0,711.9999999999956,72.0,0.5,753,16.60214399999995,45,8,0.0,0.8523266209327466,0,20.450000000000156
central,74,0.9166666666666666,0.5833333333333334,49464.841271841244,47200.0,1608.483899441023,80.35737240022773,551.9999999999925,24.0,0.16666666666666666,779,17.17539199999999,48,8,0.0,0.8681714464676186,0,21.40000000000017
central,75,0.9166666666666666,0.4166666666666667,46001.13817622411,43800.0,1526.3381762241138,0.0,590.7999999999965,84.0,0.5833333333333334,747,16.46985599999994,51,8,0.0,0.8446677836739995,0,20.400000000000155
central,76,0.9166666666666666,0.5833333333333334,41435.84328232882,39900.0,917.19697198917,65.44631033964879,505.19999999999646,48.0,0.3333333333333333,660,14.551679999999916,54,12,0.0,0.9096167424008227,0,16.800000000000104
central,77,0.8333333333333334,0.8333333333333334,50856.47833678031,46200.0,3887.587760203798,59.29057657652207,637.5999999999938,72.0,0.5,747,16.46985599999994,48,8,0.0,0.9221511010923632,0,20.300000000000153
central,78,0.8333333333333334,0.3333333333333333,49692.30857382038,48000.0,877.1085738203852,0.0,719.1999999999966,96.0,0.6666666666666666,729,16.07299199999991,48,8,0.0,0.8887827106917646,0,19.700000000000145
central,79,0.5833333333333334,3.0833333333333335,53345.31821304576,46300.0,5989.718166251663,316.40004679409816,667.1999999999902,72.0,0.5,849,18.718752000000105,47,8,0.08333333333333333,0.8627313696522173,0,23.5000000000002
central,80,0.9166666666666666,0.5833333333333334,53846.724290090824,51000.0,2114.7242900908223,0.0,635.9999999999966,96.0,0.6666666666666666,696,15.34540799999991,48,8,0.0,0.8575935000077255,0,18.450000000000127
central,81,0.6666666666666666,2.5833333333333335,47746.78645932156,32100.0,14596.98632371096,295.00013561061303,694.799999999992,60.0,0.4166666666666667,821,18.10140800000006,52,8,0.0,0.8253617404472791,0,22.90000000000019
central,82,0.8333333333333334,0.8333333333333334,56554.56547675916,54900.0,888.1654767591706,0.0,646.3999999999938,120.0,0.8333333333333334,773,17.043103999999982,45,7,0.0,0.8648875213461398,0,21.250000000000167
central,83,0.8333333333333334,1.0,46351.52791838168,43000.0,2568.635255776641,135.2926626050483,611.5999999999948,36.0,0.25,740,16.31551999999993,54,8,0.0,0.8901706441325605,0,20.00000000000015
central,84,0.9166666666666666,0.25,52441.1064270134,50700.0,1109.5064270134028,0.0,595.5999999999979,36.0,0.25,701,15.45564799999991,48,7,0.0,0.8556059620891153,0,18.400000000000126
central,85,1.0,0.0,56911.708409665625,56200.0,0.0,65.30840966562886,586.3999999999929,60.0,0.4166666666666667,744,16.403711999999935,51,11,0.08333333333333333,0.9415309547571795,0,20.450000000000156
central,86,0.75,1.5833333333333333,58633.13241427774,55400.0,2460.5517622908974,117.78065198684416,570.799999999994,84.0,0.5833333333333334,759,16.73443199999996,48,8,0.08333333333333333,0.8366764312472336,0,20.65000000000016
central,87,1.0,0.0,46873.6,46200.0,0.0,0.0,601.5999999999952,72.0,0.5,732,16.139135999999915,54,11,0.0,0.9223076589929612,0,19.900000000000148
central,88,1.0,0.0,48416.403888248125,47700.0,0.0,24.803888248126018,523.5999999999975,168.0,1.1666666666666667,648,14.287103999999918,45,8,0.0,0.919435793158406,0,16.300000000000097
central,89,0.8333333333333334,0.5833333333333334,55674.5009508636,52800.0,2094.9009508636,0.0,683.5999999999977,96.0,0.6666666666666666,672,14.816255999999914,54,8,0.0,0.9319920179260104,0,17.30000000000011
central,90,1.0,0.0,58292.0,57600.0,0.0,0.0,631.9999999999966,60.0,0.4166666666666667,693,15.27926399999991,54,8,0.0,0.8797713124921736,0,18.150000000000123
central,91,0.8333333333333334,0.8333333333333334,48416.73203405137,45900.0,1815.2501415734914,51.8818924778887,553.5999999999927,96.0,0.6666666666666666,786,17.329728000000003,56,8,0.0,0.9077829902534237,0,21.700000000000173
central,92,0.8333333333333334,1.0,56256.15990187223,52500.0,2914.4282332592857,144.13166861295417,601.5999999999914,96.0,0.6666666666666666,759,16.73443199999996,54,10,0.0,0.8956559111526121,0,20.900000000000162
central,93,1.0,0.0,49459.59999999999,48900.0,0.0,0.0,499.5999999999942,60.0,0.4166666666666667,765,16.86671999999997,48,8,0.0,0.8927811109999756,0,21.100000000000165
central,94,0.9166666666666666,0.5833333333333334,59397.6410751594,57300.0,1388.029277463564,53.61179769584081,547.9999999999932,108.0,0.75,741,16.33756799999993,45,7,0.08333333333333333,0.9120771558651538,0,20.05000000000015
central,95,0.8333333333333334,0.8333333333333334,58442.46620437376,54900.0,2704.2361269911707,116.63007738259071,637.5999999999957,84.0,0.5833333333333334,715,15.764319999999907,53,8,0.0,0.9286458309040496,0,18.800000000000132
central,96,1.0,0.0,52273.99999999999,51600.0,0.0,0.0,589.9999999999943,84.0,0.5833333333333334,738,16.271423999999925,42,8,0.0,0.9122345589263392,0,20.05000000000015
central,97,0.6666666666666666,1.6666666666666667,51703.64065001287,47900.0,2935.889743574745,113.35090643813393,706.3999999999959,48.0,0.3333333333333333,685,15.102879999999912,50,8,0.0,0.895429944777631,0,17.700000000000117
central,98,0.8333333333333334,1.0,45381.688374990044,42600.0,2085.580384185603,55.307990804447655,556.799999999995,84.0,0.5833333333333334,696,15.34540799999991,57,12,0.0,0.8704524346310902,0,18.400000000000126
central,99,1.0,0.0,44801.87993959478,44100.0,0.0,33.87993959478681,559.9999999999956,108.0,0.75,714,15.742271999999907,51,8,0.0,0.8896464636667151,0,19.050000000000136
central,100,1.0,0.0,36649.78660184548,36000.0,0.0,64.9866018454828,512.7999999999952,72.0,0.5,732,16.139135999999915,48,8,0.0,0.919024369113366,0,19.900000000000148
central,101,0.8333333333333334,0.8333333333333334,50938.223137313624,48900.0,1366.9798626576226,28.443274656003577,570.7999999999965,72.0,0.5,678,14.948543999999913,51,8,0.0,0.9236177692552502,0,17.650000000000116
central,102,0.75,1.3333333333333333,44014.8084214313,40400.0,2812.769452458925,25.23896897237633,704.7999999999943,72.0,0.5,760,16.75647999999996,51,8,0.0,0.905148542841097,0,20.600000000000158
central,103,0.9166666666666666,0.4166666666666667,51497.771822113085,49600.0,1222.9317118151378,23.64011029795365,579.1999999999955,72.0,0.5,701,15.45564799999991,54,8,0.08333333333333333,0.8912784242772093,0,18.350000000000126
central,104,0.8333333333333334,0.5833333333333334,54173.44413903999,52500.0,959.0441390399926,0.0,630.3999999999957,84.0,0.5833333333333334,713,15.720223999999908,45,8,0.0,0.9005508888453931,0,18.850000000000133
central,105,0.9166666666666666,0.4166666666666667,54554.82564829207,53200.0,659.625648292074,0.0,647.1999999999974,48.0,0.3333333333333333,624,13.757951999999921,51,8,0.0,0.8447925079908123,0,15.500000000000085
central,106,1.0,0.0,47662.799999999996,47100.0,0.0,0.0,490.79999999999575,72.0,0.5,746,16.447807999999938,53,8,0.08333333333333333,0.9153253356058011,0,20.250000000000153
central,107,0.75,1.75,55289.283111019045,48200.0,6258.483111019052,0.0,710.7999999999947,120.0,0.8333333333333334,771,16.99900799999998,53,9,0.0,0.8845472865146167,0,21.100000000000165
central,108,0.9166666666666666,0.5833333333333334,44109.41447803916,40800.0,2372.5858208498917,441.2286571892762,411.599999999993,84.0,0.5833333333333334,774,17.065151999999983,46,9,0.0,0.910414612630239,0,20.85000000000016
central,109,0.6666666666666666,1.6666666666666667,61102.55681158231,54600.0,5662.672140184422,63.88467139790055,703.9999999999948,72.0,0.5,768,16.932863999999974,45,8,0.0,0.8874053723269075,0,21.250000000000167
central,110,0.9166666666666666,0.4166666666666667,49012.381087916365,47100.0,1210.781087916374,0.0,629.5999999999947,72.0,0.5,710,15.654079999999908,54,8,0.08333333333333333,0.9181554709565404,0,19.000000000000135
central,111,0.8333333333333334,0.6666666666666666,54090.061814895176,51000.0,2328.461814895187,0.0,665.5999999999938,96.0,0.6666666666666666,791,17.43996800000001,59,8,0.0,0.9181289646811168,0,22.25000000000018
central,112,0.8333333333333334,1.1666666666666667,57176.37593681138,51900.0,4516.084244492105,29.091692319275957,599.199999999995,132.0,0.9166666666666666,717,15.808415999999907,54,8,0.08333333333333333,0.8833435100692211,0,19.25000000000014
central,113,1.0,0.0,54118.71329180978,53500.0,0.0,24.713291809783815,545.9999999999925,48.0,0.3333333333333333,793,17.484064000000014,48,7,0.0,0.818274316678386,0,22.25000000000018
central,114,0.9166666666666666,0.4166666666666667,43087.43496152904,42000.0,425.0349615290506,0.0,566.3999999999969,96.0,0.6666666666666666,654,14.419391999999917,51,11,0.0,0.8784347889214472,0,16.6000000000001
central,115,1.0,0.0,37278.399999999994,36600.0,0.0,0.0,558.3999999999942,120.0,0.8333333333333334,788,17.373824000000006,56,8,0.0,0.897915036220806,0,21.800000000000175
central,116,0.8333333333333334,0.6666666666666666,46798.04794469896,45100.0,872.0897255355701,266.35821916339864,499.5999999999955,60.0,0.4166666666666667,755,16.646239999999953,48,8,0.0,0.8807291410991258,0,20.300000000000153
central,117,0.8333333333333334,0.5,39703.92125819289,38400.0,579.580392323385,40.74086586950389,611.599999999995,72.0,0.5,760,16.75647999999996,57,8,0.0,0.8398356405800089,0,20.70000000000016
central,118,1.0,0.0,42356.799999999996,41700.0,0.0,0.0,560.7999999999971,96.0,0.6666666666666666,692,15.25721599999991,54,8,0.0,0.8734626556318579,0,18.05000000000012
central,119,0.9166666666666666,0.4166666666666667,48786.431121958645,47400.0,735.2311219586477,0.0,579.1999999999955,72.0,0.5,684,15.080831999999912,51,11,0.0,0.9297245501200891,0,17.700000000000117
central,120,1.0,0.0,34904.799999999996,34200.0,0.0,0.0,596.7999999999955,108.0,0.75,720,15.874559999999907,51,7,0.08333333333333333,0.9021533751876476,0,19.45000000000014
central,121,0.75,1.5833333333333333,44664.09715552028,40300.0,3596.5263466110096,93.57080890927273,577.9999999999923,96.0,0.6666666666666666,802,17.68249600000003,49,8,0.0,0.8869663408345234,0,22.300000000000182
central,122,0.8333333333333334,0.5833333333333334,54777.3685174858,53600.0,626.5151305937165,29.653386892079805,461.19999999999493,60.0,0.4166666666666667,699,15.41155199999991,45,8,0.0,0.8578286468129668,0,18.300000000000125
central,123,0.8333333333333334,0.8333333333333334,50217.48567979375,47700.0,1886.7261219501288,25.15955784361472,557.599999999996,48.0,0.3333333333333333,681,15.014687999999913,51,8,0.08333333333333333,0.9089815663162863,0,17.550000000000114
central,124,0.75,1.1666666666666667,43310.01527779794,40800.0,1694.0152777979356,0.0,779.9999999999968,36.0,0.25,702,15.47769599999991,51,12,0.0,0.8581881187025026,0,18.75000000000013
central,125,0.75,0.8333333333333334,49877.71375127438,46700.0,2298.837380701437,92.87637057295323,737.999999999993,48.0,0.3333333333333333,771,16.99900799999998,51,11,0.0,0.8936020557210264,0,21.300000000000168
central,126,0.9166666666666666,0.4166666666666667,50741.12807680111,49200.0,909.5280768011169,0.0,559.5999999999977,72.0,0.5,648,14.287103999999918,51,8,0.08333333333333333,0.9271975388659408,0,16.200000000000095
central,127,0.9166666666666666,0.5833333333333334,49690.39634218678,47600.0,1435.14246806405,58.053874122736225,537.199999999995,60.0,0.4166666666666667,666,14.683967999999915,63,11,0.0,0.8746199970968491,0,16.800000000000104
central,128,0.6666666666666666,1.6666666666666667,56212.65065352935,52100.0,3154.199421390222,97.25123213913255,789.199999999995,72.0,0.5,725,15.984799999999906,51,8,0.08333333333333333,0.9126928800288547,0,19.30000000000014
central,129,0.9166666666666666,0.16666666666666666,47956.24229887135,46800.0,528.6422988713543,0.0,567.5999999999979,60.0,0.4166666666666667,642,14.154815999999919,48,8,0.0,0.8748698966214963,0,16.150000000000095
central,130,0.75,1.0,45317.73581117998,42000.0,2527.335811179979,0.0,718.3999999999979,72.0,0.5,675,14.882399999999913,54,8,0.0,0.8833347621087704,0,17.35000000000011
central,131,0.9166666666666666,0.25,60189.69997858396,59100.0,413.4694422440026,23.430536339959197,592.7999999999955,60.0,0.4166666666666667,666,14.683967999999915,63,8,0.08333333333333333,0.8751143376205592,0,17.25000000000011
central,132,0.9166666666666666,0.16666666666666666,58725.03551797695,57900.0,176.23551797695447,0.0,540.7999999999963,108.0,0.75,708,15.609983999999908,48,8,0.0,0.8840810467436874,0,18.900000000000134
central,133,0.9166666666666666,0.4166666666666667,49139.584322137074,48000.0,490.6380133709377,78.94630876614104,509.9999999999933,60.0,0.4166666666666667,777,17.13129599999999,63,9,0.0,0.8697821399938244,0,21.300000000000168
central,134,0.75,1.0,49802.8548829771,47700.0,1337.538388633001,96.11649434411406,609.1999999999929,60.0,0.4166666666666667,823,18.145504000000063,57,7,0.0,0.8941530190328001,0,23.100000000000193
central,135,0.9166666666666666,0.4166666666666667,44177.88243231397,42900.0,592.8098952162309,33.47253709774465,567.5999999999933,84.0,0.5833333333333334,753,16.60214399999995,48,7,0.08333333333333333,0.9239248622098065,0,20.70000000000016
central,136,0.8333333333333334,0.8333333333333334,57356.92728591965,54100.0,2601.8694964401475,23.45778947950903,547.5999999999947,84.0,0.5833333333333334,681,15.014687999999913,57,12,0.0,0.9126878718472575,0,17.700000000000117
central,137,0.75,1.4166666666666667,54243.91370958438,51000.0,2545.5137095843925,0.0,614.3999999999947,84.0,0.5833333333333334,738,16.271423999999925,48,8,0.0,0.8580076974968583,0,19.850000000000147
central,138,0.9166666666666666,0.4166666666666667,53532.99963419224,51300.0,1538.6365450906255,56.36308910162294,541.9999999999957,96.0,0.6666666666666666,680,14.992639999999913,47,8,0.0,0.8379413061164804,0,17.700000000000117
central,139,0.8333333333333334,0.5833333333333334,51367.41278384823,49200.0,1535.6170376337045,50.595746214529996,521.1999999999953,60.0,0.4166666666666667,778,17.15334399999999,54,8,0.08333333333333333,0.8520749522981561,0,21.40000000000017
central,140,1.0,0.0,55271.86867260543,54600.0,0.0,75.06867260543333,548.7999999999944,48.0,0.3333333333333333,776,17.109247999999987,42,8,0.0,0.9159676457740157,0,21.50000000000017
central,141,0.8333333333333334,0.25,43001.431771553194,41700.0,524.6317715531978,0.0,704.7999999999979,72.0,0.5,642,14.154815999999919,48,8,0.0,0.8871694875721173,0,16.200000000000095
central,142,0.8333333333333334,0.8333333333333334,52101.31632554243,48600.0,2761.105088342434,38.21123720000511,629.9999999999945,72.0,0.5,735,16.20527999999992,51,7,0.0,0.9240974885280739,0,19.750000000000146
central,143,0.9166666666666666,0.5833333333333334,55895.31546435253,54200.0,1001.3048760811141,127.61058827141551,482.3999999999933,84.0,0.5833333333333334,763,16.822623999999966,54,10,0.0,0.8671324223697876,0,20.80000000000016
central,144,0.9166666666666666,0.4166666666666667,39256.776365516605,37500.0,1003.1763655166035,0.0,693.5999999999974,60.0,0.4166666666666667,696,15.34540799999991,48,8,0.0,0.8608051513976706,0,18.300000000000125
central,145,0.9166666666666666,0.4166666666666667,39897.32131845385,37200.0,2041.721318453857,0.0,571.5999999999946,84.0,0.5833333333333334,740,16.31551999999993,54,8,0.0,0.9161336434558166,0,20.00000000000015
central,146,0.75,1.0,48300.40596125851,45000.0,2560.005961258515,0.0,668.3999999999952,72.0,0.5,706,15.565887999999909,54,8,0.08333333333333333,0.9097373340854692,0,18.450000000000127
central,147,1.0,0.0,48897.6,48300.0,0.0,0.0,537.5999999999952,60.0,0.4166666666666667,729,16.07299199999991,54,8,0.0,0.9399701382322954,0,19.650000000000144
central,148,0.9166666666666666,0.08333333333333333,53664.146644826615,52800.0,101.43877403715202,67.1078707894679,611.5999999999935,84.0,0.5833333333333334,726,16.006847999999906,45,8,0.0,0.9066079303947809,0,19.700000000000145
central,149,1.0,0.0,45971.14985678071,45300.0,0.0,26.749856780704174,548.3999999999983,96.0,0.6666666666666666,594,13.096511999999926,51,8,0.0,0.8982346191190025,0,14.250000000000068
central,150,1.0,0.0,52068.04693038405,51300.0,0.0,170.846930384052,465.1999999999946,132.0,0.9166666666666666,663,14.617823999999915,60,16,0.0,0.9141149839906616,0,16.950000000000106
central,151,0.9166666666666666,0.5833333333333334,56629.81417887451,53000.0,2961.011306482485,62.00287239203266,546.7999999999934,60.0,0.4166666666666667,803,17.70454400000003,51,8,0.0,0.9176089052500994,0,22.500000000000185
central,152,0.9166666666666666,0.4166666666666667,54708.193240851,52500.0,1414.866378320106,90.12686253089267,595.1999999999936,108.0,0.75,798,17.594304000000022,50,8,0.0,0.9174943230037602,0,22.20000000000018
central,153,1.0,0.0,49860.0,49200.0,0.0,0.0,599.9999999999965,60.0,0.4166666666666667,648,14.287103999999918,57,8,0.08333333333333333,0.9148345500454615,0,16.4500000000001
central,154,1.0,0.0,51381.07137964616,50700.0,0.0,53.87137964616159,555.1999999999936,72.0,0.5,747,16.46985599999994,45,8,0.0,0.9170734240314758,0,20.350000000000154
central,155,0.9166666666666666,0.16666666666666666,55666.0880326923,54300.0,754.8880326923032,0.0,563.1999999999953,48.0,0.3333333333333333,770,16.976959999999977,48,8,0.0,0.9141706752813917,0,21.250000000000167
central,156,0.5833333333333334,3.5,66277.34509383184,50400.0,14878.13406670852,320.8110271233248,594.3999999999908,84.0,0.5833333333333334,852,18.78489600000011,48,9,0.0,0.8323227588173148,0,23.750000000000203
central,157,0.9166666666666666,0.4166666666666667,56763.72166434604,55300.0,730.9624256752943,142.75923867075167,529.9999999999925,60.0,0.4166666666666667,765,16.86671999999997,48,7,0.0,0.8263443292748526,0,21.200000000000166
central,158,0.8333333333333334,0.8333333333333334,49161.87454993276,46000.0,2426.274549932765,0.0,639.5999999999971,96.0,0.6666666666666666,665,14.661919999999915,48,8,0.08333333333333333,0.9195248165193807,0,16.800000000000104
central,159,0.9166666666666666,0.16666666666666666,45016.87512042356,43800.0,579.3726204915635,24.702499931999814,516.7999999999945,96.0,0.6666666666666666,777,17.13129599999999,54,8,0.0,0.8426601060379514,0,21.050000000000164
central,160,1.0,0.0,48153.99999999999,47700.0,0.0,0.0,441.99999999999613,12.0,0.08333333333333333,696,15.34540799999991,51,8,0.0,0.9105347572662585,0,17.750000000000117
central,161,0.9166666666666666,0.4166666666666667,50319.600378828734,48700.0,888.0253116057371,31.17506722300556,628.3999999999955,72.0,0.5,737,16.249375999999923,54,8,0.08333333333333333,0.8655753441064219,0,19.800000000000146
central,162,0.6666666666666666,2.5833333333333335,53087.820484438074,40800.0,11255.010559475546,366.0099249625408,570.7999999999898,96.0,0.6666666666666666,863,19.027424000000128,48,8,0.08333333333333333,0.9155995463448432,0,24.30000000000021
central,163,1.0,0.0,48896.96247671623,48300.0,0.0,34.16247671623449,490.7999999999956,72.0,0.5,711,15.676127999999908,51,8,0.0,0.9190090937314811,0,18.800000000000132
central,164,0.8333333333333334,0.5833333333333334,48303.50364678345,46200.0,1299.2027413827377,51.10090540071667,693.1999999999982,60.0,0.4166666666666667,617,13.603615999999922,54,11,0.0,0.8921466254651059,0,14.850000000000076
central,165,1.0,0.0,50412.399999999994,49800.0,0.0,0.0,588.3999999999967,24.0,0.16666666666666666,672,14.816255999999914,60,12,0.0,0.9005253064286642,0,17.450000000000113
central,166,0.8333333333333334,1.1666666666666667,47529.73196749519,43100.0,3673.8622614490387,31.069706046150884,640.7999999999973,84.0,0.5833333333333334,645,14.220959999999918,57,8,0.16666666666666666,0.8993343780545232,0,16.200000000000095
central,167,1.0,0.0,45970.011365584105,45200.0,0.0,183.21136558411052,526.799999999994,60.0,0.4166666666666667,750,16.535999999999945,57,8,0.0,0.8922121188780376,0,20.400000000000155
central,168,0.8333333333333334,0.8333333333333334,49196.91358567018,44900.0,3513.4892304548775,79.82435521530805,607.5999999999957,96.0,0.6666666666666666,717,15.808415999999907,45,8,0.0,0.8662996129351465,0,18.900000000000134
central,169,0.9166666666666666,0.4166666666666667,52406.90804802271,50100.0,1656.7379762154674,31.77007180725242,534.3999999999961,84.0,0.5833333333333334,702,15.47769599999991,45,8,0.08333333333333333,0.8988797946188886,0,18.350000000000126
central,170,1.0,0.0,45711.2197565566,45000.0,0.0,24.019756556607977,567.1999999999958,120.0,0.8333333333333334,708,15.609983999999908,51,12,0.0,0.9050010190382978,0,18.850000000000133
central,171,0.8333333333333334,0.8333333333333334,45157.607235463925,42300.0,2056.407235463927,0.0,693.1999999999957,108.0,0.75,735,16.20527999999992,48,7,0.0,0.9039038436933521,0,19.900000000000148
central,172,0.75,1.25,50354.28574627123,46600.0,2811.020346133594,388.46540013764377,494.799999999993,60.0,0.4166666666666667,804,17.726592000000032,48,8,0.0,0.9064653016440106,0,22.350000000000183
central,173,0.75,1.3333333333333333,49306.22339197687,44700.0,3748.6083370987526,29.21505487811754,780.3999999999959,48.0,0.3333333333333333,711,15.676127999999908,54,8,0.0,0.898586633148464,0,18.850000000000133
central,174,1.0,0.0,55226.399999999994,54600.0,0.0,0.0,554.3999999999949,72.0,0.5,762,16.800575999999964,54,8,0.0,0.888042717456555,0,21.200000000000166
central,175,0.9166666666666666,0.4166666666666667,44635.30327089154,42900.0,1115.3032708915446,0.0,535.9999999999967,84.0,0.5833333333333334,695,15.32335999999991,53,8,0.08333333333333333,0.9073088969272317,0,18.100000000000122
central,176,0.9166666666666666,0.4166666666666667,51169.3207437268,48600.0,1860.825740091046,25.695003635756247,562.7999999999981,120.0,0.8333333333333334,641,14.132767999999919,57,11,0.0,0.91525712882854,0,15.950000000000092
central,177,0.8333333333333334,0.8333333333333334,45220.19351105885,42000.0,2455.7935110588624,0.0,680.399999999996,84.0,0.5833333333333334,708,15.609983999999908,48,8,0.0,0.9167164770455942,0,18.850000000000133
central,178,1.0,0.0,36636.4,36000.0,0.0,0.0,528.3999999999984,108.0,0.75,606,13.361087999999924,54,8,0.0,0.8434690109183413,0,14.650000000000073
central,179,0.9166666666666666,0.16666666666666666,42662.41139773587,41400.0,638.8113977358765,0.0,539.5999999999963,84.0,0.5833333333333334,651,14.353247999999917,51,8,0.0,0.8793422832101249,0,16.300000000000097
central,180,1.0,0.0,42317.41960598198,41700.0,0.0,27.419605981982528,529.9999999999966,60.0,0.4166666666666667,639,14.088671999999919,57,8,0.0,0.8714454987962994,0,15.80000000000009
central,181,0.75,1.25,49921.39790410891,45800.0,3434.5059148113387,64.09198929758159,562.7999999999921,60.0,0.4166666666666667,823,18.145504000000063,59,8,0.08333333333333333,0.8811740026385366,0,23.400000000000198
central,182,0.9166666666666666,0.4166666666666667,53169.3008431043,51900.0,506.0744880891366,196.42635501516756,530.7999999999959,36.0,0.25,672,14.816255999999914,51,12,0.0,0.9273624240813293,0,17.35000000000011
central,183,0.9166666666666666,0.08333333333333333,52616.55823364799,51600.0,306.15823364800025,0.0,614.3999999999961,96.0,0.6666666666666666,702,15.47769599999991,48,8,0.0,0.8880911230533576,0,18.65000000000013
central,184,0.9166666666666666,0.4166666666666667,48463.087052248186,47100.0,706.0472333423286,101.83981890585787,507.19999999999607,48.0,0.3333333333333333,699,15.41155199999991,54,9,0.0,0.9292114643848535,0,18.500000000000128
central,185,1.0,0.0,42381.40732453632,41700.0,0.0,33.807324536319946,539.5999999999968,108.0,0.75,669,14.750111999999914,48,8,0.0,0.9012071922295568,0,17.050000000000107
central,186,0.9166666666666666,0.16666666666666666,48243.093773885834,47100.0,375.09377388583164,0.0,623.9999999999968,144.0,1.0,678,14.948543999999913,51,7,0.08333333333333333,0.8649038368608211,0,17.650000000000116
central,187,1.0,0.0,37747.2,37200.0,0.0,0.0,499.199999999996,48.0,0.3333333333333333,686,15.124927999999912,48,8,0.08333333333333333,0.904268277785238,0,17.90000000000012
central,188,0.9166666666666666,0.5833333333333334,48490.974845811514,45600.0,2195.3748458115256,0.0,611.5999999999932,84.0,0.5833333333333334,777,17.13129599999999,54,12,0.08333333333333333,0.9014864171520643,0,21.700000000000173
central,189,1.0,0.0,41996.76287182144,41300.0,0.0,30.362871821449026,570.3999999999966,96.0,0.6666666666666666,696,15.34540799999991,60,10,0.0,0.8938087525774032,0,18.100000000000122
central,190,0.8333333333333334,0.6666666666666666,54259.43691403484,51600.0,1796.5864377144624,169.65047632039506,621.1999999999923,72.0,0.5,777,17.13129599999999,48,8,0.0,0.9381003486725857,0,21.650000000000173
central,191,0.8333333333333334,1.0,60159.473141139475,56300.0,3010.673141139477,0.0,752.799999999998,96.0,0.6666666666666666,636,14.02252799999992,51,8,0.0,0.9058178104152805,0,15.85000000000009
central,192,0.9166666666666666,0.16666666666666666,47759.14070779731,46500.0,508.09399428697327,29.44671351034041,589.599999999995,132.0,0.9166666666666666,744,16.403711999999935,54,8,0.08333333333333333,0.8920309634951364,0,20.300000000000153
central,193,0.75,0.9166666666666666,46745.766528627086,42800.0,3079.898645842173,105.46788278492375,652.3999999999962,108.0,0.75,725,15.984799999999906,51,8,0.0,0.9138028086641886,0,19.200000000000138
central,194,0.8333333333333334,0.3333333333333333,42922.646316018356,41100.0,1195.0463160183629,0.0,579.5999999999946,48.0,0.3333333333333333,714,15.742271999999907,54,11,0.0,0.9168879086167605,0,19.150000000000137
central,195,0.9166666666666666,0.4166666666666667,47527.12088789954,46200.0,731.1208878995446,0.0,559.9999999999955,36.0,0.25,744,16.403711999999935,51,7,0.0,0.826974276392908,0,20.450000000000156
central,196,1.0,0.0,45314.89533596373,44700.0,0.0,22.895335963728183,507.9999999999987,84.0,0.5833333333333334,621,13.691807999999922,51,8,0.0,0.9352524279369593,0,15.250000000000082
central,197,1.0,0.0,48028.399999999994,47400.0,0.0,0.0,556.3999999999949,72.0,0.5,762,16.800575999999964,54,8,0.0,0.8580559849245021,0,21.100000000000165
central,198,0.9166666666666666,0.16666666666666666,42162.88175739714,41100.0,349.28175739714237,0.0,605.5999999999972,108.0,0.75,702,15.47769599999991,51,8,0.0,0.8740784046249043,0,18.65000000000013
central,199,0.9166666666666666,0.5833333333333334,55907.85711643925,53700.0,1489.4571164392544,0.0,646.3999999999946,72.0,0.5,732,16.139135999999915,57,8,0.0,0.9321597170774165,0,19.850000000000147
central,200,1.0,0.0,52107.59436065056,51600.0,0.0,23.59436065057149,411.99999999999636,72.0,0.5,662,14.595775999999915,51,8,0.0,0.7742669201557196,0,16.700000000000102
central,201,0.75,1.4166666666666667,57751.883420412756,54300.0,2596.0741100656596,69.4093103471046,702.3999999999975,84.0,0.5833333333333334,699,15.41155199999991,57,11,0.0,0.8893931630187203,0,18.300000000000125
central,202,0.9166666666666666,0.16666666666666666,39638.34251278427,38800.0,269.006689995702,60.935822788575535,472.3999999999938,36.0,0.25,786,17.329728000000003,51,8,0.0,0.9053895833234429,0,21.650000000000173
central,203,0.9166666666666666,0.4166666666666667,57398.97661573923,54600.0,2097.3766157392342,0.0,629.5999999999964,72.0,0.5,693,15.27926399999991,45,8,0.0,0.8553730480045182,0,18.05000000000012
central,204,1.0,0.0,54897.6,54300.0,0.0,0.0,549.5999999999956,48.0,0.3333333333333333,714,15.742271999999907,54,8,0.08333333333333333,0.9301206023075099,0,19.25000000000014
central,205,0.9166666666666666,0.5833333333333334,41148.54347033961,39600.0,933.7210343718978,26.022435967718447,516.7999999999947,72.0,0.5,738,16.271423999999925,48,8,0.0,0.8492232772427213,0,20.15000000000015
central,206,0.75,1.5833333333333333,60069.80086853981,49400.0,9781.63511711861,275.7657514212078,540.3999999999928,72.0,0.5,782,17.241535999999996,45,8,0.0,0.8780199587767198,0,21.55000000000017
central,207,1.0,0.0,51369.462982988916,50700.0,0.0,23.462982988925805,585.9999999999942,60.0,0.4166666666666667,714,15.742271999999907,57,11,0.0,0.9071794050550577,0,19.150000000000137
central,208,0.9166666666666666,0.25,55933.88072308661,54300.0,912.6807230866119,0.0,649.1999999999962,72.0,0.5,696,15.34540799999991,57,8,0.0,0.8947353076549166,0,18.450000000000127
central,209,0.8333333333333334,0.6666666666666666,60398.86224520871,57600.0,2027.7314982193227,31.530746989393013,619.5999999999946,120.0,0.8333333333333334,720,15.874559999999907,54,8,0.0,0.9337871492901019,0,19.200000000000138
central,210,0.9166666666666666,0.5833333333333334,54278.131530807856,52500.0,1042.5449150124855,96.78661579537578,602.7999999999945,36.0,0.25,796,17.55020800000002,53,8,0.0,0.8888141440274104,0,22.05000000000018
central,211,0.8333333333333334,1.1666666666666667,49799.40160861153,45300.0,3673.3869015729224,39.214707038611785,642.7999999999952,144.0,1.0,753,16.60214399999995,57,8,0.0,0.8475918611662997,0,20.450000000000156
central,212,0.8333333333333334,0.8333333333333334,41835.02090423962,40200.0,920.7946527600321,90.22625147959653,563.9999999999965,60.0,0.4166666666666667,701,15.45564799999991,48,8,0.0,0.8974672000405828,0,18.300000000000125
central,213,0.8333333333333334,1.0,48122.77686435218,45600.0,1801.9768643521857,0.0,648.7999999999943,72.0,0.5,750,16.535999999999945,45,7,0.0,0.91705104299552,0,20.65000000000016
central,214,0.9166666666666666,0.4166666666666667,57754.58098618329,55500.0,1540.298280076397,57.48270610689245,596.7999999999931,60.0,0.4166666666666667,771,16.99900799999998,51,8,0.08333333333333333,0.929512586783833,0,21.50000000000017
central,215,0.8333333333333334,1.0,47388.01476262785,43700.0,2825.185841723801,264.42892090405275,514.399999999993,84.0,0.5833333333333334,793,17.484064000000014,50,11,0.0,0.9160503674673709,0,21.50000000000017
central,216,0.9166666666666666,0.4166666666666667,43161.75610281854,41100.0,1389.7561028185403,0.0,611.999999999997,60.0,0.4166666666666667,645,14.220959999999918,45,8,0.0,0.8697195598153233,0,16.150000000000095
central,217,0.6666666666666666,2.1666666666666665,62119.655207898075,54300.0,6885.212648118876,130.4425597792081,707.9999999999922,96.0,0.6666666666666666,838,18.476224000000087,48,7,0.08333333333333333,0.8953054162920349,0,23.900000000000205
central,218,0.6666666666666666,1.8333333333333333,58383.3195750883,53100.0,4494.975827625759,79.94374746254887,648.3999999999936,60.0,0.4166666666666667,731,16.117087999999914,47,8,0.0,0.91145095909529,0,19.700000000000145
central,219,1.0,0.0,43888.399999999994,43200.0,0.0,0.0,544.3999999999942,144.0,1.0,810,17.858880000000042,48,7,0.0,0.902825032786695,0,23.050000000000193
central,220,0.8333333333333334,0.3333333333333333,50337.72779277578,49200.0,485.3277927757799,0.0,592.3999999999988,60.0,0.4166666666666667,624,13.757951999999921,51,8,0.0,0.8778010981787995,0,15.400000000000084
central,221,0.8333333333333334,0.8333333333333334,44818.41837644212,40800.0,3192.4183764421236,0.0,681.9999999999957,144.0,1.0,714,15.742271999999907,51,8,0.0,0.8976104197115623,0,19.200000000000138
central,222,0.9166666666666666,0.5833333333333334,57488.63474724121,55500.0,1259.034747241219,0.0,669.5999999999935,60.0,0.4166666666666667,792,17.462016000000013,51,9,0.0,0.8793564132063089,0,22.10000000000018
central,223,0.5833333333333334,2.75,59326.76960273094,51300.0,7169.923056657529,60.04654607342512,724.7999999999915,72.0,0.5,838,18.476224000000087,51,8,0.0,0.8106166344569866,0,23.6000000000002
central,224,0.9166666666666666,0.25,41785.255649055805,40200.0,924.982260023723,34.673389032079804,529.5999999999965,96.0,0.6666666666666666,665,14.661919999999915,60,8,0.0,0.8891538953916379,0,16.800000000000104
central,225,1.0,0.0,50380.799999999996,49800.0,0.0,0.0,520.7999999999936,60.0,0.4166666666666667,761,16.778527999999962,57,12,0.0,0.9104526328325313,0,20.900000000000162
central,226,1.0,0.0,39042.01396057101,38400.0,0.0,61.21396057101049,472.7999999999953,108.0,0.75,730,16.095039999999912,58,8,0.08333333333333333,0.9165688979571819,0,19.500000000000142
central,227,0.9166666666666666,0.4166666666666667,51998.894401589256,50700.0,615.6371042074996,80.85729738177135,506.3999999999904,96.0,0.6666666666666666,838,18.476224000000087,47,8,0.0,0.8840907302014174,0,24.000000000000206
central,228,0.9166666666666666,0.5833333333333334,57871.17004424673,56400.0,621.8041097036323,188.9659345431063,576.3999999999955,84.0,0.5833333333333334,704,15.521791999999909,53,9,0.0,0.8869137620590887,0,18.500000000000128
central,229,0.9166666666666666,0.4166666666666667,47060.34804180474,45500.0,577.475769294233,441.67227251051077,409.1999999999927,132.0,0.9166666666666666,781,17.219487999999995,51,8,0.08333333333333333,0.8614607464367208,0,21.150000000000166
central,230,0.9166666666666666,0.4166666666666667,43350.420216445236,42000.0,640.8797823210502,27.540434124185534,597.9999999999967,84.0,0.5833333333333334,735,16.20527999999992,66,11,0.0,0.8801564722616102,0,19.800000000000146
central,231,0.9166666666666666,0.25,53761.33585168339,52800.0,291.73585168339264,0.0,585.5999999999985,84.0,0.5833333333333334,612,13.493375999999923,48,8,0.0,0.8865084495335827,0,14.950000000000077
central,232,0.8333333333333334,0.75,55590.242308567926,53000.0,1679.4681729790623,169.17413558887142,657.5999999999923,84.0,0.5833333333333334,784,17.285632,54,11,0.0,0.87955451769345,0,21.750000000000174
central,233,0.75,1.25,47880.61240883673,45600.0,1600.7361610896037,24.276247747132672,631.5999999999942,24.0,0.16666666666666666,770,16.976959999999977,48,8,0.0,0.9129925389960801,0,21.40000000000017
central,234,0.9166666666666666,0.4166666666666667,45858.8588280072,43200.0,1942.4588280072044,0.0,596.3999999999965,120.0,0.8333333333333334,648,14.287103999999918,48,8,0.0,0.8476880025339429,0,16.4500000000001
central,235,0.9166666666666666,0.4166666666666667,48438.45279791577,46800.0,961.2527979157715,0.0,581.199999999996,96.0,0.6666666666666666,660,14.551679999999916,57,12,0.08333333333333333,0.9086858013231416,0,17.000000000000107
central,236,0.9166666666666666,0.5833333333333334,46544.11131333033,45100.0,715.2816681335648,30.829645196766087,601.9999999999949,96.0,0.6666666666666666,675,14.882399999999913,57,8,0.08333333333333333,0.9169782627243177,0,17.450000000000113
central,237,0.9166666666666666,0.4166666666666667,43581.188597250104,41100.0,1762.5003621084181,54.28823514169024,580.3999999999969,84.0,0.5833333333333334,693,15.27926399999991,54,8,0.0,0.8731834082957065,0,18.200000000000124
central,238,0.8333333333333334,0.8333333333333334,55267.37043148105,52000.0,2478.170431481058,0.0,681.1999999999977,108.0,0.75,630,13.89023999999992,57,8,0.0,0.9352315813102877,0,15.600000000000087
central,239,0.8333333333333334,0.6666666666666666,49829.18664176903,48000.0,1098.7866417690284,0.0,694.3999999999986,36.0,0.25,654,14.419391999999917,51,8,0.0,0.9252933791149589,0,16.6000000000001
central,240,0.8333333333333334,0.5833333333333334,60988.87083607209,59500.0,720.5323827253686,25.13845334673003,647.199999999998,96.0,0.6666666666666666,636,14.02252799999992,51,8,0.0,0.9252018000034187,0,15.950000000000092
central,241,0.8333333333333334,0.8333333333333334,51343.87493189715,48600.0,1949.4749318971594,0.0,722.3999999999965,72.0,0.5,714,15.742271999999907,51,8,0.0,0.8941514333783577,0,19.25000000000014
central,242,0.75,1.1666666666666667,62961.752132713234,60300.0,1827.4936129475786,67.85851976566221,682.3999999999955,84.0,0.5833333333333334,681,15.014687999999913,48,7,0.08333333333333333,0.9071361946790898,0,17.600000000000115
central,243,1.0,0.0,56471.356392219386,55800.0,0.0,34.95639221938494,540.399999999999,96.0,0.6666666666666666,645,14.220959999999918,56,8,0.0,0.9151089793325974,0,16.100000000000094
central,244,0.8333333333333334,0.8333333333333334,43597.22860133773,42000.0,904.0286013377361,0.0,645.1999999999946,48.0,0.3333333333333333,729,16.07299199999991,45,7,0.0,0.9034409216337898,0,19.550000000000143
central,245,1.0,0.0,50583.6,49800.0,0.0,0.0,651.5999999999968,132.0,0.9166666666666666,690,15.213119999999911,51,8,0.16666666666666666,0.8921304963551303,0,18.100000000000122
central,246,0.9166666666666666,0.5833333333333334,50268.875226035234,48300.0,1218.5074921604507,49.56773387478099,604.7999999999968,96.0,0.6666666666666666,660,14.551679999999916,54,8,0.0,0.8613294236548017,0,16.850000000000104
central,247,0.9166666666666666,0.4166666666666667,50623.42827780605,48600.0,1257.0282778060605,0.0,622.3999999999958,144.0,1.0,723,15.940703999999906,54,8,0.0,0.8920450825495672,0,19.30000000000014
central,248,0.9166666666666666,0.5833333333333334,41143.16274822057,39600.0,834.3627482205793,0.0,672.7999999999984,36.0,0.25,696,15.34540799999991,51,8,0.0,0.8530113397107691,0,18.350000000000126
central,249,0.9166666666666666,0.5833333333333334,44574.99779474661,41700.0,2134.8847112220847,65.71308352453084,578.399999999993,96.0,0.6666666666666666,759,16.73443199999996,51,8,0.0,0.8961518186609077,0,20.950000000000163
central,250,0.9166666666666666,0.16666666666666666,53418.60203158181,52200.0,536.0040158029569,33.398015778852226,541.1999999999969,108.0,0.75,708,15.609983999999908,54,8,0.08333333333333333,0.8741029164757022,0,18.800000000000132
central,251,0.6666666666666666,1.6666666666666667,48699.70136758845,43600.0,4242.9452270051015,65.15614058335362,707.5999999999934,84.0,0.5833333333333334,815,17.96912000000005,51,8,0.08333333333333333,0.9155710009149373,0,23.000000000000192
central,252,1.0,0.0,56329.531688489,55700.0,0.0,83.93168848899661,473.5999999999958,72.0,0.5,672,14.816255999999914,51,8,0.0,0.8844866744217776,0,17.15000000000011
central,253,0.75,1.8333333333333333,61462.417366471105,55800.0,4886.905549041061,92.71181743004877,562.7999999999956,120.0,0.8333333333333334,648,14.287103999999918,54,11,0.08333333333333333,0.9170098169992836,0,16.200000000000095
central,254,0.9166666666666666,0.5833333333333334,50033.41643196571,48000.0,1401.0164319657108,0.0,584.3999999999967,48.0,0.3333333333333333,651,14.353247999999917,54,8,0.0,0.9260264062216383,0,16.5000000000001
central,255,0.9166666666666666,0.4166666666666667,57507.726174044226,55800.0,1132.1261740442264,0.0,551.5999999999954,24.0,0.16666666666666666,717,15.808415999999907,60,11,0.08333333333333333,0.9154885705384976,0,19.150000000000137
central,256,0.9166666666666666,0.4166666666666667,52447.33009465221,50400.0,1308.099813913843,32.430280738366,622.799999999996,84.0,0.5833333333333334,636,14.02252799999992,51,12,0.0,0.9228753548439942,0,15.950000000000092
central,257,0.5833333333333334,2.5,74810.30485120507,63500.0,10354.479460034807,16.625391170272152,819.1999999999953,120.0,0.8333333333333334,698,15.38950399999991,48,8,0.08333333333333333,0.9030550318931018,0,18.350000000000126
central,258,0.75,1.5833333333333333,55237.07562288225,51900.0,2565.249515850734,92.22610703152101,619.5999999999916,60.0,0.4166666666666667,806,17.770688000000035,48,7,0.08333333333333333,0.9168994189218342,0,22.650000000000187
central,259,0.9166666666666666,0.5833333333333334,54164.938013680076,50700.0,2700.138013680077,0.0,668.7999999999986,96.0,0.6666666666666666,642,14.154815999999919,54,8,0.0,0.9254191777845678,0,16.200000000000095
central,260,0.8333333333333334,0.5833333333333334,43307.727886326444,40200.0,2290.9278863264444,0.0,684.7999999999967,132.0,0.9166666666666666,702,15.47769599999991,48,8,0.0,0.899034341518736,0,18.65000000000013
central,261,1.0,0.0,46901.6,46200.0,0.0,0.0,593.5999999999985,108.0,0.75,627,13.824095999999921,60,8,0.0,0.9400160002722507,0,15.300000000000082
central,262,0.9166666666666666,0.4166666666666667,41300.44561608539,39000.0,1535.645616085395,0.0,704.7999999999972,60.0,0.4166666666666667,678,14.948543999999913,48,8,0.08333333333333333,0.9353151042670573,0,17.550000000000114
central,263,0.6666666666666666,1.75,63619.54266020212,58600.0,4132.6310685018925,77.31159170023837,713.5999999999935,96.0,0.6666666666666666,729,16.07299199999991,45,8,0.0,0.886462940624482,0,19.700000000000145
central,264,0.9166666666666666,0.5833333333333334,57095.863456922096,55200.0,1188.6634569220978,0.0,611.1999999999948,96.0,0.6666666666666666,729,16.07299199999991,51,8,0.16666666666666666,0.9035818479231384,0,19.550000000000143
central,265,0.75,1.25,53066.65781935191,49300.0,2907.858372863253,78.7994464886657,731.9999999999958,48.0,0.3333333333333333,721,15.896607999999906,48,8,0.08333333333333333,0.8916148506297031,0,19.200000000000138
central,266,0.5833333333333334,2.8333333333333335,58695.43268981437,48900.0,8843.358179132105,64.87451068226956,803.1999999999953,84.0,0.5833333333333334,731,16.117087999999914,59,11,0.0,0.8926943316572944,0,19.650000000000144
central,267,0.9166666666666666,0.5833333333333334,45814.23297436519,43900.0,1262.5077810822695,116.92519328293811,474.79999999999063,60.0,0.4166666666666667,861,18.983328000000125,43,7,0.08333333333333333,0.7524857866414439,0,24.850000000000218
central,268,0.75,1.4166666666666667,53680.45836789613,48400.0,4540.399364814254,126.45900308187066,553.599999999995,60.0,0.4166666666666667,715,15.764319999999907,51,8,0.16666666666666666,0.9019173072537513,0,18.65000000000013
central,269,0.9166666666666666,0.5833333333333334,49065.751798940924,47400.0,975.7517989409336,0.0,641.9999999999962,48.0,0.3333333333333333,720,15.874559999999907,48,7,0.08333333333333333,0.84983244959479,0,19.45000000000014
central,270,0.8333333333333334,1.0,53533.777221283715,50500.0,2334.0605110787633,27.316710204957065,588.3999999999942,84.0,0.5833333333333334,750,16.535999999999945,54,8,0.08333333333333333,0.8825668556125349,0,20.65000000000016
central,271,0.75,1.4166666666666667,57034.53759864343,51500.0,4748.8527064903665,67.28489215306934,634.3999999999949,84.0,0.5833333333333334,691,15.235167999999911,47,9,0.0,0.9297420291472182,0,17.800000000000118
central,272,1.0,0.0,46879.92095238856,46200.0,0.0,45.120952388566295,574.7999999999952,60.0,0.4166666666666667,782,17.241535999999996,74,12,0.0,0.8378405644443818,0,21.650000000000173
central,273,1.0,0.0,38930.799999999996,38400.0,0.0,0.0,506.7999999999931,24.0,0.16666666666666666,801,17.660448000000027,54,8,0.0,0.8395921341640954,0,22.700000000000188
central,274,0.75,1.25,49709.5402627124,45100.0,3800.172105799744,28.968156912659417,660.3999999999958,120.0,0.8333333333333334,703,15.49974399999991,56,8,0.0,0.8876858385523198,0,18.05000000000012
central,275,1.0,0.0,41515.99999999999,40800.0,0.0,0.0,607.9999999999951,108.0,0.75,732,16.139135999999915,51,8,0.0,0.92992244286655,0,20.00000000000015
central,276,0.9166666666666666,0.4166666666666667,38276.993949918506,36000.0,1586.5939499185108,0.0,618.3999999999958,72.0,0.5,666,14.683967999999915,48,8,0.0,0.8971536938206055,0,17.25000000000011
central,277,0.9166666666666666,0.4166666666666667,55092.08390806058,54000.0,457.1399942107531,29.34391384982999,545.599999999996,60.0,0.4166666666666667,666,14.683967999999915,51,8,0.0,0.9071882800617462,0,17.050000000000107
central,278,0.9166666666666666,0.5833333333333334,48070.02315068022,46500.0,845.2966259147929,73.12652476544001,567.5999999999949,84.0,0.5833333333333334,708,15.609983999999908,57,12,0.0,0.9137280707704292,0,18.55000000000013
central,279,1.0,0.0,47112.799999999996,46500.0,0.0,0.0,492.7999999999958,120.0,0.8333333333333334,713,15.720223999999908,45,8,0.0,0.8961750643618225,0,18.75000000000013
central,280,0.9166666666666666,0.5833333333333334,55104.78763184757,53800.0,671.9876318475693,0.0,584.7999999999945,48.0,0.3333333333333333,720,15.874559999999907,54,8,0.0,0.9106790317466513,0,19.25000000000014
central,281,0.9166666666666666,0.5833333333333334,50376.32316668558,48900.0,649.0021056127409,105.72106107283452,625.5999999999952,96.0,0.6666666666666666,745,16.425759999999936,48,8,0.16666666666666666,0.8624894126496968,0,20.00000000000015
central,282,0.8333333333333334,0.8333333333333334,50422.734223388135,48000.0,1670.3342233881372,0.0,680.3999999999978,72.0,0.5,708,15.609983999999908,51,8,0.0,0.87275450190097,0,18.950000000000134
central,283,0.8333333333333334,1.1666666666666667,42204.20314631649,39000.0,2477.791702551536,67.21144376496024,599.1999999999944,60.0,0.4166666666666667,681,15.014687999999913,48,12,0.0,0.9235104605037173,0,17.650000000000116
central,284,0.8333333333333334,0.5,54556.49243419611,52700.0,1048.8955386217926,31.99689557432285,679.5999999999933,96.0,0.6666666666666666,729,16.07299199999991,45,7,0.08333333333333333,0.9059194942259525,0,19.650000000000144
central,285,0.9166666666666666,0.4166666666666667,34181.61991284893,32400.0,1072.6005022588124,81.01941059012717,567.9999999999936,60.0,0.4166666666666667,744,16.403711999999935,51,7,0.0,0.8620888129685422,0,20.350000000000154
central,286,0.8333333333333334,0.8333333333333334,54416.71476198687,52400.0,1313.684361994418,27.030399992460733,627.9999999999943,48.0,0.3333333333333333,702,15.47769599999991,48,8,0.0,0.9085107459551541,0,18.70000000000013
central,287,1.0,0.0,52940.399999999994,52200.0,0.0,0.0,668.3999999999942,72.0,0.5,738,16.271423999999925,51,8,0.08333333333333333,0.8460004015298136,0,20.05000000000015
central,288,0.8333333333333334,0.5833333333333334,43877.8818630525,40700.0,2385.7747829910913,34.107080061410116,685.9999999999952,72.0,0.5,790,17.41792000000001,52,8,0.0,0.874193822711483,0,21.800000000000175
central,289,0.9166666666666666,0.4166666666666667,50746.29231843537,48100.0,1847.9120070593326,234.78031137604904,491.59999999999354,72.0,0.5,810,17.858880000000042,49,8,0.08333333333333333,0.8939488812785958,0,22.650000000000187
central,290,0.9166666666666666,0.16666666666666666,49351.73610703143,48600.0,187.73610703143612,0.0,503.99999999999363,60.0,0.4166666666666667,822,18.12345600000006,54,8,0.0,0.873147479617362,0,23.350000000000197
central,291,0.9166666666666666,0.4166666666666667,39518.42844081429,38400.0,496.82844081429675,0.0,549.5999999999973,72.0,0.5,630,13.89023999999992,53,8,0.0,0.9337840138121272,0,15.750000000000089
central,292,0.9166666666666666,0.5833333333333334,55340.38188116451,53700.0,958.5961349896469,25.7857461748621,571.9999999999969,84.0,0.5833333333333334,690,15.213119999999911,48,8,0.0,0.8929961317977089,0,18.200000000000124
central,293,0.9166666666666666,0.4166666666666667,43705.83686058755,41400.0,1512.1367189346934,25.700141652862193,671.9999999999959,96.0,0.6666666666666666,672,14.816255999999914,51,8,0.0,0.9214699314657816,0,17.30000000000011
central,294,0.8333333333333334,0.8333333333333334,47535.9274719217,45300.0,1562.327471921703,0.0,637.5999999999975,36.0,0.25,684,15.080831999999912,63,12,0.0,0.8927999533221017,0,17.85000000000012
central,295,0.8333333333333334,0.5,46140.01641233603,43300.0,2080.4164123360297,0.0,687.5999999999955,72.0,0.5,669,14.750111999999914,48,8,0.08333333333333333,0.8845207261889317,0,17.25000000000011
central,296,0.8333333333333334,1.0,57907.02270614682,54000.0,3164.2227061468193,0.0,634.7999999999976,108.0,0.75,717,15.808415999999907,51,8,0.0,0.811873569471458,0,19.150000000000137
central,297,1.0,0.0,52504.78308959963,51900.0,0.0,58.383089599634765,414.3999999999965,132.0,0.9166666666666666,651,14.353247999999917,54,8,0.0,0.8466928118109472,0,16.5000000000001
central,298,0.8333333333333334,0.5,52343.91463023982,49000.0,2536.7917107742433,61.1229194655908,637.9999999999953,108.0,0.75,717,15.808415999999907,51,8,0.0,0.8624814999313223,0,19.150000000000137
central,299,0.8333333333333334,1.1666666666666667,67218.11487406472,57000.0,9500.158295260537,31.156578804170106,602.7999999999967,84.0,0.5833333333333334,669,14.750111999999914,51,8,0.16666666666666666,0.9228073563118774,0,17.100000000000108
mas,0,0.8333333333333334,0.5833333333333334,45975.18179635489,43500.0,1562.4130246088514,323.5687717460454,493.1999999999899,96.0,0.6666666666666666,464,10.230271999999946,0,14,0.0,0.8241011951607978,0,24.850000000000218
mas,1,0.9166666666666666,0.4166666666666667,56564.57633671846,55200.0,649.0190480009724,34.757288717495605,536.7999999999922,144.0,1.0,445,9.811359999999949,0,12,0.0,0.8809028597361099,0,21.650000000000173
mas,2,0.9166666666666666,0.08333333333333333,53058.31256242971,52200.0,204.31256242972063,0.0,569.9999999999959,84.0,0.5833333333333334,446,9.833407999999949,0,19,0.0,0.8948803395421401,0,19.000000000000135
mas,3,0.6666666666666666,1.8333333333333333,48159.87117600823,42300.0,5070.411913747852,115.05926226038119,614.3999999999942,60.0,0.4166666666666667,452,9.965695999999948,0,19,0.08333333333333333,0.888396015372439,0,20.15000000000015
mas,4,1.0,0.0,49846.399999999994,49200.0,0.0,0.0,586.3999999999954,60.0,0.4166666666666667,439,9.67907199999995,0,14,0.0,0.894921998541629,0,20.65000000000016
mas,5,0.9166666666666666,0.4166666666666667,48939.81785601061,47700.0,618.5701665976719,92.44768941293952,432.7999999999958,96.0,0.6666666666666666,439,9.67907199999995,0,13,0.0,0.8716892032905411,0,17.650000000000116
mas,6,1.0,0.0,54297.6,53700.0,0.0,0.0,525.5999999999965,72.0,0.5,452,9.965695999999948,0,18,0.08333333333333333,0.8835742444151301,0,18.70000000000013
mas,7,0.8333333333333334,1.0,50329.21149506852,45600.0,3952.545945602536,22.665549465993028,657.999999999992,96.0,0.6666666666666666,446,9.833407999999949,0,15,0.0,0.9220953154631994,0,25.850000000000232
mas,8,1.0,0.0,48641.2,48000.0,0.0,0.0,509.19999999999766,132.0,0.9166666666666666,439,9.67907199999995,0,14,0.0,0.9108094263192803,0,17.700000000000117
mas,9,1.0,0.0,53980.799999999996,53400.0,0.0,0.0,508.7999999999963,72.0,0.5,446,9.833407999999949,0,19,0.08333333333333333,0.8881504143334171,0,19.200000000000138
mas,10,0.6666666666666666,2.0,56487.68543695968,48700.0,6896.039495141211,128.04594181847023,703.5999999999965,60.0,0.4166666666666667,451,9.943647999999948,0,19,0.08333333333333333,0.9166376287755585,0,17.050000000000107
mas,11,1.0,0.0,51376.26280235946,50600.0,0.0,272.26280235946257,395.9999999999919,108.0,0.75,488,10.759423999999942,0,14,0.0,0.7499050541861416,0,23.250000000000195
mas,12,0.75,1.4166666666666667,56525.71631822645,51300.0,4375.716318226448,0.0,753.9999999999965,96.0,0.6666666666666666,439,9.67907199999995,0,14,0.0,0.8379501952498531,0,17.400000000000112
mas,13,1.0,0.0,53138.799999999996,52500.0,0.0,0.0,554.7999999999934,84.0,0.5833333333333334,432,9.524735999999951,0,12,0.0,0.9147698197504484,0,21.150000000000166
mas,14,0.8333333333333334,0.5,39801.71072299723,38100.0,957.8741525722994,27.43657042493286,632.3999999999957,84.0,0.5833333333333334,432,9.524735999999951,0,19,0.0,0.8657810091038092,0,19.40000000000014
mas,15,0.75,1.25,62053.65031010397,55800.0,5439.379282754887,59.87102734908635,646.3999999999962,108.0,0.75,432,9.524735999999951,0,14,0.0,0.9100744305343443,0,17.100000000000108
mas,16,0.5833333333333334,2.3333333333333335,52869.34197800532,46500.0,5406.644274539671,211.49770346566072,667.1999999999916,84.0,0.5833333333333334,520,11.464959999999937,0,19,0.0,0.915764938550528,0,24.35000000000021
mas,17,0.9166666666666666,0.5833333333333334,45617.23880998146,42300.0,2613.928880198775,52.10992978269214,555.1999999999942,96.0,0.6666666666666666,432,9.524735999999951,0,14,0.0,0.781390613123323,0,20.250000000000153
mas,18,0.6666666666666666,1.6666666666666667,61664.03844413826,55500.0,5325.188697160551,110.04974697771885,656.7999999999936,72.0,0.5,445,9.811359999999949,0,13,0.08333333333333333,0.8940718233913322,0,19.30000000000014
mas,19,0.6666666666666666,1.6666666666666667,54778.62032110082,49200.0,4736.282889009167,156.73743209164738,637.5999999999963,48.0,0.3333333333333333,432,9.524735999999951,0,14,0.08333333333333333,0.9119762764017715,0,16.5000000000001
mas,20,0.8333333333333334,0.4166666666666667,46428.434542386036,44700.0,987.2345423860369,0.0,657.199999999996,84.0,0.5833333333333334,452,9.965695999999948,0,14,0.0,0.9329342419835588,0,19.100000000000136
mas,21,0.8333333333333334,1.0,50311.08841786969,45900.0,3722.0798886903312,47.40852917936965,557.5999999999924,84.0,0.5833333333333334,452,9.965695999999948,0,19,0.0,0.8754478301988197,0,21.35000000000017
mas,22,0.75,0.9166666666666666,51042.62806580313,48000.0,2221.428065803131,0.0,761.1999999999964,60.0,0.4166666666666667,432,9.524735999999951,0,19,0.08333333333333333,0.9191277032531756,0,17.90000000000012
mas,23,0.5,2.4166666666666665,62773.09334629663,55800.0,6030.060305478073,287.8330408185629,607.199999999988,48.0,0.3333333333333333,452,9.965695999999948,0,19,0.0,0.8620733853018103,0,24.750000000000217
mas,24,0.9166666666666666,0.16666666666666666,46943.008438174926,46000.0,361.98092156803926,64.22751660690018,480.7999999999916,36.0,0.25,445,9.811359999999949,0,14,0.0,0.8668578845852286,0,22.75000000000019
mas,25,0.9166666666666666,0.16666666666666666,43949.69325170082,42900.0,352.89325170082475,0.0,612.7999999999965,84.0,0.5833333333333334,432,9.524735999999951,0,12,0.0,0.9398876190545613,0,18.250000000000124
mas,26,0.9166666666666666,0.16666666666666666,47692.748227915996,46500.0,536.7482279159984,0.0,595.9999999999975,60.0,0.4166666666666667,439,9.67907199999995,0,19,0.0,0.8584524366913038,0,18.200000000000124
mas,27,0.9166666666666666,0.16666666666666666,55447.02941774248,54200.0,591.1144517379723,49.514966004512175,534.3999999999947,72.0,0.5,451,9.943647999999948,0,14,0.08333333333333333,0.8499577579330926,0,19.25000000000014
mas,28,1.0,0.0,47437.23563957599,46800.0,0.0,25.235639576003106,503.99999999999386,108.0,0.75,445,9.811359999999949,0,19,0.0,0.8836879845837676,0,21.55000000000017
mas,29,0.9166666666666666,0.4166666666666667,45970.869422729455,44100.0,1190.4401223485131,62.02930038094785,510.3999999999959,108.0,0.75,432,9.524735999999951,0,14,0.0,0.8971578337708211,0,16.6500000000001
mas,30,0.75,1.25,44640.29602490214,41700.0,2206.696024902149,0.0,685.5999999999942,48.0,0.3333333333333333,459,10.120031999999947,0,13,0.0,0.9314715809700854,0,20.350000000000154
mas,31,0.9166666666666666,0.16666666666666666,47413.94135090542,45900.0,727.9413509054297,0.0,653.9999999999957,132.0,0.9166666666666666,452,9.965695999999948,0,14,0.0,0.9284278698833466,0,20.500000000000156
mas,32,0.8333333333333334,0.6666666666666666,36484.49301812877,34800.0,933.6930181287759,0.0,654.7999999999961,96.0,0.6666666666666666,446,9.833407999999949,0,19,0.0,0.9042849805560287,0,19.30000000000014
mas,33,0.9166666666666666,0.4166666666666667,42079.139948433105,40800.0,444.35745598391566,29.58249244919002,685.1999999999969,120.0,0.8333333333333334,432,9.524735999999951,0,19,0.08333333333333333,0.9053742546339683,0,19.200000000000138
mas,34,0.8333333333333334,0.6666666666666666,45150.862894257356,41100.0,3354.925538474028,44.3373557833403,567.5999999999938,84.0,0.5833333333333334,465,10.252319999999946,0,19,0.08333333333333333,0.8695209777073147,0,21.000000000000163
mas,35,0.9166666666666666,0.5833333333333334,47711.378892055,44700.0,2300.1012751831577,25.677616871850123,601.599999999994,84.0,0.5833333333333334,446,9.833407999999949,0,14,0.08333333333333333,0.9333724197436891,0,19.95000000000015
mas,36,0.9166666666666666,0.5833333333333334,53035.836375948296,50700.0,1600.3856826707124,59.45069327758617,603.9999999999987,72.0,0.5,432,9.524735999999951,0,19,0.0,0.925510876730312,0,14.000000000000064
mas,37,1.0,0.0,50410.42523230057,49800.0,0.0,30.025232300573574,496.3999999999959,84.0,0.5833333333333334,438,9.65702399999995,0,14,0.0,0.8938267373286232,0,16.300000000000097
mas,38,1.0,0.0,45492.30303965905,45000.0,0.0,31.903039659050926,424.39999999999475,36.0,0.25,471,10.384607999999945,0,19,0.0,0.8726165350454528,0,19.45000000000014
mas,39,1.0,0.0,44779.2,44100.0,0.0,0.0,559.1999999999966,120.0,0.8333333333333334,439,9.67907199999995,0,19,0.0,0.9270717442559594,0,18.70000000000013
mas,40,0.8333333333333334,0.5833333333333334,43576.326765436075,40200.0,2611.926765436084,0.0,632.3999999999958,132.0,0.9166666666666666,432,9.524735999999951,0,14,0.0,0.8868683695866543,0,17.700000000000117
mas,41,0.9166666666666666,0.4166666666666667,56267.3887220714,53700.0,1877.788722071405,0.0,605.5999999999963,84.0,0.5833333333333334,432,9.524735999999951,0,19,0.0,0.8772478084694093,0,19.000000000000135
mas,42,0.8333333333333334,1.0,52735.58453116534,49400.0,2441.0650852805757,313.7194458847702,484.799999999992,96.0,0.6666666666666666,491,10.825567999999942,0,14,0.0,0.8404556845663073,0,23.300000000000196
mas,43,0.6666666666666666,1.8333333333333333,56604.31771134244,52500.0,3298.317711342448,0.0,745.9999999999959,60.0,0.4166666666666667,446,9.833407999999949,0,19,0.0,0.8365048149275832,0,19.800000000000146
mas,44,1.0,0.0,45865.368991085874,45300.0,0.0,49.36899108587946,479.9999999999935,36.0,0.25,438,9.65702399999995,0,19,0.0,0.9109641167032262,0,20.300000000000153
mas,45,0.9166666666666666,0.4166666666666667,53162.30642770701,51300.0,1119.48510428187,33.62132342514307,601.1999999999942,108.0,0.75,458,10.097983999999947,0,14,0.0,0.8392511057155235,0,22.350000000000183
mas,46,0.9166666666666666,0.16666666666666666,34813.0261341519,33600.0,578.5006273794702,32.12550677243566,494.3999999999952,108.0,0.75,439,9.67907199999995,0,19,0.0,0.9465466490336221,0,19.000000000000135
mas,47,0.8333333333333334,1.1666666666666667,45206.693188033816,41700.0,2782.476535091628,23.816652942191144,628.3999999999959,72.0,0.5,438,9.65702399999995,0,14,0.0,0.9003581588440447,0,16.5000000000001
mas,48,1.0,0.0,46548.799999999996,45900.0,0.0,0.0,564.7999999999947,84.0,0.5833333333333334,432,9.524735999999951,0,12,0.0,0.8995539838170987,0,18.350000000000126
mas,49,0.8333333333333334,0.5833333333333334,54959.972918465995,52700.0,1514.3729184659956,0.0,673.599999999996,72.0,0.5,432,9.524735999999951,0,14,0.0,0.8704334551755559,0,17.35000000000011
mas,50,1.0,0.0,43220.799999999996,42600.0,0.0,0.0,536.799999999994,84.0,0.5833333333333334,432,9.524735999999951,0,14,0.0,0.9253634939393379,0,20.200000000000152
mas,51,0.8333333333333334,1.1666666666666667,60411.58272154328,57600.0,1972.468640251317,90.71408129196482,652.399999999997,96.0,0.6666666666666666,432,9.524735999999951,0,14,0.0,0.9421756344517974,0,16.5500000000001
mas,52,0.9166666666666666,0.5833333333333334,34985.659301194,32100.0,2153.472715759951,54.98658543405209,569.1999999999957,108.0,0.75,439,9.67907199999995,0,12,0.08333333333333333,0.9168081308656856,0,17.700000000000117
mas,53,0.8333333333333334,0.5833333333333334,43630.178268378186,41700.0,1202.9782683781887,0.0,619.1999999999958,108.0,0.75,432,9.524735999999951,0,14,0.0,0.8855603488045967,0,19.45000000000014
mas,54,1.0,0.0,48323.10470222392,47700.0,0.0,29.90470222392679,533.1999999999957,60.0,0.4166666666666667,439,9.67907199999995,0,19,0.08333333333333333,0.8968006868230225,0,18.800000000000132
mas,55,0.8333333333333334,0.6666666666666666,55834.10665661651,53900.0,1226.8367894255098,141.26986719101134,505.9999999999915,60.0,0.4166666666666667,516,11.376767999999938,0,14,0.0,0.8971112018356229,0,22.550000000000185
mas,56,0.75,1.4166666666666667,50287.6254840334,46800.0,2632.4254840334015,0.0,771.1999999999979,84.0,0.5833333333333334,432,9.524735999999951,0,19,0.0,0.8866884784275727,0,16.150000000000095
mas,57,0.8333333333333334,0.8333333333333334,50062.90087753703,47700.0,1657.3008775370322,0.0,657.5999999999965,48.0,0.3333333333333333,432,9.524735999999951,0,12,0.0,0.8759869775099065,0,16.800000000000104
mas,58,0.5833333333333334,2.0833333333333335,50317.54759263852,42200.0,7161.5582529563435,87.58933968218348,796.3999999999968,72.0,0.5,439,9.67907199999995,0,14,0.0,0.9084170205173601,0,17.550000000000114
mas,59,0.9166666666666666,0.4166666666666667,50188.468858551925,48000.0,1600.6770590184885,25.791799533445502,489.99999999999517,72.0,0.5,439,9.67907199999995,0,14,0.0,0.8846384029780835,0,18.400000000000126
mas,60,0.75,1.4166666666666667,57014.223173976556,51800.0,4288.613080628245,218.81009334831555,622.7999999999936,84.0,0.5833333333333334,470,10.362559999999945,0,13,0.0,0.7910072653042092,0,20.350000000000154
mas,61,0.8333333333333334,0.6666666666666666,50596.03559574869,47400.0,2437.635595748695,0.0,662.399999999996,96.0,0.6666666666666666,446,9.833407999999949,0,19,0.0,0.8873529189085186,0,20.450000000000156
mas,62,0.8333333333333334,0.5833333333333334,58805.45088166966,56100.0,1947.41232805986,86.03855360981362,599.9999999999935,72.0,0.5,465,10.252319999999946,0,14,0.0,0.915606104000234,0,22.05000000000018
mas,63,0.8333333333333334,1.0,54072.6352661111,51900.0,1365.8307768083455,178.40448930276614,556.3999999999901,72.0,0.5,476,10.494847999999944,0,16,0.0,0.8970829614851776,0,26.800000000000246
mas,64,0.8333333333333334,0.8333333333333334,51062.85176591265,48000.0,2278.3212643762945,106.9305015363673,629.5999999999947,48.0,0.3333333333333333,432,9.524735999999951,0,14,0.0,0.9000143542140808,0,19.25000000000014
mas,65,0.9166666666666666,0.16666666666666666,53359.85371958207,52500.0,195.45371958207332,0.0,544.3999999999974,120.0,0.8333333333333334,432,9.524735999999951,0,19,0.0,0.9098326065549539,0,17.35000000000011
mas,66,0.9166666666666666,0.5833333333333334,47826.18197978831,45300.0,1816.5153275196699,67.26665226864283,594.3999999999946,48.0,0.3333333333333333,458,10.097983999999947,0,19,0.0,0.8579465276016264,0,20.70000000000016
mas,67,1.0,0.0,39357.766403153204,38700.0,0.0,24.566403153205005,525.1999999999973,108.0,0.75,432,9.524735999999951,0,14,0.08333333333333333,0.8926733315034311,0,18.500000000000128
mas,68,0.75,1.0,49856.82280285608,47700.0,1460.8228028560868,0.0,635.9999999999956,60.0,0.4166666666666667,451,9.943647999999948,0,14,0.08333333333333333,0.9358817453283824,0,20.350000000000154
mas,69,0.9166666666666666,0.4166666666666667,46774.25114132255,44700.0,1297.4629364321008,81.5882048904522,611.1999999999941,84.0,0.5833333333333334,458,10.097983999999947,0,19,0.0,0.8967256859531104,0,22.700000000000188
mas,70,1.0,0.0,55841.2,55200.0,0.0,0.0,581.199999999996,60.0,0.4166666666666667,452,9.965695999999948,0,19,0.0,0.9015767407378313,0,22.25000000000018
mas,71,1.0,0.0,50183.59999999999,49500.0,0.0,0.0,599.5999999999947,84.0,0.5833333333333334,439,9.67907199999995,0,18,0.08333333333333333,0.904249792186106,0,20.05000000000015
mas,72,1.0,0.0,43232.0,42600.0,0.0,0.0,583.9999999999964,48.0,0.3333333333333333,439,9.67907199999995,0,19,0.0,0.8519315319045218,0,19.650000000000144
mas,73,0.8333333333333334,0.75,55621.759352541485,52800.0,2037.7593525414923,0.0,711.9999999999956,72.0,0.5,453,9.987743999999948,0,14,0.0,0.8523266209327466,0,20.450000000000156
mas,74,0.9166666666666666,0.5833333333333334,49464.841271841244,47200.0,1608.483899441023,80.35737240022773,551.9999999999925,24.0,0.16666666666666666,459,10.120031999999947,0,14,0.0,0.8681714464676186,0,21.40000000000017
mas,75,0.9166666666666666,0.4166666666666667,46001.13817622411,43800.0,1526.3381762241138,0.0,590.7999999999965,84.0,0.5833333333333334,439,9.67907199999995,0,19,0.0,0.8446677836739995,0,20.400000000000155
mas,76,0.9166666666666666,0.5833333333333334,41435.84328232882,39900.0,917.19697198917,65.44631033964879,505.19999999999646,48.0,0.3333333333333333,432,9.524735999999951,0,15,0.0,0.9096167424008227,0,16.800000000000104
mas,77,0.8333333333333334,0.8333333333333334,50856.47833678031,46200.0,3887.587760203798,59.29057657652207,637.5999999999938,72.0,0.5,439,9.67907199999995,0,14,0.0,0.9221511010923632,0,20.300000000000153
mas,78,0.8333333333333334,0.3333333333333333,49692.30857382038,48000.0,877.1085738203852,0.0,719.1999999999966,96.0,0.6666666666666666,439,9.67907199999995,0,19,0.0,0.8887827106917646,0,19.700000000000145
mas,79,0.5833333333333334,3.0833333333333335,53345.31821304576,46300.0,5989.718166251663,316.40004679409816,667.1999999999902,72.0,0.5,521,11.487007999999937,0,16,0.08333333333333333,0.8627313696522173,0,23.5000000000002
mas,80,0.9166666666666666,0.5833333333333334,53846.724290090824,51000.0,2114.7242900908223,0.0,635.9999999999966,96.0,0.6666666666666666,432,9.524735999999951,0,14,0.0,0.8575935000077255,0,18.450000000000127
mas,81,0.6666666666666666,2.5833333333333335,47746.78645932156,32100.0,14596.98632371096,295.00013561061303,694.799999999992,60.0,0.4166666666666667,477,10.516895999999944,0,19,0.0,0.8253617404472791,0,22.90000000000019
mas,82,0.8333333333333334,0.8333333333333334,56554.56547675916,54900.0,888.1654767591706,0.0,646.3999999999938,120.0,0.8333333333333334,459,10.120031999999947,0,19,0.0,0.8648875213461398,0,21.250000000000167
mas,83,0.8333333333333334,1.0,46351.52791838168,43000.0,2568.635255776641,135.2926626050483,611.5999999999948,36.0,0.25,452,9.965695999999948,0,14,0.0,0.8901706441325605,0,20.00000000000015
mas,84,0.9166666666666666,0.25,52441.1064270134,50700.0,1109.5064270134028,0.0,595.5999999999979,36.0,0.25,445,9.811359999999949,0,14,0.0,0.8556059620891153,0,18.400000000000126
mas,85,1.0,0.0,56911.708409665625,56200.0,0.0,65.30840966562886,586.3999999999929,60.0,0.4166666666666667,432,9.524735999999951,0,14,0.08333333333333333,0.9415309547571795,0,20.450000000000156
mas,86,0.75,1.5833333333333333,58633.13241427774,55400.0,2460.5517622908974,117.78065198684416,570.799999999994,84.0,0.5833333333333334,457,10.075935999999947,0,19,0.08333333333333333,0.8366764312472336,0,20.65000000000016
mas,87,1.0,0.0,46873.6,46200.0,0.0,0.0,601.5999999999952,72.0,0.5,432,9.524735999999951,0,19,0.0,0.9223076589929612,0,19.900000000000148
mas,88,1.0,0.0,48416.403888248125,47700.0,0.0,24.803888248126018,523.5999999999975,168.0,1.1666666666666667,432,9.524735999999951,0,14,0.0,0.919435793158406,0,16.300000000000097
mas,89,0.8333333333333334,0.5833333333333334,55674.5009508636,52800.0,2094.9009508636,0.0,683.5999999999977,96.0,0.6666666666666666,432,9.524735999999951,0,19,0.0,0.9319920179260104,0,17.30000000000011
mas,90,1.0,0.0,58292.0,57600.0,0.0,0.0,631.9999999999966,60.0,0.4166666666666667,439,9.67907199999995,0,19,0.0,0.8797713124921736,0,18.150000000000123
mas,91,0.8333333333333334,0.8333333333333334,48416.73203405137,45900.0,1815.2501415734914,51.8818924778887,553.5999999999927,96.0,0.6666666666666666,464,10.230271999999946,0,19,0.0,0.9077829902534237,0,21.700000000000173
mas,92,0.8333333333333334,1.0,56256.15990187223,52500.0,2914.4282332592857,144.13166861295417,601.5999999999914,96.0,0.6666666666666666,439,9.67907199999995,0,14,0.0,0.8956559111526121,0,20.900000000000162
mas,93,1.0,0.0,49459.59999999999,48900.0,0.0,0.0,499.5999999999942,60.0,0.4166666666666667,439,9.67907199999995,0,14,0.0,0.8927811109999756,0,21.100000000000165
mas,94,0.9166666666666666,0.5833333333333334,59397.6410751594,57300.0,1388.029277463564,53.61179769584081,547.9999999999932,108.0,0.75,439,9.67907199999995,0,14,0.08333333333333333,0.9120771558651538,0,20.05000000000015
mas,95,0.8333333333333334,0.8333333333333334,58442.46620437376,54900.0,2704.2361269911707,116.63007738259071,637.5999999999957,84.0,0.5833333333333334,451,9.943647999999948,0,19,0.0,0.9286458309040496,0,18.800000000000132
mas,96,1.0,0.0,52273.99999999999,51600.0,0.0,0.0,589.9999999999943,84.0,0.5833333333333334,432,9.524735999999951,0,14,0.0,0.9122345589263392,0,20.05000000000015
mas,97,0.6666666666666666,1.6666666666666667,51703.64065001287,47900.0,2935.889743574745,113.35090643813393,706.3999999999959,48.0,0.3333333333333333,451,9.943647999999948,0,14,0.0,0.895429944777631,0,17.700000000000117
mas,98,0.8333333333333334,1.0,45381.688374990044,42600.0,2085.580384185603,55.307990804447655,556.799999999995,84.0,0.5833333333333334,432,9.524735999999951,0,19,0.0,0.8704524346310902,0,18.400000000000126
mas,99,1.0,0.0,44801.87993959478,44100.0,0.0,33.87993959478681,559.9999999999956,108.0,0.75,432,9.524735999999951,0,14,0.0,0.8896464636667151,0,19.050000000000136
mas,100,1.0,0.0,36649.78660184548,36000.0,0.0,64.9866018454828,512.7999999999952,72.0,0.5,432,9.524735999999951,0,14,0.0,0.919024369113366,0,19.900000000000148
mas,101,0.8333333333333334,0.8333333333333334,50938.223137313624,48900.0,1366.9798626576226,28.443274656003577,570.7999999999965,72.0,0.5,432,9.524735999999951,0,12,0.0,0.9236177692552502,0,17.650000000000116
mas,102,0.75,1.3333333333333333,44014.8084214313,40400.0,2812.769452458925,25.23896897237633,704.7999999999943,72.0,0.5,458,10.097983999999947,0,14,0.0,0.905148542841097,0,20.600000000000158
mas,103,0.9166666666666666,0.4166666666666667,51497.771822113085,49600.0,1222.9317118151378,23.64011029795365,579.1999999999955,72.0,0.5,445,9.811359999999949,0,14,0.08333333333333333,0.8912784242772093,0,18.350000000000126
mas,104,0.8333333333333334,0.5833333333333334,54173.44413903999,52500.0,959.0441390399926,0.0,630.3999999999957,84.0,0.5833333333333334,445,9.811359999999949,0,14,0.0,0.9005508888453931,0,18.850000000000133
mas,105,0.9166666666666666,0.4166666666666667,54554.82564829207,53200.0,659.625648292074,0.0,647.1999999999974,48.0,0.3333333333333333,432,9.524735999999951,0,14,0.0,0.8447925079908123,0,15.500000000000085
mas,106,1.0,0.0,47662.799999999996,47100.0,0.0,0.0,490.79999999999575,72.0,0.5,452,9.965695999999948,0,19,0.08333333333333333,0.9153253356058011,0,20.250000000000153
mas,107,0.75,1.75,55289.283111019045,48200.0,6258.483111019052,0.0,710.7999999999947,120.0,0.8333333333333334,457,10.075935999999947,0,16,0.0,0.8845472865146167,0,21.100000000000165
mas,108,0.9166666666666666,0.5833333333333334,44109.41447803916,40800.0,2372.5858208498917,441.2286571892762,411.599999999993,84.0,0.5833333333333334,482,10.627135999999943,0,14,0.0,0.910414612630239,0,20.85000000000016
mas,109,0.6666666666666666,1.6666666666666667,61102.55681158231,54600.0,5662.672140184422,63.88467139790055,703.9999999999948,72.0,0.5,446,9.833407999999949,0,14,0.0,0.8874053723269075,0,21.250000000000167
mas,110,0.9166666666666666,0.4166666666666667,49012.381087916365,47100.0,1210.781087916374,0.0,629.5999999999947,72.0,0.5,438,9.65702399999995,0,14,0.08333333333333333,0.9181554709565404,0,19.000000000000135
mas,111,0.8333333333333334,0.6666666666666666,54090.061814895176,51000.0,2328.461814895187,0.0,665.5999999999938,96.0,0.6666666666666666,445,9.811359999999949,0,12,0.0,0.9181289646811168,0,22.25000000000018
mas,112,0.8333333333333334,1.1666666666666667,57176.37593681138,51900.0,4516.084244492105,29.091692319275957,599.199999999995,132.0,0.9166666666666666,439,9.67907199999995,0,13,0.08333333333333333,0.8833435100692211,0,19.25000000000014
mas,113,1.0,0.0,54118.71329180978,53500.0,0.0,24.713291809783815,545.9999999999925,48.0,0.3333333333333333,451,9.943647999999948,0,19,0.0,0.818274316678386,0,22.25000000000018
mas,114,0.9166666666666666,0.4166666666666667,43087.43496152904,42000.0,425.0349615290506,0.0,566.3999999999969,96.0,0.6666666666666666,432,9.524735999999951,0,14,0.0,0.8784347889214472,0,16.6000000000001
mas,115,1.0,0.0,37278.399999999994,36600.0,0.0,0.0,558.3999999999942,120.0,0.8333333333333334,452,9.965695999999948,0,19,0.0,0.897915036220806,0,21.800000000000175
mas,116,0.8333333333333334,0.6666666666666666,46798.04794469896,45100.0,872.0897255355701,266.35821916339864,499.5999999999955,60.0,0.4166666666666667,463,10.208223999999946,0,16,0.0,0.8807291410991258,0,20.300000000000153
mas,117,0.8333333333333334,0.5,39703.92125819289,38400.0,579.580392323385,40.74086586950389,611.599999999995,72.0,0.5,458,10.097983999999947,0,19,0.0,0.8398356405800089,0,20.70000000000016
mas,118,1.0,0.0,42356.799999999996,41700.0,0.0,0.0,560.7999999999971,96.0,0.6666666666666666,438,9.65702399999995,0,14,0.0,0.8734626556318579,0,18.05000000000012
mas,119,0.9166666666666666,0.4166666666666667,48786.431121958645,47400.0,735.2311219586477,0.0,579.1999999999955,72.0,0.5,446,9.833407999999949,0,14,0.0,0.9297245501200891,0,17.700000000000117
mas,120,1.0,0.0,34904.799999999996,34200.0,0.0,0.0,596.7999999999955,108.0,0.75,432,9.524735999999951,0,19,0.08333333333333333,0.9021533751876476,0,19.45000000000014
mas,121,0.75,1.5833333333333333,44664.09715552028,40300.0,3596.5263466110096,93.57080890927273,577.9999999999923,96.0,0.6666666666666666,458,10.097983999999947,0,14,0.0,0.8869663408345234,0,22.300000000000182
mas,122,0.8333333333333334,0.5833333333333334,54777.3685174858,53600.0,626.5151305937165,29.653386892079805,461.19999999999493,60.0,0.4166666666666667,439,9.67907199999995,0,14,0.0,0.8578286468129668,0,18.300000000000125
mas,123,0.8333333333333334,0.8333333333333334,50217.48567979375,47700.0,1886.7261219501288,25.15955784361472,557.599999999996,48.0,0.3333333333333333,439,9.67907199999995,0,19,0.08333333333333333,0.9089815663162863,0,17.550000000000114
mas,124,0.75,1.1666666666666667,43310.01527779794,40800.0,1694.0152777979356,0.0,779.9999999999968,36.0,0.25,432,9.524735999999951,0,19,0.0,0.8581881187025026,0,18.75000000000013
mas,125,0.75,0.8333333333333334,49877.71375127438,46700.0,2298.837380701437,92.87637057295323,737.999999999993,48.0,0.3333333333333333,439,9.67907199999995,0,14,0.0,0.8936020557210264,0,21.300000000000168
mas,126,0.9166666666666666,0.4166666666666667,50741.12807680111,49200.0,909.5280768011169,0.0,559.5999999999977,72.0,0.5,446,9.833407999999949,0,18,0.08333333333333333,0.9271975388659408,0,16.200000000000095
mas,127,0.9166666666666666,0.5833333333333334,49690.39634218678,47600.0,1435.14246806405,58.053874122736225,537.199999999995,60.0,0.4166666666666667,446,9.833407999999949,0,20,0.0,0.8746199970968491,0,16.800000000000104
mas,128,0.6666666666666666,1.6666666666666667,56212.65065352935,52100.0,3154.199421390222,97.25123213913255,789.199999999995,72.0,0.5,445,9.811359999999949,0,19,0.08333333333333333,0.9126928800288547,0,19.30000000000014
mas,129,0.9166666666666666,0.16666666666666666,47956.24229887135,46800.0,528.6422988713543,0.0,567.5999999999979,60.0,0.4166666666666667,432,9.524735999999951,0,14,0.0,0.8748698966214963,0,16.150000000000095
mas,130,0.75,1.0,45317.73581117998,42000.0,2527.335811179979,0.0,718.3999999999979,72.0,0.5,439,9.67907199999995,0,19,0.0,0.8833347621087704,0,17.35000000000011
mas,131,0.9166666666666666,0.25,60189.69997858396,59100.0,413.4694422440026,23.430536339959197,592.7999999999955,60.0,0.4166666666666667,432,9.524735999999951,0,14,0.08333333333333333,0.8751143376205592,0,17.25000000000011
mas,132,0.9166666666666666,0.16666666666666666,58725.03551797695,57900.0,176.23551797695447,0.0,540.7999999999963,108.0,0.75,432,9.524735999999951,0,14,0.0,0.8840810467436874,0,18.900000000000134
mas,133,0.9166666666666666,0.4166666666666667,49139.584322137074,48000.0,490.6380133709377,78.94630876614104,509.9999999999933,60.0,0.4166666666666667,457,10.075935999999947,0,13,0.0,0.8697821399938244,0,21.300000000000168
mas,134,0.75,1.0,49802.8548829771,47700.0,1337.538388633001,96.11649434411406,609.1999999999929,60.0,0.4166666666666667,465,10.252319999999946,0,19,0.0,0.8941530190328001,0,23.100000000000193
mas,135,0.9166666666666666,0.4166666666666667,44177.88243231397,42900.0,592.8098952162309,33.47253709774465,567.5999999999933,84.0,0.5833333333333334,439,9.67907199999995,0,12,0.08333333333333333,0.9239248622098065,0,20.70000000000016
mas,136,0.8333333333333334,0.8333333333333334,57356.92728591965,54100.0,2601.8694964401475,23.45778947950903,547.5999999999947,84.0,0.5833333333333334,439,9.67907199999995,0,19,0.0,0.9126878718472575,0,17.700000000000117
mas,137,0.75,1.4166666666666667,54243.91370958438,51000.0,2545.5137095843925,0.0,614.3999999999947,84.0,0.5833333333333334,446,9.833407999999949,0,14,0.0,0.8580076974968583,0,19.850000000000147
mas,138,0.9166666666666666,0.4166666666666667,53532.99963419224,51300.0,1538.6365450906255,56.36308910162294,541.9999999999957,96.0,0.6666666666666666,438,9.65702399999995,0,14,0.0,0.8379413061164804,0,17.700000000000117
mas,139,0.8333333333333334,0.5833333333333334,51367.41278384823,49200.0,1535.6170376337045,50.595746214529996,521.1999999999953,60.0,0.4166666666666667,458,10.097983999999947,0,14,0.08333333333333333,0.8520749522981561,0,21.40000000000017
mas,140,1.0,0.0,55271.86867260543,54600.0,0.0,75.06867260543333,548.7999999999944,48.0,0.3333333333333333,452,9.965695999999948,0,14,0.0,0.9159676457740157,0,21.50000000000017
mas,141,0.8333333333333334,0.25,43001.431771553194,41700.0,524.6317715531978,0.0,704.7999999999979,72.0,0.5,432,9.524735999999951,0,14,0.0,0.8871694875721173,0,16.200000000000095
mas,142,0.8333333333333334,0.8333333333333334,52101.31632554243,48600.0,2761.105088342434,38.21123720000511,629.9999999999945,72.0,0.5,453,9.987743999999948,0,13,0.0,0.9240974885280739,0,19.750000000000146
mas,143,0.9166666666666666,0.5833333333333334,55895.31546435253,54200.0,1001.3048760811141,127.61058827141551,482.3999999999933,84.0,0.5833333333333334,451,9.943647999999948,0,19,0.0,0.8671324223697876,0,20.80000000000016
mas,144,0.9166666666666666,0.4166666666666667,39256.776365516605,37500.0,1003.1763655166035,0.0,693.5999999999974,60.0,0.4166666666666667,432,9.524735999999951,0,19,0.0,0.8608051513976706,0,18.300000000000125
mas,145,0.9166666666666666,0.4166666666666667,39897.32131845385,37200.0,2041.721318453857,0.0,571.5999999999946,84.0,0.5833333333333334,452,9.965695999999948,0,14,0.0,0.9161336434558166,0,20.00000000000015
mas,146,0.75,1.0,48300.40596125851,45000.0,2560.005961258515,0.0,668.3999999999952,72.0,0.5,458,10.097983999999947,0,13,0.08333333333333333,0.9097373340854692,0,18.450000000000127
mas,147,1.0,0.0,48897.6,48300.0,0.0,0.0,537.5999999999952,60.0,0.4166666666666667,439,9.67907199999995,0,14,0.0,0.9399701382322954,0,19.650000000000144
mas,148,0.9166666666666666,0.08333333333333333,53664.146644826615,52800.0,101.43877403715202,67.1078707894679,611.5999999999935,84.0,0.5833333333333334,432,9.524735999999951,0,19,0.0,0.9066079303947809,0,19.700000000000145
mas,149,1.0,0.0,45971.14985678071,45300.0,0.0,26.749856780704174,548.3999999999983,96.0,0.6666666666666666,432,9.524735999999951,0,14,0.0,0.8982346191190025,0,14.250000000000068
mas,150,1.0,0.0,52068.04693038405,51300.0,0.0,170.846930384052,465.1999999999946,132.0,0.9166666666666666,439,9.67907199999995,0,20,0.0,0.9141149839906616,0,16.950000000000106
mas,151,0.9166666666666666,0.5833333333333334,56629.81417887451,53000.0,2961.011306482485,62.00287239203266,546.7999999999934,60.0,0.4166666666666667,459,10.120031999999947,0,14,0.0,0.9176089052500994,0,22.500000000000185
mas,152,0.9166666666666666,0.4166666666666667,54708.193240851,52500.0,1414.866378320106,90.12686253089267,595.1999999999936,108.0,0.75,464,10.230271999999946,0,14,0.0,0.9174943230037602,0,22.20000000000018
mas,153,1.0,0.0,49860.0,49200.0,0.0,0.0,599.9999999999965,60.0,0.4166666666666667,432,9.524735999999951,0,14,0.08333333333333333,0.9148345500454615,0,16.4500000000001
mas,154,1.0,0.0,51381.07137964616,50700.0,0.0,53.87137964616159,555.1999999999936,72.0,0.5,439,9.67907199999995,0,18,0.0,0.9170734240314758,0,20.350000000000154
mas,155,0.9166666666666666,0.16666666666666666,55666.0880326923,54300.0,754.8880326923032,0.0,563.1999999999953,48.0,0.3333333333333333,452,9.965695999999948,0,19,0.0,0.9141706752813917,0,21.250000000000167
mas,156,0.5833333333333334,3.5,66277.34509383184,50400.0,14878.13406670852,320.8110271233248,594.3999999999908,84.0,0.5833333333333334,514,11.332671999999938,0,19,0.0,0.8323227588173148,0,23.750000000000203
mas,157,0.9166666666666666,0.4166666666666667,56763.72166434604,55300.0,730.9624256752943,142.75923867075167,529.9999999999925,60.0,0.4166666666666667,439,9.67907199999995,0,19,0.0,0.8263443292748526,0,21.200000000000166
mas,158,0.8333333333333334,0.8333333333333334,49161.87454993276,46000.0,2426.274549932765,0.0,639.5999999999971,96.0,0.6666666666666666,445,9.811359999999949,0,19,0.08333333333333333,0.9195248165193807,0,16.800000000000104
mas,159,0.9166666666666666,0.16666666666666666,45016.87512042356,43800.0,579.3726204915635,24.702499931999814,516.7999999999945,96.0,0.6666666666666666,471,10.384607999999945,0,19,0.0,0.8426601060379514,0,21.050000000000164
mas,160,1.0,0.0,48153.99999999999,47700.0,0.0,0.0,441.99999999999613,12.0,0.08333333333333333,478,10.538943999999944,0,14,0.0,0.9105347572662585,0,17.750000000000117
mas,161,0.9166666666666666,0.4166666666666667,50319.600378828734,48700.0,888.0253116057371,31.17506722300556,628.3999999999955,72.0,0.5,445,9.811359999999949,0,19,0.08333333333333333,0.8655753441064219,0,19.800000000000146
mas,162,0.6666666666666666,2.5833333333333335,53087.820484438074,40800.0,11255.010559475546,366.0099249625408,570.7999999999898,96.0,0.6666666666666666,491,10.825567999999942,0,14,0.08333333333333333,0.9155995463448432,0,24.30000000000021
mas,163,1.0,0.0,48896.96247671623,48300.0,0.0,34.16247671623449,490.7999999999956,72.0,0.5,439,9.67907199999995,0,14,0.0,0.9190090937314811,0,18.800000000000132
mas,164,0.8333333333333334,0.5833333333333334,48303.50364678345,46200.0,1299.2027413827377,51.10090540071667,693.1999999999982,60.0,0.4166666666666667,445,9.811359999999949,0,19,0.0,0.8921466254651059,0,14.850000000000076
mas,165,1.0,0.0,50412.399999999994,49800.0,0.0,0.0,588.3999999999967,24.0,0.16666666666666666,432,9.524735999999951,0,19,0.0,0.9005253064286642,0,17.450000000000113
mas,166,0.8333333333333334,1.1666666666666667,47529.73196749519,43100.0,3673.8622614490387,31.069706046150884,640.7999999999973,84.0,0.5833333333333334,439,9.67907199999995,0,14,0.16666666666666666,0.8993343780545232,0,16.200000000000095
mas,167,1.0,0.0,45970.011365584105,45200.0,0.0,183.21136558411052,526.799999999994,60.0,0.4166666666666667,446,9.833407999999949,0,12,0.0,0.8922121188780376,0,20.400000000000155
mas,168,0.8333333333333334,0.8333333333333334,49196.91358567018,44900.0,3513.4892304548775,79.82435521530805,607.5999999999957,96.0,0.6666666666666666,457,10.075935999999947,0,19,0.0,0.8662996129351465,0,18.900000000000134
mas,169,0.9166666666666666,0.4166666666666667,52406.90804802271,50100.0,1656.7379762154674,31.77007180725242,534.3999999999961,84.0,0.5833333333333334,446,9.833407999999949,0,19,0.08333333333333333,0.8988797946188886,0,18.350000000000126
mas,170,1.0,0.0,45711.2197565566,45000.0,0.0,24.019756556607977,567.1999999999958,120.0,0.8333333333333334,432,9.524735999999951,0,19,0.0,0.9050010190382978,0,18.850000000000133
mas,171,0.8333333333333334,0.8333333333333334,45157.607235463925,42300.0,2056.407235463927,0.0,693.1999999999957,108.0,0.75,439,9.67907199999995,0,14,0.0,0.9039038436933521,0,19.900000000000148
mas,172,0.75,1.25,50354.28574627123,46600.0,2811.020346133594,388.46540013764377,494.799999999993,60.0,0.4166666666666667,464,10.230271999999946,0,14,0.0,0.9064653016440106,0,22.350000000000183
mas,173,0.75,1.3333333333333333,49306.22339197687,44700.0,3748.6083370987526,29.21505487811754,780.3999999999959,48.0,0.3333333333333333,439,9.67907199999995,0,19,0.0,0.898586633148464,0,18.850000000000133
mas,174,1.0,0.0,55226.399999999994,54600.0,0.0,0.0,554.3999999999949,72.0,0.5,432,9.524735999999951,0,19,0.0,0.888042717456555,0,21.200000000000166
mas,175,0.9166666666666666,0.4166666666666667,44635.30327089154,42900.0,1115.3032708915446,0.0,535.9999999999967,84.0,0.5833333333333334,445,9.811359999999949,0,14,0.08333333333333333,0.9073088969272317,0,18.100000000000122
mas,176,0.9166666666666666,0.4166666666666667,51169.3207437268,48600.0,1860.825740091046,25.695003635756247,562.7999999999981,120.0,0.8333333333333334,445,9.811359999999949,0,19,0.0,0.91525712882854,0,15.950000000000092
mas,177,0.8333333333333334,0.8333333333333334,45220.19351105885,42000.0,2455.7935110588624,0.0,680.399999999996,84.0,0.5833333333333334,432,9.524735999999951,0,14,0.0,0.9167164770455942,0,18.850000000000133
mas,178,1.0,0.0,36636.4,36000.0,0.0,0.0,528.3999999999984,108.0,0.75,432,9.524735999999951,0,19,0.0,0.8434690109183413,0,14.650000000000073
mas,179,0.9166666666666666,0.16666666666666666,42662.41139773587,41400.0,638.8113977358765,0.0,539.5999999999963,84.0,0.5833333333333334,439,9.67907199999995,0,14,0.0,0.8793422832101249,0,16.300000000000097
mas,180,1.0,0.0,42317.41960598198,41700.0,0.0,27.419605981982528,529.9999999999966,60.0,0.4166666666666667,439,9.67907199999995,0,19,0.0,0.8714454987962994,0,15.80000000000009
mas,181,0.75,1.25,49921.39790410891,45800.0,3434.5059148113387,64.09198929758159,562.7999999999921,60.0,0.4166666666666667,451,9.943647999999948,0,14,0.08333333333333333,0.8811740026385366,0,23.400000000000198
mas,182,0.9166666666666666,0.4166666666666667,53169.3008431043,51900.0,506.0744880891366,196.42635501516756,530.7999999999959,36.0,0.25,432,9.524735999999951,0,19,0.0,0.9273624240813293,0,17.35000000000011
mas,183,0.9166666666666666,0.08333333333333333,52616.55823364799,51600.0,306.15823364800025,0.0,614.3999999999961,96.0,0.6666666666666666,432,9.524735999999951,0,14,0.0,0.8880911230533576,0,18.65000000000013
mas,184,0.9166666666666666,0.4166666666666667,48463.087052248186,47100.0,706.0472333423286,101.83981890585787,507.19999999999607,48.0,0.3333333333333333,439,9.67907199999995,0,17,0.0,0.9292114643848535,0,18.500000000000128
mas,185,1.0,0.0,42381.40732453632,41700.0,0.0,33.807324536319946,539.5999999999968,108.0,0.75,439,9.67907199999995,0,14,0.0,0.9012071922295568,0,17.050000000000107
mas,186,0.9166666666666666,0.16666666666666666,48243.093773885834,47100.0,375.09377388583164,0.0,623.9999999999968,144.0,1.0,432,9.524735999999951,0,12,0.08333333333333333,0.8649038368608211,0,17.650000000000116
mas,187,1.0,0.0,37747.2,37200.0,0.0,0.0,499.199999999996,48.0,0.3333333333333333,438,9.65702399999995,0,14,0.08333333333333333,0.904268277785238,0,17.90000000000012
mas,188,0.9166666666666666,0.5833333333333334,48490.974845811514,45600.0,2195.3748458115256,0.0,611.5999999999932,84.0,0.5833333333333334,439,9.67907199999995,0,15,0.08333333333333333,0.9014864171520643,0,21.700000000000173
mas,189,1.0,0.0,41996.76287182144,41300.0,0.0,30.362871821449026,570.3999999999966,96.0,0.6666666666666666,446,9.833407999999949,0,14,0.0,0.8938087525774032,0,18.100000000000122
mas,190,0.8333333333333334,0.6666666666666666,54259.43691403484,51600.0,1796.5864377144624,169.65047632039506,621.1999999999923,72.0,0.5,439,9.67907199999995,0,13,0.0,0.9381003486725857,0,21.650000000000173
mas,191,0.8333333333333334,1.0,60159.473141139475,56300.0,3010.673141139477,0.0,752.799999999998,96.0,0.6666666666666666,432,9.524735999999951,0,14,0.0,0.9058178104152805,0,15.85000000000009
mas,192,0.9166666666666666,0.16666666666666666,47759.14070779731,46500.0,508.09399428697327,29.44671351034041,589.599999999995,132.0,0.9166666666666666,432,9.524735999999951,0,19,0.08333333333333333,0.8920309634951364,0,20.300000000000153
mas,193,0.75,0.9166666666666666,46745.766528627086,42800.0,3079.898645842173,105.46788278492375,652.3999999999962,108.0,0.75,459,10.120031999999947,0,14,0.0,0.9138028086641886,0,19.200000000000138
mas,194,0.8333333333333334,0.3333333333333333,42922.646316018356,41100.0,1195.0463160183629,0.0,579.5999999999946,48.0,0.3333333333333333,432,9.524735999999951,0,14,0.0,0.9168879086167605,0,19.150000000000137
mas,195,0.9166666666666666,0.4166666666666667,47527.12088789954,46200.0,731.1208878995446,0.0,559.9999999999955,36.0,0.25,432,9.524735999999951,0,14,0.0,0.826974276392908,0,20.450000000000156
mas,196,1.0,0.0,45314.89533596373,44700.0,0.0,22.895335963728183,507.9999999999987,84.0,0.5833333333333334,439,9.67907199999995,0,14,0.0,0.9352524279369593,0,15.250000000000082
mas,197,1.0,0.0,48028.399999999994,47400.0,0.0,0.0,556.3999999999949,72.0,0.5,432,9.524735999999951,0,19,0.0,0.8580559849245021,0,21.100000000000165
mas,198,0.9166666666666666,0.16666666666666666,42162.88175739714,41100.0,349.28175739714237,0.0,605.5999999999972,108.0,0.75,432,9.524735999999951,0,14,0.0,0.8740784046249043,0,18.65000000000013
mas,199,0.9166666666666666,0.5833333333333334,55907.85711643925,53700.0,1489.4571164392544,0.0,646.3999999999946,72.0,0.5,432,9.524735999999951,0,12,0.0,0.9321597170774165,0,19.850000000000147
mas,200,1.0,0.0,52107.59436065056,51600.0,0.0,23.59436065057149,411.99999999999636,72.0,0.5,452,9.965695999999948,0,19,0.0,0.7742669201557196,0,16.700000000000102
mas,201,0.75,1.4166666666666667,57751.883420412756,54300.0,2596.0741100656596,69.4093103471046,702.3999999999975,84.0,0.5833333333333334,439,9.67907199999995,0,19,0.0,0.8893931630187203,0,18.300000000000125
mas,202,0.9166666666666666,0.16666666666666666,39638.34251278427,38800.0,269.006689995702,60.935822788575535,472.3999999999938,36.0,0.25,464,10.230271999999946,0,18,0.0,0.9053895833234429,0,21.650000000000173
mas,203,0.9166666666666666,0.4166666666666667,57398.97661573923,54600.0,2097.3766157392342,0.0,629.5999999999964,72.0,0.5,439,9.67907199999995,0,14,0.0,0.8553730480045182,0,18.05000000000012
mas,204,1.0,0.0,54897.6,54300.0,0.0,0.0,549.5999999999956,48.0,0.3333333333333333,432,9.524735999999951,0,19,0.08333333333333333,0.9301206023075099,0,19.25000000000014
mas,205,0.9166666666666666,0.5833333333333334,41148.54347033961,39600.0,933.7210343718978,26.022435967718447,516.7999999999947,72.0,0.5,432,9.524735999999951,0,19,0.0,0.8492232772427213,0,20.15000000000015
mas,206,0.75,1.5833333333333333,60069.80086853981,49400.0,9781.63511711861,275.7657514212078,540.3999999999928,72.0,0.5,452,9.965695999999948,0,16,0.0,0.8780199587767198,0,21.55000000000017
mas,207,1.0,0.0,51369.462982988916,50700.0,0.0,23.462982988925805,585.9999999999942,60.0,0.4166666666666667,432,9.524735999999951,0,14,0.0,0.9071794050550577,0,19.150000000000137
mas,208,0.9166666666666666,0.25,55933.88072308661,54300.0,912.6807230866119,0.0,649.1999999999962,72.0,0.5,432,9.524735999999951,0,14,0.0,0.8947353076549166,0,18.450000000000127
mas,209,0.8333333333333334,0.6666666666666666,60398.86224520871,57600.0,2027.7314982193227,31.530746989393013,619.5999999999946,120.0,0.8333333333333334,446,9.833407999999949,0,14,0.0,0.9337871492901019,0,19.200000000000138
mas,210,0.9166666666666666,0.5833333333333334,54278.131530807856,52500.0,1042.5449150124855,96.78661579537578,602.7999999999945,36.0,0.25,458,10.097983999999947,0,14,0.0,0.8888141440274104,0,22.05000000000018
mas,211,0.8333333333333334,1.1666666666666667,49799.40160861153,45300.0,3673.3869015729224,39.214707038611785,642.7999999999952,144.0,1.0,453,9.987743999999948,0,19,0.0,0.8475918611662997,0,20.450000000000156
mas,212,0.8333333333333334,0.8333333333333334,41835.02090423962,40200.0,920.7946527600321,90.22625147959653,563.9999999999965,60.0,0.4166666666666667,445,9.811359999999949,0,20,0.0,0.8974672000405828,0,18.300000000000125
mas,213,0.8333333333333334,1.0,48122.77686435218,45600.0,1801.9768643521857,0.0,648.7999999999943,72.0,0.5,432,9.524735999999951,0,19,0.0,0.91705104299552,0,20.65000000000016
mas,214,0.9166666666666666,0.4166666666666667,57754.58098618329,55500.0,1540.298280076397,57.48270610689245,596.7999999999931,60.0,0.4166666666666667,439,9.67907199999995,0,12,0.08333333333333333,0.929512586783833,0,21.50000000000017
mas,215,0.8333333333333334,1.0,47388.01476262785,43700.0,2825.185841723801,264.42892090405275,514.399999999993,84.0,0.5833333333333334,501,11.04604799999994,0,23,0.0,0.9160503674673709,0,21.50000000000017
mas,216,0.9166666666666666,0.4166666666666667,43161.75610281854,41100.0,1389.7561028185403,0.0,611.999999999997,60.0,0.4166666666666667,439,9.67907199999995,0,19,0.0,0.8697195598153233,0,16.150000000000095
mas,217,0.6666666666666666,2.1666666666666665,62119.655207898075,54300.0,6885.212648118876,130.4425597792081,707.9999999999922,96.0,0.6666666666666666,458,10.097983999999947,0,19,0.08333333333333333,0.8953054162920349,0,23.900000000000205
mas,218,0.6666666666666666,1.8333333333333333,58383.3195750883,53100.0,4494.975827625759,79.94374746254887,648.3999999999936,60.0,0.4166666666666667,445,9.811359999999949,0,14,0.0,0.91145095909529,0,19.700000000000145
mas,219,1.0,0.0,43888.399999999994,43200.0,0.0,0.0,544.3999999999942,144.0,1.0,432,9.524735999999951,0,14,0.0,0.902825032786695,0,23.050000000000193
mas,220,0.8333333333333334,0.3333333333333333,50337.72779277578,49200.0,485.3277927757799,0.0,592.3999999999988,60.0,0.4166666666666667,432,9.524735999999951,0,14,0.0,0.8778010981787995,0,15.400000000000084
mas,221,0.8333333333333334,0.8333333333333334,44818.41837644212,40800.0,3192.4183764421236,0.0,681.9999999999957,144.0,1.0,432,9.524735999999951,0,19,0.0,0.8976104197115623,0,19.200000000000138
mas,222,0.9166666666666666,0.5833333333333334,57488.63474724121,55500.0,1259.034747241219,0.0,669.5999999999935,60.0,0.4166666666666667,446,9.833407999999949,0,14,0.0,0.8793564132063089,0,22.10000000000018
mas,223,0.5833333333333334,2.75,59326.76960273094,51300.0,7169.923056657529,60.04654607342512,724.7999999999915,72.0,0.5,476,10.494847999999944,0,13,0.0,0.8106166344569866,0,23.6000000000002
mas,224,0.9166666666666666,0.25,41785.255649055805,40200.0,924.982260023723,34.673389032079804,529.5999999999965,96.0,0.6666666666666666,445,9.811359999999949,0,19,0.0,0.8891538953916379,0,16.800000000000104
mas,225,1.0,0.0,50380.799999999996,49800.0,0.0,0.0,520.7999999999936,60.0,0.4166666666666667,445,9.811359999999949,0,15,0.0,0.9104526328325313,0,20.900000000000162
mas,226,1.0,0.0,39042.01396057101,38400.0,0.0,61.21396057101049,472.7999999999953,108.0,0.75,458,10.097983999999947,0,16,0.08333333333333333,0.9165688979571819,0,19.500000000000142
mas,227,0.9166666666666666,0.4166666666666667,51998.894401589256,50700.0,615.6371042074996,80.85729738177135,506.3999999999904,96.0,0.6666666666666666,458,10.097983999999947,0,13,0.0,0.8840907302014174,0,24.000000000000206
mas,228,0.9166666666666666,0.5833333333333334,57871.17004424673,56400.0,621.8041097036323,188.9659345431063,576.3999999999955,84.0,0.5833333333333334,452,9.965695999999948,0,19,0.0,0.8869137620590887,0,18.500000000000128
mas,229,0.9166666666666666,0.4166666666666667,47060.34804180474,45500.0,577.475769294233,441.67227251051077,409.1999999999927,132.0,0.9166666666666666,483,10.649183999999943,0,13,0.08333333333333333,0.8614607464367208,0,21.150000000000166
mas,230,0.9166666666666666,0.4166666666666667,43350.420216445236,42000.0,640.8797823210502,27.540434124185534,597.9999999999967,84.0,0.5833333333333334,439,9.67907199999995,0,14,0.0,0.8801564722616102,0,19.800000000000146
mas,231,0.9166666666666666,0.25,53761.33585168339,52800.0,291.73585168339264,0.0,585.5999999999985,84.0,0.5833333333333334,432,9.524735999999951,0,19,0.0,0.8865084495335827,0,14.950000000000077
mas,232,0.8333333333333334,0.75,55590.242308567926,53000.0,1679.4681729790623,169.17413558887142,657.5999999999923,84.0,0.5833333333333334,458,10.097983999999947,0,14,0.0,0.87955451769345,0,21.750000000000174
mas,233,0.75,1.25,47880.61240883673,45600.0,1600.7361610896037,24.276247747132672,631.5999999999942,24.0,0.16666666666666666,438,9.65702399999995,0,19,0.0,0.9129925389960801,0,21.40000000000017
mas,234,0.9166666666666666,0.4166666666666667,45858.8588280072,43200.0,1942.4588280072044,0.0,596.3999999999965,120.0,0.8333333333333334,432,9.524735999999951,0,14,0.0,0.8476880025339429,0,16.4500000000001
mas,235,0.9166666666666666,0.4166666666666667,48438.45279791577,46800.0,961.2527979157715,0.0,581.199999999996,96.0,0.6666666666666666,432,9.524735999999951,0,19,0.08333333333333333,0.9086858013231416,0,17.000000000000107
mas,236,0.9166666666666666,0.5833333333333334,46544.11131333033,45100.0,715.2816681335648,30.829645196766087,601.9999999999949,96.0,0.6666666666666666,439,9.67907199999995,0,14,0.08333333333333333,0.9169782627243177,0,17.450000000000113
mas,237,0.9166666666666666,0.4166666666666667,43581.188597250104,41100.0,1762.5003621084181,54.28823514169024,580.3999999999969,84.0,0.5833333333333334,439,9.67907199999995,0,19,0.0,0.8731834082957065,0,18.200000000000124
mas,238,0.8333333333333334,0.8333333333333334,55267.37043148105,52000.0,2478.170431481058,0.0,681.1999999999977,108.0,0.75,432,9.524735999999951,0,14,0.0,0.9352315813102877,0,15.600000000000087
mas,239,0.8333333333333334,0.6666666666666666,49829.18664176903,48000.0,1098.7866417690284,0.0,694.3999999999986,36.0,0.25,432,9.524735999999951,0,19,0.0,0.9252933791149589,0,16.6000000000001
mas,240,0.8333333333333334,0.5833333333333334,60988.87083607209,59500.0,720.5323827253686,25.13845334673003,647.199999999998,96.0,0.6666666666666666,432,9.524735999999951,0,14,0.0,0.9252018000034187,0,15.950000000000092
mas,241,0.8333333333333334,0.8333333333333334,51343.87493189715,48600.0,1949.4749318971594,0.0,722.3999999999965,72.0,0.5,432,9.524735999999951,0,14,0.0,0.8941514333783577,0,19.25000000000014
mas,242,0.75,1.1666666666666667,62961.752132713234,60300.0,1827.4936129475786,67.85851976566221,682.3999999999955,84.0,0.5833333333333334,439,9.67907199999995,0,19,0.08333333333333333,0.9071361946790898,0,17.600000000000115
mas,243,1.0,0.0,56471.356392219386,55800.0,0.0,34.95639221938494,540.399999999999,96.0,0.6666666666666666,439,9.67907199999995,0,14,0.0,0.9151089793325974,0,16.100000000000094
mas,244,0.8333333333333334,0.8333333333333334,43597.22860133773,42000.0,904.0286013377361,0.0,645.1999999999946,48.0,0.3333333333333333,439,9.67907199999995,0,18,0.0,0.9034409216337898,0,19.550000000000143
mas,245,1.0,0.0,50583.6,49800.0,0.0,0.0,651.5999999999968,132.0,0.9166666666666666,432,9.524735999999951,0,14,0.16666666666666666,0.8921304963551303,0,18.100000000000122
mas,246,0.9166666666666666,0.5833333333333334,50268.875226035234,48300.0,1218.5074921604507,49.56773387478099,604.7999999999968,96.0,0.6666666666666666,432,9.524735999999951,0,14,0.0,0.8613294236548017,0,16.850000000000104
mas,247,0.9166666666666666,0.4166666666666667,50623.42827780605,48600.0,1257.0282778060605,0.0,622.3999999999958,144.0,1.0,439,9.67907199999995,0,14,0.0,0.8920450825495672,0,19.30000000000014
mas,248,0.9166666666666666,0.5833333333333334,41143.16274822057,39600.0,834.3627482205793,0.0,672.7999999999984,36.0,0.25,432,9.524735999999951,0,14,0.0,0.8530113397107691,0,18.350000000000126
mas,249,0.9166666666666666,0.5833333333333334,44574.99779474661,41700.0,2134.8847112220847,65.71308352453084,578.399999999993,96.0,0.6666666666666666,439,9.67907199999995,0,19,0.0,0.8961518186609077,0,20.950000000000163
mas,250,0.9166666666666666,0.16666666666666666,53418.60203158181,52200.0,536.0040158029569,33.398015778852226,541.1999999999969,108.0,0.75,432,9.524735999999951,0,14,0.08333333333333333,0.8741029164757022,0,18.800000000000132
mas,251,0.6666666666666666,1.6666666666666667,48699.70136758845,43600.0,4242.9452270051015,65.15614058335362,707.5999999999934,84.0,0.5833333333333334,459,10.120031999999947,0,19,0.08333333333333333,0.9155710009149373,0,23.000000000000192
mas,252,1.0,0.0,56329.531688489,55700.0,0.0,83.93168848899661,473.5999999999958,72.0,0.5,446,9.833407999999949,0,14,0.0,0.8844866744217776,0,17.15000000000011
mas,253,0.75,1.8333333333333333,61462.417366471105,55800.0,4886.905549041061,92.71181743004877,562.7999999999956,120.0,0.8333333333333334,446,9.833407999999949,0,14,0.08333333333333333,0.9170098169992836,0,16.200000000000095
mas,254,0.9166666666666666,0.5833333333333334,50033.41643196571,48000.0,1401.0164319657108,0.0,584.3999999999967,48.0,0.3333333333333333,439,9.67907199999995,0,14,0.0,0.9260264062216383,0,16.5000000000001
mas,255,0.9166666666666666,0.4166666666666667,57507.726174044226,55800.0,1132.1261740442264,0.0,551.5999999999954,24.0,0.16666666666666666,439,9.67907199999995,0,14,0.08333333333333333,0.9154885705384976,0,19.150000000000137
mas,256,0.9166666666666666,0.4166666666666667,52447.33009465221,50400.0,1308.099813913843,32.430280738366,622.799999999996,84.0,0.5833333333333334,432,9.524735999999951,0,15,0.0,0.9228753548439942,0,15.950000000000092
mas,257,0.5833333333333334,2.5,74810.30485120507,63500.0,10354.479460034807,16.625391170272152,819.1999999999953,120.0,0.8333333333333334,438,9.65702399999995,0,19,0.08333333333333333,0.9030550318931018,0,18.350000000000126
mas,258,0.75,1.5833333333333333,55237.07562288225,51900.0,2565.249515850734,92.22610703152101,619.5999999999916,60.0,0.4166666666666667,452,9.965695999999948,0,12,0.08333333333333333,0.9168994189218342,0,22.650000000000187
mas,259,0.9166666666666666,0.5833333333333334,54164.938013680076,50700.0,2700.138013680077,0.0,668.7999999999986,96.0,0.6666666666666666,432,9.524735999999951,0,14,0.0,0.9254191777845678,0,16.200000000000095
mas,260,0.8333333333333334,0.5833333333333334,43307.727886326444,40200.0,2290.9278863264444,0.0,684.7999999999967,132.0,0.9166666666666666,432,9.524735999999951,0,14,0.0,0.899034341518736,0,18.65000000000013
mas,261,1.0,0.0,46901.6,46200.0,0.0,0.0,593.5999999999985,108.0,0.75,439,9.67907199999995,0,14,0.0,0.9400160002722507,0,15.300000000000082
mas,262,0.9166666666666666,0.4166666666666667,41300.44561608539,39000.0,1535.645616085395,0.0,704.7999999999972,60.0,0.4166666666666667,432,9.524735999999951,0,14,0.08333333333333333,0.9353151042670573,0,17.550000000000114
mas,263,0.6666666666666666,1.75,63619.54266020212,58600.0,4132.6310685018925,77.31159170023837,713.5999999999935,96.0,0.6666666666666666,439,9.67907199999995,0,14,0.0,0.886462940624482,0,19.700000000000145
mas,264,0.9166666666666666,0.5833333333333334,57095.863456922096,55200.0,1188.6634569220978,0.0,611.1999999999948,96.0,0.6666666666666666,439,9.67907199999995,0,14,0.16666666666666666,0.9035818479231384,0,19.550000000000143
mas,265,0.75,1.25,53066.65781935191,49300.0,2907.858372863253,78.7994464886657,731.9999999999958,48.0,0.3333333333333333,451,9.943647999999948,0,14,0.08333333333333333,0.8916148506297031,0,19.200000000000138
mas,266,0.5833333333333334,2.8333333333333335,58695.43268981437,48900.0,8843.358179132105,64.87451068226956,803.1999999999953,84.0,0.5833333333333334,445,9.811359999999949,0,14,0.0,0.8926943316572944,0,19.650000000000144
mas,267,0.9166666666666666,0.5833333333333334,45814.23297436519,43900.0,1262.5077810822695,116.92519328293811,474.79999999999063,60.0,0.4166666666666667,457,10.075935999999947,0,19,0.08333333333333333,0.7524857866414439,0,24.850000000000218
mas,268,0.75,1.4166666666666667,53680.45836789613,48400.0,4540.399364814254,126.45900308187066,553.599999999995,60.0,0.4166666666666667,465,10.252319999999946,0,13,0.16666666666666666,0.9019173072537513,0,18.65000000000013
mas,269,0.9166666666666666,0.5833333333333334,49065.751798940924,47400.0,975.7517989409336,0.0,641.9999999999962,48.0,0.3333333333333333,432,9.524735999999951,0,19,0.08333333333333333,0.84983244959479,0,19.45000000000014
mas,270,0.8333333333333334,1.0,53533.777221283715,50500.0,2334.0605110787633,27.316710204957065,588.3999999999942,84.0,0.5833333333333334,432,9.524735999999951,0,19,0.08333333333333333,0.8825668556125349,0,20.65000000000016
mas,271,0.75,1.4166666666666667,57034.53759864343,51500.0,4748.8527064903665,67.28489215306934,634.3999999999949,84.0,0.5833333333333334,451,9.943647999999948,0,20,0.0,0.9297420291472182,0,17.800000000000118
mas,272,1.0,0.0,46879.92095238856,46200.0,0.0,45.120952388566295,574.7999999999952,60.0,0.4166666666666667,452,9.965695999999948,0,19,0.0,0.8378405644443818,0,21.650000000000173
mas,273,1.0,0.0,38930.799999999996,38400.0,0.0,0.0,506.7999999999931,24.0,0.16666666666666666,439,9.67907199999995,0,14,0.0,0.8395921341640954,0,22.700000000000188
mas,274,0.75,1.25,49709.5402627124,45100.0,3800.172105799744,28.968156912659417,660.3999999999958,120.0,0.8333333333333334,465,10.252319999999946,0,14,0.0,0.8876858385523198,0,18.05000000000012
mas,275,1.0,0.0,41515.99999999999,40800.0,0.0,0.0,607.9999999999951,108.0,0.75,432,9.524735999999951,0,19,0.0,0.92992244286655,0,20.00000000000015
mas,276,0.9166666666666666,0.4166666666666667,38276.993949918506,36000.0,1586.5939499185108,0.0,618.3999999999958,72.0,0.5,432,9.524735999999951,0,14,0.0,0.8971536938206055,0,17.25000000000011
mas,277,0.9166666666666666,0.4166666666666667,55092.08390806058,54000.0,457.1399942107531,29.34391384982999,545.599999999996,60.0,0.4166666666666667,432,9.524735999999951,0,19,0.0,0.9071882800617462,0,17.050000000000107
mas,278,0.9166666666666666,0.5833333333333334,48070.02315068022,46500.0,845.2966259147929,73.12652476544001,567.5999999999949,84.0,0.5833333333333334,446,9.833407999999949,0,15,0.0,0.9137280707704292,0,18.55000000000013
mas,279,1.0,0.0,47112.799999999996,46500.0,0.0,0.0,492.7999999999958,120.0,0.8333333333333334,459,10.120031999999947,0,14,0.0,0.8961750643618225,0,18.75000000000013
mas,280,0.9166666666666666,0.5833333333333334,55104.78763184757,53800.0,671.9876318475693,0.0,584.7999999999945,48.0,0.3333333333333333,446,9.833407999999949,0,18,0.0,0.9106790317466513,0,19.25000000000014
mas,281,0.9166666666666666,0.5833333333333334,50376.32316668558,48900.0,649.0021056127409,105.72106107283452,625.5999999999952,96.0,0.6666666666666666,465,10.252319999999946,0,19,0.16666666666666666,0.8624894126496968,0,20.00000000000015
mas,282,0.8333333333333334,0.8333333333333334,50422.734223388135,48000.0,1670.3342233881372,0.0,680.3999999999978,72.0,0.5,432,9.524735999999951,0,14,0.0,0.87275450190097,0,18.950000000000134
mas,283,0.8333333333333334,1.1666666666666667,42204.20314631649,39000.0,2477.791702551536,67.21144376496024,599.1999999999944,60.0,0.4166666666666667,439,9.67907199999995,0,18,0.0,0.9235104605037173,0,17.650000000000116
mas,284,0.8333333333333334,0.5,54556.49243419611,52700.0,1048.8955386217926,31.99689557432285,679.5999999999933,96.0,0.6666666666666666,439,9.67907199999995,0,14,0.08333333333333333,0.9059194942259525,0,19.650000000000144
mas,285,0.9166666666666666,0.4166666666666667,34181.61991284893,32400.0,1072.6005022588124,81.01941059012717,567.9999999999936,60.0,0.4166666666666667,432,9.524735999999951,0,14,0.0,0.8620888129685422,0,20.350000000000154
mas,286,0.8333333333333334,0.8333333333333334,54416.71476198687,52400.0,1313.684361994418,27.030399992460733,627.9999999999943,48.0,0.3333333333333333,432,9.524735999999951,0,14,0.0,0.9085107459551541,0,18.70000000000013
mas,287,1.0,0.0,52940.399999999994,52200.0,0.0,0.0,668.3999999999942,72.0,0.5,432,9.524735999999951,0,14,0.08333333333333333,0.8460004015298136,0,20.05000000000015
mas,288,0.8333333333333334,0.5833333333333334,43877.8818630525,40700.0,2385.7747829910913,34.107080061410116,685.9999999999952,72.0,0.5,458,10.097983999999947,0,14,0.0,0.874193822711483,0,21.800000000000175
mas,289,0.9166666666666666,0.4166666666666667,50746.29231843537,48100.0,1847.9120070593326,234.78031137604904,491.59999999999354,72.0,0.5,464,10.230271999999946,0,13,0.08333333333333333,0.8939488812785958,0,22.650000000000187
mas,290,0.9166666666666666,0.16666666666666666,49351.73610703143,48600.0,187.73610703143612,0.0,503.99999999999363,60.0,0.4166666666666667,446,9.833407999999949,0,19,0.0,0.873147479617362,0,23.350000000000197
mas,291,0.9166666666666666,0.4166666666666667,39518.42844081429,38400.0,496.82844081429675,0.0,549.5999999999973,72.0,0.5,432,9.524735999999951,0,14,0.0,0.9337840138121272,0,15.750000000000089
mas,292,0.9166666666666666,0.5833333333333334,55340.38188116451,53700.0,958.5961349896469,25.7857461748621,571.9999999999969,84.0,0.5833333333333334,432,9.524735999999951,0,14,0.0,0.8929961317977089,0,18.200000000000124
mas,293,0.9166666666666666,0.4166666666666667,43705.83686058755,41400.0,1512.1367189346934,25.700141652862193,671.9999999999959,96.0,0.6666666666666666,432,9.524735999999951,0,14,0.0,0.9214699314657816,0,17.30000000000011
mas,294,0.8333333333333334,0.8333333333333334,47535.9274719217,45300.0,1562.327471921703,0.0,637.5999999999975,36.0,0.25,432,9.524735999999951,0,19,0.0,0.8927999533221017,0,17.85000000000012
mas,295,0.8333333333333334,0.5,46140.01641233603,43300.0,2080.4164123360297,0.0,687.5999999999955,72.0,0.5,439,9.67907199999995,0,19,0.08333333333333333,0.8845207261889317,0,17.25000000000011
mas,296,0.8333333333333334,1.0,57907.02270614682,54000.0,3164.2227061468193,0.0,634.7999999999976,108.0,0.75,439,9.67907199999995,0,19,0.0,0.811873569471458,0,19.150000000000137
mas,297,1.0,0.0,52504.78308959963,51900.0,0.0,58.383089599634765,414.3999999999965,132.0,0.9166666666666666,439,9.67907199999995,0,20,0.0,0.8466928118109472,0,16.5000000000001
mas,298,0.8333333333333334,0.5,52343.91463023982,49000.0,2536.7917107742433,61.1229194655908,637.9999999999953,108.0,0.75,439,9.67907199999995,0,19,0.0,0.8624814999313223,0,19.150000000000137
mas,299,0.8333333333333334,1.1666666666666667,67218.11487406472,57000.0,9500.158295260537,31.156578804170106,602.7999999999967,84.0,0.5833333333333334,439,9.67907199999995,0,14,0.16666666666666666,0.9228073563118774,0,17.100000000000108
